,No.,Ticker,Market Cap,Dividend,ROA,ROE,ROI,Curr R,Quick R,LTDebt/Eq,Debt/Eq,Gross M,Oper M,Profit M,Earnings,Price,Change,Volume
0,1,A,35.81B,0.74%,12.60%,24.80%,16.90%,2.40,1.70,0.47,0.47,54.60%,24.00%,19.20%,May 23/a,121.13,-0.08%,3939930
1,2,AAL,10.87B,-,-,-,5.20%,0.70,0.60,-,-,59.10%,-,-,Apr 27/b,16.48,-1.02%,22625167
2,3,AAPL,2925.70B,0.52%,27.60%,165.70%,58.30%,0.90,0.90,1.56,1.76,43.20%,29.20%,24.50%,May 04/a,184.92,-0.59%,95747006
3,4,ABBV,239.75B,4.27%,5.40%,49.30%,20.50%,1.00,0.80,4.47,4.68,71.00%,28.50%,13.30%,Apr 27/b,138.64,2.02%,14593437
4,5,ABC,36.83B,1.06%,2.80%,-,34.50%,0.90,0.50,16.57,17.51,3.40%,0.90%,0.70%,May 02/b,183.01,0.62%,2000327
5,6,ABEV,49.75B,4.66%,10.70%,17.20%,23.20%,1.00,0.60,0.03,0.04,49.70%,24.40%,18.00%,-,3.09,-1.28%,20356797
6,7,ABNB,81.75B,-,11.40%,37.50%,22.60%,1.50,1.50,0.38,0.38,69.50%,20.70%,23.30%,May 09/a,128.68,0.65%,6883826
7,8,ABT,182.62B,1.92%,7.90%,15.90%,13.00%,1.70,1.20,0.39,0.46,55.50%,16.80%,14.00%,Apr 19/b,106.2,1.12%,10012623
8,9,ACGL,26.13B,-,4.10%,16.40%,8.90%,-,-,0.21,0.21,-,18.40%,18.30%,Apr 26/a,71.16,1.44%,3296161
9,10,ACGLN,26.50B,5.79%,-,-,-,-,-,-,-,-,-,-,-,19.63,-0.10%,28769
10,11,ACI,12.19B,2.25%,4.30%,44.50%,17.90%,0.70,0.20,4.86,5.53,28.00%,3.00%,1.60%,Apr 11/b,21.37,0.61%,13976210
11,12,ACM,12.00B,0.83%,3.30%,14.80%,10.90%,1.10,1.10,0.83,0.85,6.50%,5.30%,2.70%,May 08/a,86.67,0.42%,2080228
12,13,ACN,204.47B,1.40%,14.70%,30.80%,31.90%,1.30,1.30,0.00,0.00,32.10%,14.70%,11.00%,Jun 22/b,319.54,-1.31%,5259178
13,14,ADBE,225.18B,-,17.80%,33.60%,26.70%,1.10,1.10,0.26,0.26,87.80%,33.10%,25.80%,Jun 15/a,495.18,0.87%,13324076
14,15,ADI,95.10B,1.83%,7.20%,10.00%,6.80%,1.80,1.20,0.18,0.19,65.70%,33.10%,28.20%,May 24/b,188.36,-0.69%,6886920
15,16,ADM,40.61B,2.38%,7.50%,18.30%,9.80%,1.50,0.90,0.31,0.42,7.60%,4.20%,4.40%,Apr 25/b,75.48,1.23%,5522403
16,17,ADP,91.29B,2.26%,5.80%,104.50%,47.10%,1.00,1.00,0.81,0.81,44.40%,24.20%,18.50%,Apr 26/b,221.32,0.16%,3335514
17,18,ADSK,47.32B,-,9.50%,90.90%,25.30%,0.70,0.70,2.54,0.00,90.40%,19.40%,16.40%,May 25/a,213.5,-3.58%,3287110
18,19,AEE,22.05B,3.00%,2.90%,10.50%,5.20%,0.70,0.50,1.34,1.46,70.10%,18.90%,13.30%,May 05/b,84.08,0.13%,2812984
19,20,AEG,10.29B,6.99%,-0.60%,-14.40%,-,-,-,0.48,0.48,-,-,-,-,4.79,-2.44%,1361677
20,21,AEM,24.80B,3.14%,9.50%,13.90%,4.70%,2.30,1.10,0.12,0.13,56.20%,26.20%,40.10%,Apr 27/a,51.0,1.15%,3136496
21,22,AEP,43.70B,3.91%,2.20%,8.30%,5.40%,0.60,0.50,1.52,1.80,63.00%,16.20%,10.10%,May 04/b,84.93,0.06%,5314597
22,23,AER,14.63B,-,2.40%,10.90%,0.90%,-,-,2.89,2.89,87.60%,45.50%,25.20%,May 02/b,61.2,-0.67%,1192506
23,24,AES,14.38B,3.11%,-1.30%,-26.00%,2.20%,1.10,1.00,14.83,16.29,20.10%,6.60%,-3.90%,May 05/b,21.34,-0.70%,12276062
24,25,AESC,14.28B,8.28%,-,-,-,-,-,-,-,-,-,-,-,83.04,-0.29%,49825
25,26,AFL,42.15B,2.42%,3.30%,19.30%,16.10%,-,-,0.37,0.37,-,25.60%,22.90%,Apr 26/a,69.43,-0.47%,5584958
26,27,AGR,14.98B,4.55%,1.70%,3.50%,2.90%,0.70,0.60,0.42,0.51,67.40%,9.90%,8.20%,Apr 25/a,38.66,-0.18%,893338
27,28,AIG,40.98B,2.51%,1.10%,14.40%,17.80%,-,-,0.56,0.61,-,18.30%,11.70%,May 04/a,57.3,1.20%,10315800
28,29,AJG,45.76B,1.03%,2.90%,12.80%,9.20%,1.10,1.10,0.61,0.70,44.90%,18.80%,13.20%,Apr 27/a,213.78,0.07%,1553878
29,30,AKAM,14.01B,-,6.10%,11.80%,8.30%,2.00,2.00,0.55,0.00,61.10%,17.40%,13.80%,May 09/a,91.5,-0.62%,3710643
30,31,ALB,27.10B,0.70%,24.80%,49.00%,18.60%,1.90,1.00,0.35,0.35,44.50%,37.10%,41.90%,May 03/a,228.17,-1.19%,2347804
31,32,ALC,39.97B,-,-,-,-,-,-,-,-,-,-,-,May 09/a,81.27,0.47%,929124
32,33,ALGN,25.50B,-,5.30%,8.80%,11.20%,1.20,1.00,0.00,0.00,69.80%,15.60%,8.50%,Apr 26/a,330.29,-0.87%,1257852
33,34,ALL,29.06B,3.20%,-2.40%,-14.70%,-5.80%,-,-,0.54,0.54,-,-5.80%,-4.50%,May 03/a,111.17,0.57%,3777524
34,35,ALLE,10.46B,1.52%,12.40%,55.00%,17.20%,1.90,1.20,2.02,2.04,41.00%,18.20%,14.10%,Apr 26/b,118.43,-0.43%,2881474
35,36,ALNY,25.20B,-,-30.90%,-,-100.80%,3.80,3.60,-,-,83.60%,-75.60%,-93.10%,May 04/b,201.57,-0.38%,847459
36,37,AMAT,117.66B,0.92%,23.60%,50.10%,38.00%,2.30,1.50,0.39,0.41,46.30%,29.30%,24.40%,May 18/a,138.93,-0.84%,8842976
37,38,AMCR,15.13B,4.73%,5.60%,23.40%,8.90%,1.30,0.70,1.60,1.65,18.70%,9.60%,6.50%,May 02/a,10.35,0.68%,19427395
38,39,AMD,200.07B,-,0.60%,0.70%,2.40%,2.40,1.70,0.05,0.00,44.00%,0.80%,1.70%,May 02/a,120.08,-3.35%,81648013
39,40,AME,36.11B,0.64%,9.70%,16.30%,12.50%,1.80,1.10,0.28,0.29,35.10%,24.70%,19.00%,May 02/b,155.91,-0.50%,1748880
40,41,AMGN,122.06B,3.71%,11.40%,210.00%,20.60%,3.10,2.80,11.36,11.52,75.10%,35.00%,30.20%,Apr 27/a,229.66,0.53%,6760699
41,42,AMH,12.78B,2.49%,2.60%,4.80%,1.50%,-,-,0.64,0.64,55.40%,11.10%,20.30%,May 04/a,35.4,0.28%,4753384
42,43,AMP,33.92B,1.66%,1.40%,57.10%,6.90%,-,-,1.43,9.67,50.60%,23.90%,15.20%,Apr 24/a,325.0,-0.18%,936930
43,44,AMT,90.54B,3.26%,2.10%,23.00%,5.30%,0.50,0.50,6.42,7.13,69.80%,22.20%,12.80%,Apr 26/b,192.89,-0.71%,3281162
44,45,AMX,70.29B,2.89%,-,-,12.30%,0.70,0.60,1.26,1.84,42.60%,-,-,-,22.02,-0.90%,1114980
45,46,AMZN,1304.19B,-,1.00%,3.00%,6.60%,0.90,0.70,0.55,0.56,44.70%,2.50%,0.80%,Apr 27/a,125.49,-1.27%,83469181
46,47,ANET,50.39B,-,23.10%,32.60%,26.60%,4.00,2.70,0.00,0.00,60.30%,35.70%,31.20%,May 01/a,157.79,-3.47%,4497419
47,48,ANSS,29.19B,-,8.70%,11.90%,9.60%,2.10,2.10,0.16,0.00,88.20%,29.70%,25.70%,May 03/a,334.37,-0.72%,886679
48,49,AON,67.62B,0.75%,7.90%,-,31.20%,1.10,1.10,-,-,-,30.00%,20.60%,Apr 28/b,329.38,-0.51%,1463286
49,50,AOS,10.61B,1.69%,7.30%,13.70%,11.30%,1.80,1.30,0.18,0.19,36.40%,6.40%,6.50%,Apr 27/b,71.0,0.69%,1763806
50,51,APA,10.70B,2.91%,15.40%,396.50%,76.90%,1.10,0.90,13.05,13.06,70.60%,44.50%,19.50%,May 03/a,34.38,-0.84%,9091358
51,52,APD,64.59B,2.39%,7.70%,15.90%,8.80%,2.00,1.80,0.64,0.65,27.50%,18.00%,16.60%,May 09/b,293.17,0.83%,1809753
52,53,APH,48.74B,1.02%,12.60%,28.00%,17.60%,2.60,1.80,0.62,0.62,32.00%,20.50%,15.20%,Apr 26/b,82.15,0.34%,3715840
53,54,APLS,10.43B,-,-76.50%,-225.90%,-103.40%,6.90,6.30,1.01,1.08,88.50%,-,-,May 04/a,89.27,-0.37%,2001521
54,55,APO,43.91B,2.11%,-0.50%,-32.80%,-36.70%,-,-,0.81,0.81,-,-14.00%,-10.50%,May 09/b,77.08,-0.40%,4105090
55,56,APTV,27.40B,-,2.90%,7.10%,7.10%,1.70,1.20,0.72,0.73,15.50%,7.00%,3.30%,May 04/b,101.44,0.16%,3239850
56,57,ARCC,10.17B,10.28%,-,-,-,-,-,-,-,-,-,-,Apr 25/b,18.68,0.16%,8978360
57,58,ARE,20.96B,4.30%,-,-,1.90%,-,-,0.61,0.61,69.80%,-,-,Apr 24/a,115.45,-4.70%,2916077
58,59,ARES,28.48B,3.26%,0.90%,12.50%,1.60%,-,-,8.02,8.02,-,12.30%,6.30%,Apr 28/b,94.43,-0.88%,1798428
59,60,ARGX,21.99B,-,-17.30%,-19.10%,-24.80%,9.20,8.40,0.00,0.00,92.40%,-,-88.60%,May 04/b,399.94,0.99%,187463
60,61,ARMK,10.48B,1.09%,1.60%,8.00%,5.40%,1.20,1.00,2.48,2.52,9.40%,4.10%,1.40%,May 09/b,40.53,0.77%,3285311
61,62,ASML,297.31B,1.38%,20.20%,80.50%,42.30%,1.20,0.80,0.36,0.00,50.80%,32.50%,28.20%,Apr 19/b,721.88,-2.28%,1336013
62,63,ASX,18.00B,6.46%,7.80%,19.60%,12.90%,1.20,0.80,0.49,0.66,19.10%,10.90%,8.40%,Apr 27/b,8.85,-1.01%,6981151
63,64,ATO,16.98B,2.53%,3.70%,8.60%,4.80%,1.00,0.80,0.64,0.64,59.60%,22.00%,18.20%,May 03/a,117.0,-0.42%,1510044
64,65,ATVI,64.03B,0.57%,7.10%,9.70%,6.30%,5.20,5.20,0.18,0.18,70.40%,24.50%,22.80%,Apr 27/a,81.97,0.64%,12232423
65,66,AU,10.37B,1.93%,3.70%,7.30%,5.50%,2.50,1.60,0.50,0.53,25.30%,11.50%,6.60%,-,24.16,-1.63%,4446923
66,67,AVB,27.05B,3.43%,-,-,2.70%,-,-,0.72,0.72,64.70%,-,-,Apr 26/a,192.45,1.01%,1635482
67,68,AVGO,364.58B,2.12%,18.80%,61.00%,21.40%,2.40,2.10,1.74,1.79,67.70%,45.20%,38.70%,Jun 01/a,868.11,-1.73%,6824997
68,69,AVTR,13.43B,-,4.60%,12.90%,8.60%,1.60,1.00,1.15,1.21,34.60%,14.20%,8.30%,Apr 28/b,19.95,0.25%,8557076
69,70,AVY,13.65B,1.89%,8.40%,33.90%,14.60%,1.10,0.70,1.42,1.74,26.30%,10.10%,7.80%,Apr 26/b,171.09,1.19%,921733
70,71,AWK,28.82B,1.90%,3.00%,10.20%,5.50%,0.70,0.70,1.10,1.17,-,34.50%,21.40%,Apr 26/a,148.98,0.60%,2040747
71,72,AXON,14.93B,-,5.60%,10.80%,2.30%,3.30,3.00,0.48,0.48,60.90%,7.30%,10.80%,May 09/a,202.36,0.13%,3199447
72,73,AXP,129.18B,1.39%,3.20%,29.30%,4.20%,-,-,1.58,6.30,64.80%,15.60%,12.40%,Apr 20/b,172.21,-0.92%,4613584
73,74,AZN,229.31B,1.93%,4.90%,13.10%,6.90%,0.90,0.70,0.77,0.88,80.60%,12.40%,10.70%,Apr 27/b,75.22,0.80%,4899807
74,75,AZO,45.34B,-,16.00%,-62.40%,90.60%,0.80,0.10,-,-,51.60%,19.60%,14.50%,May 23/b,2493.83,-0.14%,417251
75,76,AZPN,10.82B,-,-0.50%,-0.60%,0.40%,2.50,2.50,0.00,0.00,63.70%,-15.60%,-8.10%,Apr 26/a,167.33,0.31%,488136
76,77,BA,132.00B,-,-3.00%,25.80%,-8.70%,1.20,0.30,-,-,7.20%,-3.60%,-5.90%,Apr 26/b,219.99,0.26%,7771621
77,78,BABA,238.57B,-,4.20%,7.50%,7.40%,1.80,1.80,0.15,0.16,36.70%,11.60%,8.30%,May 18/b,92.1,-0.11%,24987197
78,79,BAC,234.05B,3.01%,0.90%,11.10%,6.30%,-,-,1.08,2.60,-,58.80%,30.60%,Apr 18/b,29.19,-0.61%,51849290
79,80,BAH,14.05B,1.73%,4.30%,23.90%,10.20%,1.20,1.20,2.79,2.83,53.50%,5.20%,2.90%,May 26/b,108.61,1.15%,1171995
80,81,BALL,17.14B,1.37%,2.20%,12.80%,8.40%,0.80,0.50,2.01,2.66,16.70%,6.00%,3.00%,May 04/b,58.43,7.23%,11536699
81,82,BAM,13.96B,3.85%,9.90%,24.80%,17.10%,-,-,0.01,0.00,-,63.80%,53.10%,May 10/b,33.26,-1.77%,2063425
82,83,BAP,14.01B,4.55%,2.00%,17.30%,13.80%,-,-,0.80,0.80,-,60.40%,30.00%,May 05/a,149.29,0.60%,610284
83,84,BATRA,30.69B,-,-5.30%,-26.60%,-4.30%,0.90,0.90,2.02,2.35,-,-6.20%,-13.60%,May 05/b,41.33,-0.12%,184625
84,85,BATRK,30.28B,-,-,-,-,-,-,-,-,-,-,-,May 05/b,39.73,-0.95%,250946
85,86,BAX,22.49B,2.56%,-8.50%,-37.70%,-9.60%,1.70,1.10,2.60,2.79,36.00%,-13.80%,-16.30%,Apr 27/b,45.36,2.02%,7916070
86,87,BBD,34.76B,5.61%,-,-,-,-,-,-,-,-,-,-,-,3.51,-0.28%,21857921
87,88,BBVA,43.97B,9.45%,0.90%,13.50%,11.90%,-,-,1.17,1.17,-,47.70%,17.70%,Apr 28/b,7.45,0.81%,1079221
88,89,BBY,17.23B,4.61%,8.40%,46.10%,35.90%,1.00,0.30,0.41,0.42,21.50%,3.60%,2.90%,May 25/b,79.79,1.03%,6434063
89,90,BCE,41.39B,6.36%,3.70%,13.70%,8.20%,0.60,0.50,1.52,1.87,67.70%,20.30%,10.50%,May 04/b,45.7,0.64%,1814152
90,91,BCH,10.73B,16.81%,2.50%,29.60%,8.00%,-,-,2.14,3.48,-,40.30%,30.10%,-,21.25,0.24%,440888
91,92,BCS,30.29B,7.06%,0.40%,8.50%,2.60%,-,-,1.82,1.82,-,-,-,Apr 27/b,7.93,0.13%,8804747
92,93,BDX,72.75B,1.41%,2.90%,6.00%,5.20%,1.30,0.80,0.62,0.71,45.30%,11.80%,8.10%,May 04/b,258.63,0.96%,1481696
93,94,BEKE,20.09B,-,1.80%,2.90%,-4.50%,2.00,2.00,0.00,0.01,26.20%,3.70%,2.90%,May 18/b,16.98,-0.59%,7937395
94,95,BEN,13.67B,4.45%,2.80%,7.00%,6.80%,-,-,0.89,0.89,-,15.30%,10.30%,May 01/b,26.97,-1.21%,3236943
95,96,BF-A,31.60B,1.23%,-,-,-,-,-,-,-,-,-,-,Jun 07/b,66.91,-0.93%,351009
96,97,BF-B,31.64B,1.26%,12.90%,30.50%,18.50%,2.00,0.90,0.67,1.00,59.00%,29.50%,21.00%,Jun 07/b,65.4,0.31%,2667339
97,98,BG,14.19B,2.75%,6.00%,17.00%,13.90%,1.80,1.00,0.43,0.57,5.60%,3.40%,2.30%,May 03/b,96.43,2.37%,2803253
98,99,BGNE,19.63B,-,-,-,-37.20%,3.70,3.50,0.05,0.12,80.50%,-,-,May 04/b,200.21,-0.41%,550005
99,100,BHP,159.16B,8.39%,28.10%,58.90%,38.10%,1.70,1.30,0.30,0.35,-,49.90%,46.30%,-,63.17,-1.27%,2867132
100,101,BIDU,51.99B,-,3.50%,6.20%,3.40%,2.90,2.90,0.28,0.38,49.70%,14.50%,10.80%,May 16/b,145.11,-2.42%,2842350
101,102,BIIB,43.11B,-,12.60%,24.20%,9.80%,3.20,2.80,0.46,0.00,78.40%,24.40%,31.00%,Apr 25/b,297.48,-0.12%,1914252
102,103,BILL,12.17B,-,-3.10%,-7.20%,-5.40%,1.90,1.90,0.45,0.45,76.10%,-35.10%,-30.40%,May 04/a,111.26,-2.80%,2161262
103,104,BIO,11.18B,-,-1.50%,-2.10%,14.30%,5.60,4.30,0.12,0.12,55.00%,14.00%,-6.80%,May 04/a,376.56,-0.66%,513109
104,105,BIP,16.79B,4.32%,0.10%,0.80%,7.00%,-,-,5.51,0.00,36.90%,-,0.40%,May 03/b,35.41,-3.30%,499307
105,106,BK,35.41B,3.31%,0.60%,7.20%,4.00%,-,-,0.92,0.92,-,37.60%,25.00%,Apr 18/b,44.65,-0.49%,12628224
106,107,BKNG,98.67B,-,16.60%,139.60%,27.70%,1.60,1.60,10.50,11.29,-,29.60%,22.10%,May 04/a,2640.99,-1.15%,828632
107,108,BKR,30.61B,2.49%,-0.30%,-0.70%,0.60%,1.30,0.90,0.41,0.45,21.00%,4.10%,-0.40%,Apr 19/b,30.57,1.09%,12498282
108,109,BLDR,15.77B,-,21.90%,48.90%,37.10%,1.80,1.10,0.69,0.69,34.80%,16.10%,11.70%,May 03/b,121.41,-1.30%,7814256
109,110,BLK,106.51B,2.85%,4.10%,13.10%,11.50%,-,-,0.18,0.00,80.90%,34.80%,28.10%,Apr 14/b,702.78,-1.18%,1280969
110,111,BMO,63.96B,4.80%,0.60%,9.90%,4.50%,-,-,0.40,2.53,-,36.80%,16.60%,May 24/b,90.21,0.55%,489824
111,112,BMRN,17.99B,-,1.10%,1.60%,2.50%,4.80,3.20,0.23,0.00,77.30%,3.30%,3.30%,Apr 26/a,96.29,0.47%,1423791
112,113,BMY,135.86B,3.45%,7.50%,22.80%,11.80%,1.40,1.30,1.10,1.19,77.80%,22.70%,15.90%,Apr 27/b,66.16,2.30%,19344176
113,114,BN,54.79B,0.83%,0.20%,1.60%,2.00%,-,-,5.55,5.58,15.40%,3.90%,0.70%,May 11/b,33.54,0.27%,2642681
114,115,BNS,60.11B,6.22%,0.60%,12.20%,18.20%,-,-,0.13,0.13,-,34.10%,17.30%,May 24/b,50.16,-0.59%,1147773
115,116,BNTX,27.23B,-,28.00%,33.00%,45.00%,13.00,12.70,0.01,0.01,85.30%,70.00%,51.10%,May 08/b,112.55,-0.40%,663599
116,117,BP,102.73B,4.49%,9.10%,39.50%,-0.40%,1.20,0.90,0.73,0.80,30.30%,18.00%,10.50%,May 02/b,35.35,-0.08%,6858310
117,118,BR,18.84B,1.80%,6.80%,29.20%,11.00%,1.30,1.30,2.04,2.04,28.30%,13.90%,9.30%,May 02/b,160.8,0.69%,1159028
118,119,BRK-A,745.30B,-,0.80%,1.50%,7.40%,-,-,0.24,0.25,21.00%,11.50%,2.30%,-,514000.0,-0.46%,6534
119,120,BRK-B,739.57B,-,-,-,-,-,-,-,-,-,-,-,May 08/b,338.31,-0.44%,8461113
120,121,BRKR,11.05B,0.26%,8.80%,29.70%,13.60%,2.00,1.20,0.94,1.04,51.90%,17.20%,11.90%,May 04/b,75.48,0.19%,1553683
121,122,BRO,18.73B,0.69%,5.10%,15.00%,9.50%,1.10,1.10,0.76,0.81,-,28.10%,17.80%,Apr 24/a,66.25,0.30%,1946063
122,123,BSBR,23.84B,5.35%,1.40%,12.30%,7.40%,-,-,1.24,1.24,-,15.50%,11.20%,-,6.39,-0.16%,989826
123,124,BSX,77.61B,-,2.60%,4.80%,3.80%,1.40,0.90,0.48,0.50,69.20%,13.30%,6.50%,Apr 26/b,54.32,0.63%,13015827
124,125,BSY,15.85B,0.38%,5.20%,29.70%,8.00%,0.60,0.60,2.72,2.73,78.20%,19.10%,14.40%,May 09/b,53.29,-1.35%,1724131
125,126,BTI,73.01B,8.32%,4.60%,9.60%,6.80%,0.90,0.50,0.51,0.57,83.50%,38.10%,24.10%,-,32.82,-0.15%,4818460
126,127,BTO,46.60B,0.76%,7.10%,8.70%,8.40%,4.00,2.70,0.01,0.02,36.80%,30.40%,14.00%,Apr 11/a,27.86,1.90%,143247
127,128,BUD,99.87B,1.41%,3.50%,10.60%,8.40%,0.70,0.50,1.07,1.09,54.30%,25.70%,12.80%,May 04/b,58.21,-0.61%,3547631
128,129,BWA,11.32B,1.40%,5.80%,13.60%,9.40%,1.60,1.20,0.56,0.57,19.30%,8.50%,6.00%,May 04/b,48.6,0.66%,4733941
129,130,BX,112.79B,4.28%,1.50%,8.00%,15.40%,-,-,1.74,1.74,-,17.30%,12.90%,Apr 20/b,91.13,-1.64%,5652892
130,131,C,94.53B,4.23%,0.60%,7.70%,8.90%,-,-,1.45,1.45,-,49.60%,15.40%,Jul 14/b,48.19,-0.76%,18204030
131,132,CAG,16.59B,3.81%,3.60%,9.20%,6.30%,1.00,0.30,0.91,1.04,26.20%,10.40%,6.60%,Jul 13/b,34.64,-0.43%,4595105
132,133,CAH,22.70B,2.19%,1.10%,-26.80%,-16.70%,1.00,0.50,-,-,3.40%,0.30%,0.20%,May 04/b,91.25,2.34%,5132748
133,134,CARR,38.85B,1.58%,10.00%,34.00%,22.90%,1.70,1.20,1.07,1.09,26.40%,15.80%,12.00%,Apr 27/b,46.88,0.73%,9582853
134,135,CAT,127.64B,2.12%,8.70%,43.50%,11.00%,1.40,0.90,1.37,2.04,32.50%,14.20%,11.50%,Apr 27/b,245.27,-0.97%,5209376
135,136,CB,79.21B,1.76%,2.60%,10.30%,9.00%,-,-,0.28,0.28,-,16.10%,11.70%,Apr 25/a,194.94,1.92%,3376661
136,137,CBOE,14.58B,1.46%,4.00%,8.80%,5.60%,1.10,1.10,0.41,0.49,45.20%,12.50%,7.50%,May 05/b,137.36,-0.52%,1108959
137,138,CBRE,24.45B,-,5.50%,14.20%,12.60%,1.00,1.00,0.15,0.46,20.70%,3.80%,3.70%,Apr 27/b,77.81,-1.09%,3406437
138,139,CCEP,30.11B,3.73%,-,-,8.50%,0.90,0.70,1.42,1.60,36.00%,-,-,-,65.35,-0.41%,1962455
139,140,CCI,50.69B,5.46%,4.30%,22.10%,8.20%,0.50,0.50,2.98,3.09,70.40%,34.70%,23.80%,Apr 19/a,114.61,-1.95%,3981529
140,141,CCJ,13.70B,0.28%,2.10%,3.10%,0.60%,7.70,6.60,0.17,0.17,16.30%,5.80%,7.80%,Apr 28/b,31.76,0.38%,4296991
141,142,CCK,10.42B,1.08%,4.30%,33.70%,12.20%,1.30,0.70,3.47,3.61,17.60%,9.80%,4.80%,Apr 24/a,88.81,2.37%,20478600
142,143,CCL,20.03B,-,-9.40%,-65.50%,-10.60%,0.60,0.60,5.30,5.70,36.80%,-20.40%,-32.70%,Jun 26/b,15.8,-1.99%,50985481
143,144,CDAY,10.51B,-,-0.40%,-1.70%,-2.20%,1.10,1.10,0.55,0.56,40.10%,-0.80%,-2.70%,May 03/a,67.08,-1.06%,2256607
144,145,CDNS,64.84B,-,17.40%,31.10%,25.10%,1.40,1.30,0.22,0.23,89.20%,29.30%,23.20%,Apr 24/a,235.84,-0.81%,5005890
145,146,CDW,24.02B,1.32%,8.30%,78.10%,18.10%,1.30,1.20,3.66,3.69,20.40%,7.40%,4.80%,May 03/b,178.15,-0.03%,1527771
146,147,CE,12.71B,2.46%,6.90%,28.10%,9.20%,1.70,1.00,2.37,2.61,22.70%,11.00%,14.80%,May 09/a,114.0,-2.40%,2258082
147,148,CEG,30.32B,1.21%,-0.40%,-1.60%,5.30%,1.40,1.10,0.54,0.62,25.60%,0.30%,-0.60%,May 04/b,92.89,-0.61%,4961890
148,149,CELH,11.11B,-,-16.30%,-162.70%,-476.30%,5.20,4.40,0.00,0.00,42.40%,-15.80%,-21.90%,May 09/a,144.44,-0.21%,861068
149,150,CF,13.66B,2.24%,22.60%,61.90%,52.80%,4.50,4.00,0.54,0.00,48.70%,44.10%,29.30%,May 01/a,71.27,1.70%,5873223
150,151,CFG,13.40B,6.16%,0.90%,9.40%,17.10%,-,-,0.32,0.36,-,71.10%,24.90%,Apr 19/b,27.26,-1.55%,11758540
151,152,CFLT,10.21B,-,-21.20%,-63.60%,-25.30%,5.30,5.30,1.46,1.46,66.10%,-81.60%,-77.60%,May 03/a,34.69,0.58%,7960687
152,153,CG,11.45B,4.46%,3.50%,12.30%,9.20%,-,-,1.35,1.35,84.40%,27.70%,20.30%,May 04/b,31.38,-0.73%,3510520
153,154,CHD,23.41B,1.13%,5.00%,11.50%,7.90%,1.20,0.60,0.65,0.66,42.10%,11.10%,7.50%,Apr 27/b,96.16,0.33%,1825099
154,155,CHDN,10.21B,0.26%,10.20%,89.50%,3.00%,0.50,0.50,6.18,6.28,32.80%,25.30%,27.60%,Apr 26/a,136.39,-0.95%,642757
155,156,CHK,10.91B,9.65%,48.40%,89.00%,41.40%,1.40,1.40,0.20,0.20,86.80%,46.20%,50.80%,May 02/a,82.36,1.02%,1056924
156,157,CHKP,15.75B,-,14.50%,27.70%,25.70%,1.20,1.20,0.00,0.00,87.20%,37.60%,34.50%,May 01/b,130.91,0.35%,1587270
157,158,CHRW,11.11B,2.58%,12.20%,48.60%,30.30%,1.10,1.10,0.67,1.41,15.00%,4.80%,3.50%,Apr 26/a,94.62,-0.78%,1840603
158,159,CHT,31.75B,3.74%,-,-,-,-,-,-,-,-,-,-,May 09/b,40.88,-0.29%,138395
159,160,CHTR,51.63B,-,3.40%,52.30%,9.70%,0.30,0.30,10.19,10.40,45.30%,22.30%,8.90%,Apr 28/b,341.24,-0.47%,1720985
160,161,CHWY,17.32B,-,2.10%,27.20%,24.80%,0.90,0.50,0.00,0.00,28.30%,0.60%,0.50%,May 31/a,39.64,-2.17%,3982761
161,162,CI,79.73B,1.83%,4.60%,15.00%,10.50%,-,-,0.65,0.73,-,5.30%,3.70%,May 05/b,268.83,-0.24%,2894785
162,163,CINF,15.78B,2.97%,0.00%,0.10%,-3.80%,-,-,0.08,0.08,-,-0.10%,0.20%,Apr 27/a,100.9,0.50%,2512223
163,164,CL,63.71B,2.47%,10.00%,539.40%,23.80%,1.20,0.80,-,-,56.60%,14.60%,8.70%,Apr 28/b,77.78,1.28%,7364899
164,165,CLX,19.16B,3.02%,1.20%,24.50%,14.30%,0.90,0.50,825.33,871.33,37.80%,1.80%,1.00%,May 02/a,156.54,1.02%,1620715
165,166,CM,39.76B,5.78%,0.50%,10.40%,18.30%,-,-,0.14,0.14,-,32.60%,13.50%,May 25/b,44.15,0.59%,2956385
166,167,CMCSA,172.88B,2.82%,2.20%,6.80%,5.40%,0.70,0.70,1.15,1.22,69.50%,11.80%,4.70%,Apr 27/b,41.2,-0.65%,33882710
167,168,CME,65.55B,2.39%,1.60%,10.20%,7.30%,1.00,1.00,0.13,0.13,-,60.00%,55.30%,Apr 26/b,184.11,1.04%,3637833
168,169,CMG,56.60B,-,15.10%,44.30%,37.10%,1.40,1.40,0.00,0.00,30.30%,14.90%,11.50%,Apr 25/a,2032.92,-0.91%,343603
169,170,CMI,33.58B,2.66%,8.70%,28.30%,13.60%,1.30,0.80,0.46,0.81,23.80%,11.10%,8.40%,May 02/b,235.81,-0.58%,1788610
170,171,CMS,17.80B,3.21%,2.20%,10.00%,5.30%,1.00,0.80,1.90,2.11,62.10%,12.70%,8.00%,Apr 27/b,60.74,-0.46%,2644767
171,172,CNA,10.36B,4.36%,1.40%,10.10%,8.90%,-,-,0.29,0.32,-,9.80%,7.20%,May 01/b,38.51,0.71%,508950
172,173,CNC,36.28B,-,1.80%,5.90%,1.40%,1.80,1.80,0.73,0.73,18.60%,0.90%,1.00%,Apr 25/b,65.66,-0.70%,5622573
173,174,CNHI,19.90B,2.74%,5.80%,33.00%,11.20%,-,-,3.22,3.22,29.40%,18.00%,9.00%,May 05/b,14.53,-0.21%,4575350
174,175,CNI,79.55B,1.99%,10.70%,25.20%,14.10%,0.70,0.60,0.69,0.80,72.90%,41.10%,30.60%,Apr 24/a,118.95,0.84%,1637766
175,176,CNP,18.47B,2.60%,2.20%,8.60%,5.60%,1.00,0.70,1.65,1.73,-,17.50%,8.60%,Apr 27/b,29.18,-0.31%,6640359
176,177,CNQ,61.57B,4.95%,12.60%,25.00%,23.40%,0.80,0.60,0.32,0.35,53.60%,32.70%,23.90%,May 04/a,55.01,-1.06%,1546003
177,178,COF,42.63B,2.18%,1.20%,11.70%,20.10%,-,-,0.97,0.97,-,58.30%,16.40%,Apr 27/a,110.07,-1.42%,4275906
178,179,COIN,12.73B,-,-2.00%,-40.30%,-25.60%,1.00,1.00,0.60,0.60,84.00%,-81.40%,-81.20%,May 11/b,55.59,2.47%,13699144
179,180,COO,18.20B,0.02%,2.50%,4.00%,4.20%,1.70,0.90,0.35,0.36,65.30%,14.30%,8.40%,Jun 01/a,367.41,-0.04%,628289
180,181,COP,126.03B,5.04%,17.00%,32.50%,26.10%,1.40,1.30,0.32,0.35,46.30%,30.90%,21.00%,May 04/b,104.92,0.74%,9904786
181,182,COST,234.51B,0.78%,9.10%,27.10%,20.40%,1.10,0.60,0.28,0.28,12.10%,3.30%,2.50%,May 25/a,523.65,-1.05%,3140937
182,183,COTY,10.62B,-,1.50%,5.40%,1.00%,0.70,0.40,1.17,1.19,63.90%,6.30%,3.40%,May 09/b,12.44,-0.08%,6694373
183,184,CP,96.36B,0.97%,5.10%,9.80%,4.60%,0.70,0.60,0.46,0.48,81.40%,39.20%,40.30%,Apr 26/a,78.52,0.11%,1816780
184,185,CPB,13.84B,3.19%,6.50%,22.50%,11.60%,0.90,0.40,1.25,1.33,30.50%,13.00%,8.50%,Jun 07/b,46.42,-0.04%,3679510
185,186,CPNG,30.19B,-,2.30%,9.00%,-3.40%,1.20,0.90,0.20,0.35,23.90%,0.90%,1.00%,May 09/a,17.28,1.83%,9375071
186,187,CPRT,41.59B,-,19.90%,22.80%,23.90%,5.90,5.80,0.00,0.00,44.20%,37.40%,30.70%,May 17/a,87.28,0.20%,4188973
187,188,CPT,11.97B,3.54%,-,-,7.20%,-,-,0.76,0.00,62.80%,-,-,Apr 27/a,113.11,0.86%,1257790
188,189,CQP,22.78B,6.59%,-,-,-,-,-,-,-,-,-,-,May 02/b,47.07,2.73%,592169
189,190,CRBG,10.83B,5.59%,1.20%,41.90%,36.40%,-,-,0.91,1.04,-,28.30%,19.30%,May 09/b,16.47,-1.44%,2869032
190,191,CRH,38.16B,2.39%,8.60%,18.70%,9.50%,1.70,1.20,0.42,0.51,33.20%,11.90%,11.80%,-,53.14,0.78%,1746004
191,192,CRL,10.69B,-,6.60%,17.50%,9.50%,1.50,1.20,0.88,0.88,36.70%,19.40%,12.10%,May 11/b,209.99,0.49%,667462
192,193,CRM,206.41B,-,0.40%,0.60%,0.10%,1.00,1.00,0.16,0.17,73.80%,2.40%,1.20%,May 31/a,211.76,-0.08%,13661531
193,194,CRWD,37.89B,-,-3.20%,-10.80%,-9.60%,1.80,1.80,0.46,0.46,73.70%,-7.60%,-6.20%,May 31/a,155.14,-2.92%,6340498
194,195,CSCO,211.62B,3.00%,12.10%,28.00%,22.90%,1.40,1.30,0.16,0.20,62.00%,25.90%,20.90%,May 17/a,52.07,0.27%,37112242
195,196,CSGP,34.35B,-,4.50%,5.60%,4.20%,13.20,13.20,0.14,0.14,80.60%,17.50%,16.30%,Apr 25/a,84.14,0.08%,7613417
196,197,CSL,12.26B,1.25%,11.20%,27.70%,17.90%,2.30,1.50,0.75,0.84,32.20%,18.20%,13.30%,Apr 27/a,239.58,-0.37%,979992
197,198,CSX,68.23B,1.32%,10.30%,33.70%,15.60%,1.40,1.30,1.45,1.45,71.20%,41.00%,28.40%,Apr 20/a,33.21,-1.04%,30031174
198,199,CTAS,50.07B,0.94%,16.20%,39.60%,21.70%,2.10,1.70,0.68,0.75,46.80%,20.60%,15.70%,Mar 29/b,491.36,-0.21%,625449
199,200,CTRA,19.00B,8.33%,20.30%,32.90%,27.80%,1.70,1.60,0.17,0.17,88.40%,58.10%,45.10%,May 04/a,25.21,0.52%,21771520
200,201,CTSH,32.85B,1.78%,13.10%,18.90%,17.30%,2.20,2.20,0.05,0.05,35.60%,15.20%,11.90%,May 03/a,65.08,0.53%,5836794
201,202,CTVA,41.00B,1.05%,2.80%,4.60%,5.20%,1.40,0.90,0.05,0.20,40.90%,10.00%,6.60%,May 03/a,57.23,-0.78%,10088758
202,203,CUK,20.03B,-,-13.60%,-83.70%,-10.60%,0.70,0.70,4.52,4.89,15.80%,-36.30%,-47.50%,-,14.22,-1.46%,2442347
203,204,CVE,32.37B,2.52%,9.80%,20.20%,22.20%,1.60,0.90,0.41,0.42,49.00%,12.90%,8.60%,Apr 26/b,16.65,-1.83%,7694540
204,205,CVS,89.10B,3.57%,1.70%,5.50%,5.10%,0.90,0.70,0.79,0.82,38.70%,2.30%,1.20%,May 03/b,67.72,-2.56%,18190479
205,206,CVX,297.71B,3.84%,13.90%,22.70%,15.20%,1.40,1.20,0.13,0.15,38.80%,18.40%,15.40%,Apr 28/b,157.26,-0.64%,22851275
206,207,CX,11.11B,-,-,-,4.70%,0.90,0.60,0.64,0.67,31.20%,-,-,May 02/b,7.2,-1.37%,7170956
207,208,CZR,10.81B,-,-1.00%,-9.60%,5.80%,0.80,0.80,7.10,7.12,51.10%,18.20%,-3.10%,May 02/a,48.84,-2.75%,3795437
208,209,D,44.20B,5.01%,1.10%,4.50%,2.10%,0.80,0.60,1.51,1.81,99.70%,11.40%,6.60%,May 05/b,53.33,0.87%,9863989
209,210,DAL,27.56B,0.93%,2.60%,35.70%,10.00%,0.50,0.40,3.17,3.51,44.90%,7.50%,3.50%,Apr 13/b,42.79,-0.21%,12204599
210,211,DAR,10.29B,-,8.00%,19.70%,12.30%,1.70,1.00,1.13,1.16,23.10%,15.10%,10.60%,May 09/a,65.12,0.95%,2068010
211,212,DASH,27.88B,-,-14.00%,-19.80%,-16.20%,1.70,1.70,0.00,0.00,45.60%,-15.70%,-19.00%,May 04/a,73.26,2.09%,3657957
212,213,DB,21.29B,3.10%,0.40%,7.40%,4.70%,-,-,2.92,2.92,-,43.60%,17.40%,-,10.42,-1.79%,3683169
213,214,DD,32.00B,2.07%,13.20%,21.70%,3.90%,3.30,2.60,0.29,0.30,35.20%,14.20%,44.20%,May 02/b,69.41,-0.43%,7874417
214,215,DDOG,31.61B,-,-2.90%,-6.20%,-3.30%,3.20,3.20,0.49,0.49,79.30%,-5.80%,-4.70%,May 04/b,95.75,-2.48%,4338584
215,216,DE,119.19B,1.23%,9.80%,43.10%,11.00%,-,-,1.59,2.59,35.80%,22.60%,15.00%,May 19/b,407.63,0.27%,2118653
216,217,DECK,13.39B,-,20.00%,31.70%,28.50%,3.80,2.80,0.00,0.00,50.30%,18.00%,14.20%,May 25/a,512.72,0.14%,490384
217,218,DELL,36.51B,2.98%,2.20%,-62.60%,15.40%,0.80,0.70,-,-,22.60%,4.50%,2.00%,Jun 01/a,49.67,-1.06%,9351738
218,219,DEO,95.59B,2.10%,10.20%,47.00%,13.60%,1.60,0.80,1.88,2.16,60.70%,28.50%,21.20%,-,173.46,-0.25%,590539
219,220,DFS,29.78B,2.43%,3.20%,30.60%,21.70%,-,-,1.23,1.37,-,58.70%,28.40%,Apr 19/a,115.32,-1.65%,5916613
220,221,DG,35.90B,1.44%,8.20%,40.00%,20.90%,1.30,0.10,1.18,1.23,31.30%,8.60%,6.20%,Jun 01/b,164.32,0.39%,4779634
221,222,DGX,15.37B,2.05%,6.00%,12.80%,11.70%,1.30,1.20,0.66,0.66,34.10%,12.70%,8.20%,Apr 27/b,138.6,1.02%,2672989
222,223,DHI,39.36B,0.86%,17.20%,26.50%,23.20%,-,-,0.18,0.29,29.10%,20.10%,15.40%,Apr 20/b,116.4,0.86%,6316988
223,224,DHR,179.69B,0.45%,8.20%,14.50%,11.20%,1.90,1.50,0.37,0.40,60.10%,26.80%,22.10%,Apr 25/b,241.8,-0.70%,6380330
224,225,DIS,169.83B,-,2.00%,4.30%,3.30%,1.00,0.90,0.46,0.50,33.00%,8.10%,4.70%,May 10/a,91.32,-1.74%,22641615
225,226,DKNG,11.47B,-,-32.40%,-94.40%,-56.10%,1.50,1.50,1.23,1.23,34.70%,-53.50%,-50.40%,May 04/a,24.51,-1.29%,14098348
226,227,DKS,11.65B,2.96%,12.00%,44.60%,27.60%,2.00,0.80,0.55,0.55,34.60%,11.40%,8.70%,May 23/b,135.1,0.02%,1463642
227,228,DLR,30.71B,4.64%,0.80%,2.00%,1.50%,-,-,1.08,1.08,59.20%,12.80%,6.80%,Apr 27/a,105.18,-0.20%,4568562
228,229,DLTR,30.51B,-,6.00%,16.10%,14.30%,1.50,0.30,0.38,0.00,30.70%,6.70%,4.80%,May 25/b,136.22,-1.60%,2591443
229,230,DOCU,10.98B,-,-2.40%,-12.40%,-7.10%,0.80,0.80,0.00,0.97,79.10%,-2.80%,-2.70%,Jun 08/a,53.85,-0.79%,5750262
230,231,DOV,20.57B,1.37%,9.90%,24.90%,14.50%,1.30,0.80,0.66,0.78,36.10%,16.30%,12.50%,Apr 26/b,147.73,0.44%,1529268
231,232,DOW,37.83B,5.27%,4.80%,14.90%,11.60%,1.80,1.20,0.73,0.76,12.90%,6.90%,5.40%,Apr 25/b,53.16,-0.60%,9530598
232,233,DOX,11.63B,1.78%,8.20%,14.90%,13.80%,1.60,1.60,0.18,0.18,35.60%,14.20%,11.20%,May 10/a,97.6,0.95%,926017
233,234,DPZ,11.50B,1.46%,28.40%,-11.10%,77.70%,1.50,1.40,-,-,36.60%,17.20%,10.20%,Apr 27/b,331.41,1.83%,2064234
234,235,DRI,20.18B,2.92%,9.40%,45.60%,24.80%,0.50,0.30,0.97,0.98,19.60%,11.30%,9.20%,Jun 22/b,166.01,-0.51%,1926328
235,236,DT,15.23B,-,4.30%,7.40%,7.30%,1.10,1.10,0.00,0.00,80.80%,8.00%,9.30%,May 17/b,51.21,-2.18%,3588547
236,237,DTE,23.48B,3.34%,2.70%,11.70%,5.80%,0.90,0.70,1.66,1.83,-,10.00%,6.10%,Apr 27/b,114.12,0.18%,4874008
237,238,DUK,70.66B,4.36%,1.40%,5.00%,4.60%,0.80,0.50,1.46,1.61,63.90%,22.20%,8.30%,May 09/b,92.18,0.53%,8690182
238,239,DVN,31.83B,9.06%,25.40%,55.40%,34.90%,1.10,1.00,0.59,0.61,56.00%,41.70%,31.10%,May 08/a,49.8,0.40%,16246841
239,240,DXCM,50.77B,-,5.60%,13.90%,8.20%,2.00,1.80,0.56,0.91,64.90%,13.10%,9.70%,Apr 27/a,130.1,-0.67%,4306193
240,241,E,48.22B,6.49%,9.30%,26.90%,11.40%,1.40,1.20,0.44,0.58,34.60%,12.40%,11.60%,-,28.43,-0.56%,834863
241,242,EA,35.18B,0.59%,6.00%,10.60%,8.80%,1.20,1.20,0.26,0.26,76.00%,17.90%,10.80%,May 09/a,128.66,-0.26%,3122195
242,243,EBAY,24.39B,2.22%,3.20%,12.40%,19.10%,2.70,2.70,1.43,1.43,72.60%,22.60%,6.50%,Apr 26/a,45.06,-1.23%,8588093
243,244,EBR,18.91B,0.55%,-,-,-,-,-,-,-,-,-,-,-,8.01,-3.03%,3037527
244,245,EBR-B,18.91B,3.33%,-,-,-,-,-,-,-,-,-,-,-,8.95,-5.29%,221753
245,246,EC,21.18B,15.92%,11.20%,41.10%,20.90%,1.10,1.00,1.38,1.60,43.10%,36.80%,19.50%,May 09/a,10.45,0.19%,1365594
246,247,ECL,51.88B,1.16%,5.40%,16.10%,8.70%,1.20,0.80,1.02,1.18,38.30%,11.80%,8.00%,May 02/b,182.04,-0.10%,2509734
247,248,ED,32.24B,3.48%,3.80%,12.10%,4.80%,1.20,1.10,0.99,1.04,75.20%,22.30%,15.60%,May 04/a,92.97,-0.05%,4677104
248,249,EDR,10.74B,-,-1.50%,-9.40%,24.30%,1.00,1.00,2.50,2.54,61.10%,10.40%,-3.40%,May 09/a,22.33,-1.11%,2333094
249,250,EFX,28.50B,0.68%,5.10%,15.10%,8.50%,0.80,0.80,1.23,1.43,56.40%,18.40%,11.60%,Apr 19/a,229.77,-1.13%,1373090
250,251,EIX,26.35B,4.20%,1.10%,6.30%,3.60%,0.90,0.80,2.15,2.44,61.30%,10.70%,5.00%,May 02/a,70.18,2.01%,3756051
251,252,EL,71.27B,1.29%,5.20%,19.10%,23.10%,1.50,1.10,0.87,1.25,72.10%,10.00%,6.90%,May 03/b,203.95,2.28%,5233445
252,253,ELS,12.67B,2.61%,5.20%,19.60%,8.30%,-,-,2.35,2.35,49.50%,28.30%,19.60%,Apr 17/a,68.7,0.94%,1457025
253,254,ELV,107.08B,1.34%,6.00%,17.10%,11.40%,-,-,0.67,0.68,-,5.60%,3.90%,Apr 19/b,443.21,-1.89%,2485995
254,255,EMR,50.31B,2.38%,13.20%,44.80%,14.20%,1.20,0.90,0.72,0.89,44.80%,19.20%,27.40%,May 03/b,87.41,-0.70%,5519605
255,256,ENB,75.39B,6.99%,1.30%,4.30%,3.50%,0.60,0.50,1.31,1.47,42.50%,12.90%,4.80%,May 05/b,37.48,0.62%,3618921
256,257,ENPH,24.74B,-,17.00%,68.90%,18.60%,3.40,3.20,1.24,1.33,43.00%,21.20%,18.80%,Apr 25/a,181.81,0.72%,4622896
257,258,ENTG,16.41B,0.38%,-0.10%,-0.20%,4.90%,3.10,2.10,1.78,1.83,41.90%,9.10%,-0.10%,May 11/b,106.51,-2.85%,3172118
258,259,EOG,65.33B,2.91%,23.30%,39.00%,26.20%,2.20,1.90,0.15,0.15,65.20%,43.40%,34.00%,May 04/a,113.41,1.53%,6109452
259,260,EPAM,13.19B,-,11.20%,15.00%,16.00%,4.10,4.10,0.01,0.00,30.90%,11.60%,8.90%,May 05/b,219.51,-3.66%,1465093
260,261,EPD,57.23B,7.43%,8.10%,21.00%,12.40%,0.90,0.70,1.02,1.07,18.00%,12.10%,9.60%,May 02/b,26.39,0.27%,3729158
261,262,EQIX,72.91B,1.75%,2.70%,7.20%,4.10%,2.30,2.30,1.29,1.30,49.00%,17.50%,10.80%,May 03/a,778.61,-0.13%,904142
262,263,EQNR,97.43B,10.95%,18.90%,59.50%,33.60%,2.00,1.90,0.43,0.54,63.80%,51.30%,20.40%,May 04/b,30.13,-2.02%,4548741
263,264,EQR,25.14B,3.97%,4.50%,8.30%,6.00%,-,-,0.66,0.66,64.00%,45.40%,32.80%,Apr 25/a,66.72,0.56%,3799493
264,265,EQT,14.09B,1.51%,19.90%,42.90%,12.00%,1.50,1.50,0.42,0.45,77.70%,56.70%,42.00%,Apr 26/a,39.64,1.77%,11567296
265,266,ERIC,17.97B,4.49%,5.00%,13.00%,12.20%,1.10,0.80,0.22,0.34,41.30%,9.10%,6.20%,Jul 14/b,5.43,0.18%,9769865
266,267,ERIE,11.38B,2.19%,14.30%,22.50%,20.60%,1.30,1.30,0.00,0.00,13.80%,13.70%,10.80%,Apr 27/a,216.99,-0.33%,180786
267,268,ES,24.77B,3.75%,2.80%,9.40%,4.50%,0.60,0.60,1.33,1.51,-,18.20%,11.60%,May 04/b,72.08,1.51%,4268061
268,269,ESS,15.07B,3.90%,3.90%,8.50%,-,-,-,1.05,1.05,71.20%,41.10%,29.80%,Apr 27/a,236.92,0.90%,728773
269,270,ET,39.76B,9.59%,3.90%,15.50%,10.00%,1.10,0.90,1.74,1.74,20.00%,9.00%,4.70%,May 02/a,12.82,-0.16%,9260684
270,271,ETN,78.48B,1.80%,7.30%,15.30%,10.20%,1.50,0.90,0.50,0.50,33.60%,15.00%,12.00%,May 02/b,191.26,-2.86%,6246828
271,272,ETR,21.61B,4.20%,1.90%,9.10%,5.30%,0.90,0.70,1.87,2.11,87.90%,14.00%,8.20%,Apr 26/b,102.01,-0.18%,3772342
272,273,ETSY,11.84B,-,-25.20%,253.80%,-37.30%,2.70,2.70,-,-,70.80%,-25.30%,-26.90%,May 03/a,94.6,-1.43%,4232949
273,274,EVRG,13.69B,4.13%,2.60%,8.20%,5.70%,0.50,0.30,1.06,1.30,-,21.80%,13.00%,May 05/b,59.31,-0.50%,2716179
274,275,EW,55.34B,-,17.50%,24.90%,23.50%,3.00,2.20,0.10,0.10,79.80%,30.90%,27.10%,Apr 26/a,91.94,0.71%,6594329
275,276,EXAS,16.85B,-,-8.20%,-16.60%,-11.00%,3.00,2.60,0.77,0.78,72.90%,-22.40%,-23.50%,May 09/a,93.42,0.03%,2269490
276,277,EXC,40.60B,3.49%,2.40%,9.10%,4.60%,1.00,0.90,1.56,1.67,66.90%,18.20%,11.60%,May 03/b,41.21,0.96%,9590593
277,278,EXPD,18.22B,1.16%,19.90%,37.30%,43.40%,2.40,2.40,0.00,0.00,28.10%,10.90%,8.20%,May 02/b,118.83,-0.37%,3246628
278,279,EXPE,15.87B,-,1.40%,15.90%,11.10%,0.80,0.80,3.41,0.00,85.90%,10.30%,2.70%,May 04/a,105.87,-1.16%,3788663
279,280,EXR,19.69B,4.46%,7.20%,26.30%,9.60%,-,-,2.25,2.25,75.60%,54.40%,43.00%,May 02/a,145.28,-0.34%,1572912
280,281,F,57.81B,4.16%,1.10%,6.70%,3.90%,1.20,1.00,2.15,3.29,10.70%,4.20%,1.70%,May 02/a,14.42,-0.21%,75215766
281,282,FANG,22.94B,7.60%,-,-,24.60%,0.60,0.60,0.45,0.45,82.90%,-,-,May 01/a,128.74,1.64%,4052750
282,283,FAST,32.11B,2.47%,24.30%,34.80%,29.60%,3.70,1.70,0.06,0.12,45.90%,20.90%,15.60%,Jul 13/b,56.58,0.60%,6521724
283,284,FCNCA,19.99B,0.23%,7.60%,89.80%,15.40%,-,-,2.46,2.46,-,55.80%,-,May 10/b,1282.99,-1.21%,182279
284,285,FCNCO,19.66B,6.93%,-,-,-,-,-,-,-,-,-,-,-,20.3,-1.00%,8366
285,286,FCNCP,19.76B,6.81%,-,-,-,-,-,-,-,-,-,-,-,19.74,0.41%,6075
286,287,FCX,57.45B,0.75%,5.10%,16.90%,18.30%,2.80,1.70,0.60,0.60,30.40%,27.20%,12.00%,Apr 21/b,39.89,-0.47%,16104764
287,288,FDS,16.18B,0.93%,11.20%,31.50%,12.90%,2.10,2.10,1.08,1.08,53.60%,28.40%,22.30%,Jun 22/b,420.91,-0.33%,512862
288,289,FDX,59.43B,2.16%,3.50%,12.10%,11.40%,1.30,1.30,0.81,0.82,68.40%,5.80%,3.20%,Jun 20/a,233.46,-1.26%,3246718
289,290,FE,22.40B,3.99%,0.90%,3.90%,2.50%,0.70,0.60,2.16,2.22,67.60%,14.50%,3.20%,Apr 27/a,39.07,-0.10%,6885722
290,291,FERG,31.08B,2.12%,12.20%,39.20%,25.70%,1.70,0.90,0.81,0.82,30.30%,9.00%,6.30%,Jun 06/b,151.07,-0.53%,2121886
291,292,FI,74.29B,-,3.10%,7.90%,6.10%,1.10,1.10,0.73,0.74,55.80%,21.10%,13.40%,Apr 25/b,119.96,-0.32%,6416508
292,293,FICO,20.05B,-,26.20%,-47.60%,42.30%,1.40,1.40,-,-,77.70%,40.40%,26.90%,Apr 27/a,799.96,-0.27%,262831
293,294,FIS,32.02B,3.80%,-23.70%,-45.70%,-34.80%,0.70,0.70,0.51,0.74,39.90%,-,-,Apr 27/b,54.78,1.35%,6073957
294,295,FITB,18.22B,4.97%,1.20%,15.20%,15.20%,-,-,0.79,0.79,-,69.90%,31.80%,Apr 20/b,26.54,-0.82%,11155224
295,296,FIVE,10.83B,-,8.20%,20.90%,19.00%,1.80,0.90,0.00,0.00,35.50%,10.90%,8.40%,Jun 01/a,190.43,-2.16%,534700
296,297,FLEX,11.93B,-,3.80%,17.50%,13.50%,1.50,0.80,0.69,0.72,7.50%,3.90%,2.60%,May 10/a,26.77,-0.30%,3750427
297,298,FLT,18.05B,-,6.60%,36.80%,11.70%,1.00,1.00,1.63,2.36,-,42.50%,26.90%,May 03/a,243.63,-0.34%,672390
298,299,FMC,13.24B,2.17%,6.50%,22.00%,15.00%,1.30,0.90,0.67,1.21,40.30%,19.80%,12.50%,May 01/a,106.77,0.82%,1604693
299,300,FMS,13.96B,2.57%,-,-,-,-,-,-,-,-,-,-,-,23.57,0.00%,1865156
300,301,FMX,36.43B,1.71%,-,-,8.00%,1.80,1.40,0.76,0.86,37.40%,-,-,Apr 28/b,111.19,0.66%,280850
301,302,FND,10.32B,-,7.00%,18.50%,15.00%,1.30,0.10,0.17,0.18,41.00%,9.10%,6.90%,May 04/a,96.26,-0.83%,885245
302,303,FNV,36.77B,1.24%,10.30%,10.60%,10.70%,28.80,28.80,0.00,0.00,64.60%,62.30%,53.90%,May 02/a,145.74,0.57%,1308340
303,304,FOX,16.47B,1.59%,-,-,-,-,-,-,-,-,-,-,May 09/b,31.5,-0.16%,1734483
304,305,FOXA,16.49B,1.49%,5.20%,10.50%,10.60%,1.80,1.60,0.59,0.71,35.50%,11.80%,7.80%,May 09/b,33.64,-0.09%,10264521
305,306,FSLR,20.60B,-,0.50%,0.70%,-1.30%,3.10,2.40,0.05,0.00,8.10%,1.70%,1.50%,Apr 27/a,188.99,-2.02%,3105346
306,307,FTNT,57.78B,-,16.30%,-297.90%,132.40%,1.30,1.20,86.92,0.00,75.90%,23.10%,20.50%,May 04/a,72.78,-1.10%,10912404
307,308,FTS,27.32B,5.27%,2.20%,7.40%,5.10%,0.70,0.60,1.36,1.50,63.70%,25.10%,12.30%,May 03/b,42.87,0.47%,663239
308,309,FTV,25.45B,0.39%,4.80%,8.00%,6.70%,0.90,0.70,0.21,0.31,57.90%,17.20%,12.90%,Apr 26/b,71.82,-0.21%,3688131
309,310,FWONA,30.69B,-,4.30%,7.30%,4.90%,2.00,2.00,0.43,0.43,32.10%,6.60%,18.70%,May 05/b,70.32,-1.68%,280884
310,311,FWONK,30.28B,-,-,-,-,-,-,-,-,-,-,-,May 05/b,78.09,-2.34%,1625131
311,312,GD,58.97B,2.43%,6.60%,18.70%,12.20%,1.40,0.90,0.48,0.55,16.60%,10.60%,8.50%,Apr 26/b,217.34,1.11%,1560349
312,313,GDDY,11.74B,-,4.70%,-93.60%,14.00%,0.70,0.70,-,-,63.60%,11.10%,8.00%,May 04/a,74.91,-1.41%,3275093
313,314,GE,114.79B,0.30%,4.70%,25.50%,-1.20%,1.30,0.90,0.64,0.71,25.70%,0.70%,11.30%,Apr 25/b,106.29,0.83%,10619041
314,315,GEHC,35.97B,0.15%,-,-,11.10%,1.20,0.90,1.53,1.53,-,-,-,Apr 25/b,78.65,-0.57%,5384994
315,316,GEN,12.08B,2.68%,10.10%,109.90%,14.70%,0.40,0.40,4.33,4.44,82.40%,36.50%,40.40%,May 11/a,18.63,-1.17%,10172338
316,317,GFI,13.43B,2.73%,9.60%,17.40%,17.40%,2.30,2.30,0.33,0.35,39.20%,33.40%,16.60%,-,14.98,-0.93%,37900230
317,318,GFL,18.28B,0.19%,-3.00%,-9.10%,1.50%,1.50,1.50,1.42,1.43,12.70%,1.60%,-8.10%,May 17/a,37.28,-0.48%,696328
318,319,GFS,34.73B,-,8.80%,16.10%,11.60%,1.90,1.50,0.26,0.28,28.50%,20.40%,19.00%,May 09/b,62.46,-0.76%,2639601
319,320,GGG,14.38B,1.09%,19.90%,26.50%,23.90%,3.40,2.10,0.04,0.06,49.90%,27.60%,22.40%,Apr 26/a,86.12,0.84%,1752900
320,321,GIB,22.28B,-,9.80%,20.30%,13.00%,1.10,0.80,0.37,0.48,16.10%,15.00%,11.20%,Apr 26/b,104.58,-0.56%,185572
321,322,GILD,98.54B,3.80%,8.90%,26.70%,13.10%,1.30,1.10,1.09,1.20,79.20%,32.70%,20.60%,Apr 27/a,78.86,-0.18%,13975915
322,323,GIS,47.41B,2.68%,9.00%,27.00%,13.50%,0.50,0.30,0.80,1.13,33.00%,18.70%,14.00%,Jun 28/b,80.71,0.00%,5344518
323,324,GL,10.35B,0.83%,3.10%,18.30%,13.80%,-,-,0.42,0.56,-,20.50%,15.30%,May 03/a,108.01,-0.29%,877458
324,325,GLPI,13.10B,5.78%,-,-,10.10%,-,-,1.69,1.69,96.10%,-,-,Apr 27/a,49.83,-0.24%,1686676
325,326,GLW,28.77B,3.12%,3.10%,7.80%,5.40%,1.40,0.80,0.56,0.57,30.90%,8.50%,6.70%,Apr 25/b,35.85,5.94%,21244427
326,327,GM,52.87B,0.95%,3.60%,13.90%,4.30%,1.10,0.90,1.11,1.64,13.90%,6.20%,5.80%,Apr 25/b,37.96,-0.18%,14509190
327,328,GMAB,25.20B,-,17.80%,20.00%,17.30%,14.40,14.40,0.03,0.03,-,41.00%,34.50%,May 10/b,38.77,0.05%,600709
328,329,GOLD,28.95B,2.39%,0.20%,0.50%,4.70%,2.70,2.10,0.21,0.21,28.70%,13.30%,1.10%,May 03/b,16.71,1.33%,21130784
329,330,GOOG,1571.57B,-,-,-,-,-,-,-,-,-,-,-,Apr 25/a,124.06,-1.38%,56622622
330,331,GOOGL,1592.38B,-,16.20%,22.80%,23.40%,2.40,2.30,0.05,0.05,55.50%,25.40%,20.60%,Apr 25/a,123.53,-1.25%,44465949
331,332,GPC,22.71B,2.35%,7.50%,33.00%,17.20%,1.20,0.60,0.79,0.86,35.10%,7.50%,5.50%,Apr 20/b,161.47,-0.11%,1381324
332,333,GPN,26.71B,0.99%,-0.30%,-0.60%,1.30%,0.90,0.90,0.75,0.82,58.60%,3.50%,-1.60%,May 01/b,100.68,-1.25%,3751644
333,334,GRAB,13.37B,-,-15.80%,-22.20%,-17.30%,5.40,5.30,0.10,0.12,18.00%,-65.50%,-86.90%,May 18/b,3.42,-0.58%,23693368
334,335,GRMN,20.31B,2.75%,12.50%,15.80%,15.10%,3.90,2.50,0.00,0.00,57.90%,20.60%,19.90%,May 03/b,106.0,-0.14%,1380234
335,336,GS,112.94B,2.96%,0.70%,9.30%,1.20%,-,-,2.32,8.83,51.60%,16.10%,12.60%,Apr 18/b,338.31,-0.42%,4481390
336,337,GSK,71.28B,3.97%,21.80%,122.20%,18.10%,1.00,0.70,1.41,1.77,70.40%,21.40%,50.30%,Apr 26/b,35.15,-0.34%,5945434
337,338,GWW,37.32B,1.02%,22.50%,68.90%,35.30%,2.70,1.50,0.83,0.85,38.90%,15.10%,10.60%,Apr 27/b,732.43,-1.54%,419238
338,339,H,11.92B,0.53%,4.70%,16.20%,5.80%,0.60,0.60,0.66,0.84,55.10%,5.60%,9.30%,May 04/b,113.17,0.40%,694206
339,340,HAL,29.51B,1.96%,8.50%,25.20%,13.40%,2.10,1.50,0.94,0.00,17.30%,14.60%,9.00%,Apr 25/b,32.58,-0.40%,10388206
340,341,HBAN,15.72B,5.68%,1.20%,14.50%,17.80%,-,-,0.58,0.58,-,76.30%,33.30%,Apr 20/b,10.92,0.28%,25608002
341,342,HBANL,15.76B,9.91%,-,-,-,-,-,-,-,-,-,-,-,24.86,0.12%,22085
342,343,HBANP,15.76B,6.00%,-,-,-,-,-,-,-,-,-,-,-,18.74,-1.11%,40466
343,344,HCA,78.65B,0.83%,11.00%,-186.30%,20.50%,1.20,1.00,-,-,84.40%,15.10%,9.40%,Apr 21/b,290.08,1.47%,2962332
344,345,HD,303.65B,2.78%,21.90%,-,41.70%,1.30,0.30,113.02,116.72,33.50%,15.20%,10.80%,-,300.38,-0.54%,10795560
345,346,HDB,107.90B,1.05%,2.10%,17.10%,12.10%,-,-,0.62,0.62,-,46.60%,29.00%,-,66.45,2.86%,2832053
346,347,HEI,20.02B,0.12%,8.60%,14.30%,13.70%,2.90,1.40,0.26,0.27,39.10%,22.60%,15.20%,May 22/a,165.89,-0.23%,278943
347,348,HEI-A,19.98B,0.15%,-,-,-,-,-,-,-,-,-,-,-,132.54,-0.15%,361767
348,349,HES,41.70B,1.29%,9.40%,26.40%,16.50%,1.60,1.50,1.05,1.05,69.40%,32.50%,17.70%,Apr 26/b,135.56,-0.18%,2568214
349,350,HIG,22.05B,2.37%,2.60%,14.00%,11.50%,-,-,0.31,0.00,-,11.20%,8.20%,Apr 27/a,71.88,1.15%,2607683
350,351,HLN,37.54B,1.43%,-,-,4.20%,0.90,0.60,0.61,0.64,60.80%,64.70%,19.10%,-,8.42,0.96%,2096395
351,352,HLT,37.22B,0.43%,8.10%,-118.30%,21.20%,0.80,0.80,-,-,41.70%,23.80%,13.40%,Apr 26/b,140.81,0.10%,2668234
352,353,HMC,58.33B,2.78%,2.80%,6.20%,3.50%,1.40,1.10,0.39,0.68,19.70%,5.00%,4.10%,May 11/b,31.32,-2.13%,2601854
353,354,HOLX,19.95B,-,8.10%,14.90%,17.50%,4.40,3.70,0.53,0.54,56.30%,23.20%,18.60%,May 01/a,81.2,0.20%,4133676
354,355,HON,135.57B,2.03%,8.50%,30.40%,13.70%,1.30,0.90,0.87,1.13,34.20%,18.50%,14.50%,Apr 27/b,202.97,-0.37%,5002796
355,356,HPE,22.54B,2.73%,1.80%,5.10%,2.20%,0.90,0.70,0.41,0.66,34.30%,4.00%,3.50%,May 30/a,17.57,0.69%,24479472
356,357,HPQ,30.66B,3.39%,7.10%,-93.30%,42.50%,0.70,0.40,-,-,20.20%,6.30%,4.80%,May 30/a,31.0,-0.32%,13959223
357,358,HRL,22.56B,2.67%,7.00%,12.40%,9.60%,2.40,1.10,0.43,0.43,16.80%,10.10%,7.60%,Jun 01/b,41.27,-0.07%,3332910
358,359,HSBC,154.91B,5.36%,0.60%,10.80%,11.90%,-,-,0.45,0.45,-,55.10%,32.60%,May 02/b,39.18,0.33%,1701440
359,360,HST,12.17B,3.52%,6.60%,11.80%,6.90%,-,-,0.61,0.61,-,17.30%,15.40%,May 03/a,17.05,-0.35%,9087653
360,361,HSY,53.32B,1.59%,15.60%,53.40%,22.30%,0.80,0.50,0.97,1.36,43.20%,20.10%,15.80%,Apr 27/b,260.72,-0.05%,1576480
361,362,HTHT,14.70B,0.49%,-0.30%,-2.10%,-2.80%,0.90,0.90,0.77,1.02,59.20%,6.80%,-1.30%,May 29/b,43.0,-2.89%,1796423
362,363,HUBB,17.20B,1.40%,10.20%,23.20%,14.80%,2.00,1.30,0.58,0.58,31.60%,15.90%,10.80%,Apr 25/b,320.38,-0.20%,828246
363,364,HUBS,25.82B,-,-5.80%,-14.80%,-8.50%,2.20,2.20,0.43,0.00,82.40%,-7.80%,-7.70%,May 03/a,519.32,-0.13%,720542
364,365,HUM,57.96B,0.79%,6.40%,19.60%,12.20%,-,-,0.59,0.72,-,4.70%,3.30%,Apr 26/b,445.65,-3.92%,5292762
365,366,HWM,19.03B,0.35%,4.80%,14.00%,9.30%,2.20,1.00,1.08,0.00,27.30%,15.20%,8.10%,May 02/b,45.98,-0.13%,2976300
366,367,HZNP,23.16B,-,4.10%,7.40%,8.00%,4.10,3.90,0.50,0.50,74.40%,12.80%,10.40%,May 03/b,101.63,0.32%,2796558
367,368,IBKR,34.23B,0.50%,0.40%,16.50%,15.60%,-,-,0.00,3.58,60.70%,45.90%,8.80%,Apr 18/a,80.28,-0.82%,962595
368,369,IBM,125.67B,4.83%,1.40%,8.80%,2.50%,1.20,1.10,2.49,2.72,54.20%,2.60%,3.00%,Apr 19/a,137.48,-0.66%,7468309
369,370,IBN,79.13B,0.55%,1.60%,15.40%,11.50%,-,-,0.94,0.94,-,41.70%,24.50%,-,22.87,0.00%,6173247
370,371,ICE,62.92B,1.50%,0.70%,6.30%,8.10%,1.10,1.10,0.78,0.78,75.50%,37.50%,15.00%,May 04/b,111.68,-0.62%,3803685
371,372,ICLR,19.14B,-,3.00%,6.10%,5.60%,1.20,1.20,0.50,0.52,29.20%,10.80%,6.50%,Apr 26/a,234.12,0.21%,551071
372,373,IDXX,39.96B,-,25.90%,117.40%,36.70%,1.10,0.70,0.83,1.43,59.70%,27.10%,20.40%,May 02/b,483.03,0.33%,706647
373,374,IEP,10.57B,28.63%,-2.80%,-16.90%,2.70%,-,-,1.84,1.84,7.90%,-7.20%,-6.10%,May 10/b,27.94,-2.38%,3081634
374,375,IEX,15.90B,1.22%,11.20%,19.80%,13.80%,3.10,2.10,0.46,0.00,44.80%,24.10%,17.90%,Apr 26/a,209.75,-0.31%,872664
375,376,IFF,20.28B,4.03%,-5.90%,-11.70%,-5.50%,1.50,0.90,0.52,0.64,32.40%,-12.50%,-17.30%,May 08/a,80.35,1.07%,5049504
376,377,IHG,12.08B,1.82%,8.30%,-24.70%,38.40%,1.10,1.10,-,-,28.40%,16.10%,9.60%,-,71.23,-0.45%,90758
377,378,ILMN,33.19B,-,-35.40%,-58.90%,-45.50%,1.40,1.20,0.22,0.33,63.20%,-99.60%,-,Apr 25/a,205.87,-1.94%,2441990
378,379,IMO,29.25B,-,-,-,-,1.40,1.10,0.17,0.18,-,-,-,Apr 28/b,49.73,-0.66%,424380
379,380,INCY,13.96B,-,5.80%,7.60%,8.90%,3.90,3.90,0.01,0.01,94.20%,14.10%,9.30%,May 02/b,63.23,1.04%,8439018
380,381,INFY,64.97B,2.62%,19.30%,31.80%,25.90%,1.80,1.80,0.09,0.11,30.30%,21.10%,16.40%,Apr 13/b,15.83,1.34%,18245147
381,382,ING,47.91B,6.96%,0.50%,9.10%,6.20%,-,-,2.42,0.0,-,44.70%,16.00%,-,13.4,0.30%,2432514
382,383,INTC,149.41B,1.37%,-,-,2.50%,1.80,1.30,0.5,0.51,38.30%,-,-,Apr 27/a,36.37,1.54%,110103134
383,384,INTU,127.80B,0.69%,8.10%,13.60%,9.00%,1.50,1.50,0.35,0.38,78.50%,21.70%,15.90%,May 23/a,455.03,-0.28%,2618104
384,385,INVH,21.01B,3.02%,2.20%,4.00%,3.40%,-,-,0.76,0.76,60.70%,28.00%,17.90%,May 01/a,34.4,0.17%,4749352
385,386,IOT,15.35B,-,-15.50%,-26.00%,-28.00%,2.20,2.10,0.0,0.0,71.90%,-37.10%,-34.20%,Jun 01/a,28.9,-0.52%,8777117
386,387,IP,11.04B,5.78%,5.40%,14.90%,13.00%,1.60,1.10,0.65,0.7,28.60%,7.40%,6.30%,Apr 27/b,31.98,0.53%,7097952
387,388,IPG,15.67B,3.10%,5.20%,25.80%,16.00%,1.00,1.00,0.81,0.81,16.30%,12.10%,8.30%,Apr 27/b,40.04,-1.36%,6230899
388,389,IQV,40.22B,-,4.20%,18.80%,8.20%,0.80,0.80,1.99,2.22,34.80%,12.20%,7.30%,Apr 27/b,216.02,-0.35%,1181617
389,390,IR,26.18B,0.12%,4.50%,7.30%,5.60%,2.20,1.50,0.29,0.29,39.70%,14.50%,10.70%,May 03/a,64.52,-0.29%,4460532
390,391,IRM,16.67B,4.36%,3.60%,98.30%,8.70%,0.80,0.80,19.91,20.1,68.50%,20.70%,11.20%,May 04/b,56.76,-0.70%,2379242
391,392,ISRG,115.03B,-,9.90%,11.50%,11.90%,5.30,4.50,0.0,0.0,66.90%,24.20%,20.40%,Apr 18/a,329.36,0.33%,3109805
392,393,IT,28.15B,-,13.40%,755.60%,32.70%,0.80,0.80,5.19,5.2,68.80%,23.00%,16.60%,May 02/b,356.54,0.10%,1345885
393,394,ITUB,53.98B,4.17%,1.30%,18.40%,1.90%,-,-,1.61,4.28,-,15.60%,14.50%,May 08/a,5.9,0.00%,18295547
394,395,ITW,75.00B,2.11%,19.80%,98.10%,29.20%,1.20,0.80,1.78,2.7,41.20%,24.20%,19.30%,May 02/b,247.99,0.48%,2186397
395,396,IX,22.30B,3.46%,1.80%,8.20%,2.50%,-,-,1.55,1.7,38.50%,11.80%,10.20%,Apr 27/b,89.33,-1.36%,109609
396,397,J,14.74B,0.89%,5.20%,12.60%,8.00%,1.50,1.50,0.53,0.54,21.60%,7.10%,5.00%,May 09/b,116.57,0.29%,1273237
397,398,JBHT,18.34B,0.95%,12.20%,25.90%,20.70%,1.20,-,0.26,0.33,18.10%,8.80%,6.30%,Apr 17/a,176.68,-0.14%,986858
398,399,JBL,13.88B,0.30%,5.00%,39.10%,20.40%,1.00,0.50,0.96,1.08,8.00%,4.00%,2.80%,Jun 15/b,105.36,0.69%,2298166
399,400,JCI,45.04B,2.26%,3.30%,8.70%,7.70%,1.00,0.80,0.49,0.66,33.80%,6.70%,5.30%,May 05/b,65.47,-0.27%,3935136
400,401,JD,62.61B,1.56%,3.40%,9.40%,3.90%,1.40,1.10,0.14,0.21,14.30%,2.30%,1.90%,May 11/b,39.85,-0.28%,11044925
401,402,JHX,11.94B,2.54%,11.90%,34.30%,19.80%,1.50,1.00,0.66,0.66,34.70%,19.60%,13.60%,May 15/a,27.51,-0.72%,33427
402,403,JKHY,12.05B,1.27%,13.70%,23.70%,24.40%,1.50,1.50,0.24,0.24,40.90%,22.70%,17.20%,May 02/a,163.54,-1.11%,732858
403,404,JNJ,425.49B,2.90%,6.90%,17.00%,15.40%,1.10,0.90,0.49,0.75,67.00%,15.70%,13.20%,Apr 18/b,164.23,0.31%,13397390
404,405,JNPR,10.43B,2.71%,5.50%,11.40%,8.30%,1.80,1.40,0.36,0.36,56.00%,11.30%,9.10%,Apr 25/a,32.47,0.09%,6112114
405,406,JPM,418.15B,2.79%,1.10%,15.30%,6.50%,-,-,1.03,1.03,-,58.00%,35.20%,Jul 14/b,143.26,0.12%,13797886
406,407,K,22.60B,3.56%,4.50%,20.40%,13.20%,0.70,0.40,1.42,1.68,29.70%,9.90%,5.30%,May 04/b,66.29,0.53%,3914303
407,408,KB,15.27B,2.89%,0.60%,8.50%,5.40%,-,-,2.28,2.28,-,45.00%,18.50%,-,37.97,-0.94%,196184
408,409,KDP,44.58B,2.49%,2.60%,5.20%,5.50%,0.40,0.20,0.42,0.52,51.80%,14.30%,9.20%,Apr 27/b,32.17,1.29%,15542447
409,410,KEYS,29.50B,-,14.30%,27.50%,19.70%,3.40,2.70,0.38,0.38,64.00%,25.30%,21.10%,May 16/a,164.86,-0.33%,1926856
410,411,KHC,45.25B,4.33%,2.70%,5.00%,4.50%,0.90,0.50,0.39,0.41,31.00%,14.10%,9.00%,May 03/b,36.99,0.33%,12246357
411,412,KIM,12.01B,4.73%,0.80%,1.60%,2.90%,-,-,0.74,0.74,69.00%,31.20%,8.70%,Apr 27/b,19.45,0.36%,4544902
412,413,KKR,50.58B,1.15%,-0.20%,-2.90%,-1.70%,-,-,2.41,2.41,40.50%,-2.80%,-5.80%,May 08/b,57.2,-2.41%,4647441
413,414,KLAC,64.84B,1.12%,26.40%,159.60%,43.30%,2.30,1.50,2.2,0.0,61.90%,38.90%,33.00%,Apr 26/a,464.89,-1.63%,2010679
414,415,KMB,45.99B,3.43%,11.00%,344.40%,23.70%,0.80,0.50,11.34,12.09,31.70%,13.70%,9.80%,Apr 25/b,137.68,1.00%,2592967
415,416,KMI,38.12B,6.63%,3.70%,8.30%,5.40%,0.60,0.40,0.95,1.02,40.00%,22.50%,13.50%,Apr 19/a,17.04,0.18%,24016493
416,417,KMX,12.79B,-,1.80%,8.80%,2.00%,2.60,0.70,3.2,3.3,9.40%,2.10%,1.60%,Jun 23/b,79.63,-1.51%,2313502
417,418,KO,264.79B,2.98%,10.50%,41.50%,14.00%,1.20,0.90,1.43,1.68,58.10%,26.10%,22.70%,Apr 24/b,61.67,0.72%,26713400
418,419,KOF,18.56B,3.42%,-,-,11.50%,1.10,0.90,0.61,0.68,44.30%,-,-,-,88.14,-0.23%,85541
419,420,KR,32.97B,2.25%,4.70%,23.90%,14.80%,0.70,0.30,1.2,1.33,21.50%,2.90%,1.60%,Jun 15/b,46.17,0.50%,10573424
420,421,KVUE,49.31B,-,-,-,10.60%,1.50,1.00,0.38,0.38,-,-,-,-,26.25,1.94%,2332994
421,422,L,13.41B,0.43%,1.40%,7.20%,6.20%,-,-,0.56,0.63,-,12.00%,7.30%,May 01/b,58.57,-0.46%,2987355
422,423,LBRDA,11.25B,-,6.70%,11.90%,-1.60%,1.50,1.50,0.46,0.46,-,11.70%,-,May 02/a,76.27,-0.65%,93636
423,424,LBRDK,11.19B,-,-,-,-,-,-,-,-,-,-,-,May 02/a,76.6,-0.53%,974997
424,425,LCID,13.23B,-,-44.70%,-87.30%,-40.30%,4.10,3.10,0.57,0.58,-,-,-,May 08/a,6.48,-1.67%,44962025
425,426,LDOS,11.69B,1.68%,5.20%,16.00%,9.70%,1.20,1.10,1.06,1.14,14.20%,7.40%,4.60%,May 02/b,85.89,0.76%,2760421
426,427,LECO,11.29B,1.31%,15.80%,46.80%,22.20%,1.90,1.10,0.99,1.03,33.80%,15.90%,12.10%,Apr 27/b,195.93,-0.08%,666014
427,428,LEGN,12.15B,-,-,-,-44.60%,3.80,3.80,0.47,0.48,2.30%,-,-,-,70.07,-1.66%,897357
428,429,LEN,38.39B,1.25%,12.70%,19.60%,15.30%,-,-,0.17,0.21,22.30%,17.90%,13.50%,Jun 14/a,120.02,0.18%,4573885
429,430,LEN-B,38.50B,1.42%,-,-,-,-,-,-,-,-,-,-,Mar 15/a,105.72,1.39%,161741
430,431,LH,20.43B,1.23%,5.00%,9.80%,9.50%,1.60,1.50,0.50,0.53,28.00%,9.70%,6.80%,Apr 25/b,234.27,1.61%,1053862
431,432,LHX,36.64B,2.33%,2.70%,5.00%,3.60%,1.10,0.90,0.45,0.49,27.80%,5.90%,5.30%,Apr 27/a,195.57,1.13%,1772134
432,433,LI,35.80B,-,-1.30%,-2.40%,-6.00%,2.20,2.00,0.18,0.38,19.20%,-5.20%,-2.00%,May 10/b,34.41,-0.15%,7234383
433,434,LII,10.96B,1.41%,19.30%,-197.60%,86.40%,1.10,0.50,-,-,27.80%,14.40%,10.80%,Apr 27/b,311.04,0.74%,379364
434,435,LIN,184.30B,1.36%,5.80%,11.40%,6.80%,0.70,0.60,0.29,0.47,42.80%,17.50%,13.50%,Apr 27/b,375.29,-0.31%,4364364
435,436,LKQ,14.57B,2.03%,9.50%,20.80%,14.70%,1.90,0.80,0.47,0.48,40.90%,12.30%,9.00%,Apr 27/b,54.23,-0.53%,2631234
436,437,LLY,430.90B,1.01%,11.50%,56.20%,24.40%,1.30,1.00,1.69,1.69,77.70%,22.50%,20.50%,Apr 27/b,447.71,-1.37%,4283691
437,438,LMT,116.05B,2.61%,10.80%,53.80%,23.80%,1.30,1.10,1.61,1.62,12.90%,10.50%,8.60%,Apr 18/b,459.17,0.71%,1641733
438,439,LNG,35.76B,1.06%,18.60%,-286.00%,18.00%,1.40,1.30,12.84,12.88,42.30%,39.50%,23.20%,May 02/b,148.68,1.02%,1987540
439,440,LNT,13.51B,3.37%,3.30%,10.50%,6.00%,0.60,0.50,1.29,1.43,90.50%,21.40%,15.60%,May 04/a,53.74,-0.02%,2353284
440,441,LOW,128.29B,2.03%,13.80%,-50.50%,38.40%,1.20,0.20,-,-,33.10%,10.60%,6.60%,May 23/b,217.08,-0.85%,6855455
441,442,LPLA,16.62B,0.57%,11.60%,51.20%,19.50%,-,-,1.35,0.00,99.00%,17.00%,11.70%,May 17/a,208.98,-2.33%,918708
442,443,LRCX,83.42B,1.13%,26.40%,64.70%,42.50%,3.10,2.00,0.59,0.60,45.00%,30.80%,26.10%,Apr 19/a,612.65,-1.34%,2678036
443,444,LSCC,12.34B,-,26.00%,42.30%,29.90%,3.60,2.40,0.20,0.00,69.10%,30.10%,28.60%,May 01/a,88.66,-1.10%,2997244
444,445,LSI,11.08B,3.70%,5.10%,10.20%,6.70%,-,-,0.95,0.95,73.40%,44.90%,34.00%,May 02/a,129.78,-0.34%,805307
445,446,LSXMA,30.69B,-,3.90%,13.70%,6.60%,0.40,0.40,1.38,1.45,53.50%,20.20%,13.20%,May 05/b,30.9,0.10%,772486
446,447,LSXMK,30.28B,-,-,-,-,-,-,-,-,-,-,-,May 05/b,30.91,0.39%,1140794
447,448,LULU,46.66B,-,17.80%,30.90%,27.00%,2.40,1.20,0.00,0.00,56.20%,17.30%,11.20%,Jun 01/a,383.02,0.10%,1802691
448,449,LUV,20.21B,2.10%,1.80%,6.10%,3.40%,1.30,1.20,0.78,0.78,67.40%,3.10%,2.70%,Apr 27/b,34.25,0.82%,8737060
449,450,LVS,44.83B,-,-2.50%,-13.80%,-4.80%,1.80,1.80,3.44,3.94,44.40%,-2.10%,-10.40%,Apr 19/a,58.45,-0.36%,4881882
450,451,LW,16.72B,0.98%,11.90%,100.50%,10.30%,2.60,1.60,4.43,4.50,27.20%,17.30%,11.30%,Apr 06/b,114.34,-0.35%,1529063
451,452,LYB,29.85B,5.42%,8.30%,24.40%,17.60%,1.80,1.10,0.83,0.89,12.50%,8.70%,6.40%,Apr 28/b,92.24,0.51%,4144097
452,453,LYG,37.49B,5.15%,-,-,8.30%,-,-,0.00,0.00,-,-,-,-,2.27,-0.87%,8564546
453,454,LYV,20.77B,-,-,-,11.50%,1.10,1.10,-,-,25.70%,-,-,May 04/a,90.18,-0.18%,3106510
454,455,MA,359.19B,0.61%,25.50%,159.90%,51.50%,1.20,1.20,2.87,2.92,-,54.60%,42.30%,Apr 27/b,376.53,-0.66%,5886891
455,456,MAA,17.99B,3.61%,5.80%,10.90%,6.30%,-,-,0.71,0.71,61.20%,32.60%,31.80%,Apr 26/a,155.29,0.73%,1196027
456,457,MANH,12.02B,-,25.80%,67.30%,54.50%,1.20,1.20,0.00,0.00,53.20%,20.50%,17.00%,Apr 25/a,191.81,-0.99%,711363
457,458,MAR,53.84B,1.18%,11.10%,309.10%,25.50%,0.50,0.50,73.56,76.12,22.20%,17.40%,12.30%,May 02/b,176.36,-0.18%,4717893
458,459,MAS,12.61B,2.05%,15.20%,-147.20%,38.60%,1.60,1.00,-,-,31.70%,15.20%,9.60%,Apr 26/b,55.5,-0.93%,3486825
459,460,MBLY,32.01B,-,-0.60%,-0.80%,-0.60%,4.00,3.50,0.00,0.00,49.30%,-3.70%,-5.20%,Apr 27/b,39.16,-1.43%,3679880
460,461,MCD,213.63B,2.07%,13.70%,-111.30%,24.00%,1.50,1.50,-,-,57.50%,38.70%,29.40%,Apr 25/b,293.7,0.37%,4885811
461,462,MCHP,46.56B,1.79%,13.80%,35.90%,18.80%,1.00,0.60,0.77,0.99,67.50%,36.80%,26.50%,May 04/a,85.49,0.14%,9202383
462,463,MCK,54.22B,0.53%,5.70%,-176.20%,93.00%,0.90,0.50,-,-,4.50%,1.60%,1.30%,May 08/a,406.2,1.53%,1488747
463,464,MCO,63.92B,0.90%,9.60%,55.30%,16.30%,1.50,1.50,2.41,2.58,70.00%,34.20%,25.40%,Apr 25/b,341.85,-1.85%,1242615
464,465,MDB,27.20B,-,-12.80%,-44.70%,-18.60%,4.20,4.20,1.49,1.50,73.00%,-24.80%,-23.60%,Jun 01/a,379.9,-1.43%,1613136
465,466,MDLZ,100.04B,2.09%,5.70%,14.40%,5.10%,0.70,0.50,0.66,0.79,35.80%,12.00%,12.00%,Apr 27/a,73.57,0.15%,10878563
466,467,MDT,117.44B,3.10%,4.40%,7.80%,6.90%,1.80,1.40,0.43,0.55,66.70%,18.00%,13.20%,May 25/b,89.15,1.02%,9043743
467,468,MELI,61.45B,-,4.80%,34.90%,10.40%,1.30,1.30,1.23,2.37,49.70%,10.90%,5.50%,May 03/a,1194.74,-2.37%,779212
468,469,MET,42.24B,3.75%,0.30%,5.70%,7.30%,-,-,0.55,0.56,-,4.80%,2.50%,May 03/a,55.5,0.62%,10275175
469,470,META,722.25B,-,11.90%,17.10%,18.20%,2.10,2.10,0.08,0.09,78.30%,23.60%,18.30%,Apr 26/a,281.0,-0.29%,43001938
470,471,MFC,35.64B,5.69%,0.70%,12.40%,16.30%,-,-,0.33,0.33,-,-,19.80%,May 10/a,18.99,-1.61%,4603642
471,472,MFG,38.60B,4.13%,-0.30%,-8.80%,4.70%,-,-,1.56,1.56,-,47.90%,-39.80%,-,2.98,-0.67%,325976
472,473,MGA,16.24B,3.23%,1.60%,4.00%,4.40%,1.30,0.90,0.41,0.47,12.00%,1.90%,1.10%,May 05/b,56.99,0.41%,915195
473,474,MGM,15.91B,0.02%,4.20%,38.30%,5.40%,2.20,2.10,1.43,1.45,49.20%,14.60%,13.70%,May 01/a,42.64,-2.47%,7900910
474,475,MKC,24.67B,1.68%,5.10%,14.20%,7.60%,0.70,0.30,0.74,1.07,35.60%,14.20%,10.40%,Jun 29/b,92.65,0.73%,1712860
475,476,MKL,17.86B,-,0.60%,2.20%,-0.30%,-,-,0.30,0.30,-,5.50%,2.10%,Apr 26/a,1343.69,0.39%,53665
476,477,MKTX,10.56B,1.04%,16.30%,24.50%,22.10%,-,-,0.00,0.00,92.40%,45.40%,35.20%,Apr 26/b,277.15,-1.09%,1206502
477,478,MLM,26.61B,0.62%,6.50%,13.80%,7.80%,2.10,1.40,0.61,0.70,25.00%,21.40%,15.40%,May 04/b,426.54,-0.68%,614593
478,479,MMC,89.31B,1.30%,9.60%,30.80%,14.90%,1.20,1.20,0.99,1.18,-,21.60%,15.20%,Apr 20/b,181.15,0.34%,2850674
479,480,MMM,57.27B,5.74%,11.80%,37.70%,19.30%,1.40,0.90,0.85,1.04,43.20%,18.40%,16.30%,Apr 25/b,104.54,0.70%,6192663
480,481,MMP,12.16B,6.97%,14.80%,66.60%,16.50%,1.00,0.40,2.96,2.96,47.00%,35.90%,33.70%,May 04/b,60.1,-0.13%,4657114
481,482,MNST,61.55B,-,15.50%,18.50%,17.10%,4.50,3.70,0.00,0.00,50.80%,25.70%,19.90%,May 04/a,58.45,-0.60%,7688721
482,483,MO,78.81B,8.53%,15.40%,-154.10%,45.30%,0.80,0.60,-,-,57.00%,47.30%,22.40%,Apr 27/b,44.07,-0.18%,13649728
483,484,MOH,16.54B,-,6.70%,28.20%,16.80%,1.50,1.50,0.72,0.72,15.10%,3.90%,2.60%,Apr 26/a,278.02,-2.04%,763075
484,485,MOS,11.72B,2.23%,12.10%,24.00%,22.70%,1.10,0.50,0.20,0.36,26.50%,21.70%,15.10%,May 03/a,35.82,1.53%,12257793
485,486,MPC,48.30B,2.65%,18.00%,61.20%,31.20%,1.90,1.30,1.01,1.02,16.90%,13.60%,9.30%,May 02/b,113.29,-0.47%,10768231
486,487,MPLX,33.94B,9.10%,11.00%,33.70%,15.10%,1.50,1.40,1.80,1.80,55.40%,45.00%,35.10%,May 02/b,34.07,0.50%,4238976
487,488,MPWR,24.63B,0.77%,23.40%,29.30%,26.30%,5.10,3.80,0.00,0.00,58.30%,29.70%,25.10%,May 04/a,517.61,-0.32%,1110036
488,489,MRK,277.60B,2.67%,12.10%,28.90%,20.90%,1.40,1.20,0.60,0.66,72.80%,28.80%,22.50%,Apr 27/b,109.32,-0.07%,15830593
489,490,MRNA,49.55B,-,18.70%,25.90%,40.60%,3.50,3.30,0.04,0.05,65.50%,32.10%,31.80%,May 04/b,128.73,-0.96%,5496062
490,491,MRO,14.38B,1.70%,14.30%,24.00%,21.80%,0.70,0.70,0.50,0.52,90.80%,46.90%,34.10%,May 03/a,23.5,0.90%,18394763
491,492,MRVL,53.35B,0.39%,-0.70%,-1.10%,-0.10%,1.00,0.70,0.20,0.30,48.20%,-0.20%,-2.90%,May 25/a,61.12,-1.47%,17815753
492,493,MS,148.72B,3.52%,0.80%,10.60%,1.50%,-,-,2.67,7.32,67.70%,18.00%,13.30%,Apr 19/b,88.09,-1.08%,13141638
493,494,MSCI,39.04B,1.16%,17.90%,-87.80%,29.50%,1.50,1.50,-,-,82.00%,54.10%,38.60%,Apr 25/b,477.73,-2.01%,628092
494,495,MSFT,2588.29B,0.79%,18.80%,38.50%,31.30%,1.90,1.90,0.29,0.33,68.40%,40.80%,33.20%,Apr 25/a,342.33,-1.66%,46393046
495,496,MSI,47.34B,1.26%,11.30%,-,24.60%,1.20,0.90,25.70,25.71,47.00%,19.30%,14.60%,May 04/a,280.25,-0.72%,1302324
496,497,MT,24.04B,1.56%,6.60%,11.80%,13.20%,1.60,0.70,0.16,0.21,-,9.20%,8.20%,May 04/b,28.12,-0.11%,1770252
497,498,MTB,20.70B,4.22%,-,-,17.20%,-,-,0.32,0.32,-,-,-,Apr 17/b,123.16,-1.29%,2639862
498,499,MTCH,12.06B,-,7.30%,-65.50%,14.50%,1.70,1.70,-,-,69.70%,15.90%,9.50%,May 02/a,42.25,-2.42%,5853503
499,500,MTD,29.43B,-,26.20%,-,42.80%,1.30,0.90,-,-,59.10%,27.40%,22.50%,May 04/a,1321.97,-1.07%,188749
500,501,MU,75.32B,0.68%,2.40%,3.30%,15.40%,4.20,2.60,0.25,0.26,27.50%,8.70%,7.00%,Jun 28/a,67.66,-1.69%,32169642
501,502,MUFG,89.65B,1.53%,0.30%,6.60%,4.20%,-,-,2.35,0.00,-,44.90%,21.10%,-,6.93,-1.28%,1788033
502,503,NDAQ,25.65B,1.72%,5.20%,19.00%,10.50%,1.00,1.00,0.77,0.83,57.90%,25.20%,18.40%,Apr 19/b,51.22,-2.01%,7413080
503,504,NDSN,13.48B,1.10%,12.80%,21.80%,18.60%,1.20,0.70,0.14,0.39,54.10%,26.10%,19.80%,May 22/a,237.11,0.22%,360292
504,505,NEE,150.46B,2.47%,4.20%,17.00%,3.40%,0.50,0.50,1.38,1.65,-,31.50%,27.00%,Apr 25/b,75.59,1.65%,23040560
505,506,NEM,33.93B,3.65%,-1.40%,-2.60%,-1.00%,2.40,1.70,0.31,0.32,43.70%,-0.80%,-4.50%,Apr 27/b,43.83,2.65%,17156301
506,507,NET,23.32B,-,-7.40%,-31.00%,-9.90%,4.40,4.40,2.20,0.00,75.70%,-19.80%,-18.00%,Apr 27/a,67.63,-3.73%,4966284
507,508,NFLX,197.94B,-,8.70%,20.40%,12.80%,1.30,1.30,0.64,0.66,38.30%,16.80%,13.20%,Apr 18/a,431.96,-2.99%,8731801
508,509,NGG,48.18B,4.97%,8.30%,31.20%,5.50%,1.00,0.90,1.36,1.46,-,22.50%,36.00%,-,67.93,1.01%,609499
509,510,NI,11.29B,3.65%,2.50%,11.20%,6.30%,0.60,0.50,1.68,1.89,63.50%,20.10%,11.00%,May 03/b,27.38,0.15%,5454390
510,511,NICE,14.44B,-,6.00%,9.50%,6.90%,2.10,2.10,0.15,0.23,68.40%,16.00%,12.80%,May 11/b,223.6,-2.20%,341950
511,512,NIMC,11.31B,7.66%,-,-,-,-,-,-,-,-,-,-,-,101.24,0.21%,1706
512,513,NIO,16.52B,-,-18.60%,-66.90%,-38.80%,1.30,1.10,0.58,0.97,7.70%,-36.80%,-35.10%,Jun 09/b,9.4,-3.98%,81068201
513,514,NKE,172.77B,1.20%,13.80%,36.00%,24.60%,2.70,1.80,0.61,0.65,43.90%,12.20%,10.80%,Jun 29/a,113.59,1.05%,14337878
514,515,NLY,10.32B,12.63%,-1.50%,-13.00%,2.20%,-,-,0.95,6.90,-84.40%,-,-,Apr 26/a,20.59,-1.44%,10140555
515,516,NMR,12.42B,3.11%,0.20%,3.00%,0.30%,-,-,3.30,9.31,53.70%,6.00%,3.70%,-,3.96,0.00%,1175594
516,517,NOC,68.77B,1.63%,11.10%,33.00%,9.40%,1.20,1.10,0.91,0.98,20.40%,9.80%,12.90%,Apr 27/b,458.35,1.21%,1178360
517,518,NOK,24.07B,2.22%,10.20%,21.30%,16.20%,1.50,1.30,0.21,0.25,40.30%,9.40%,17.00%,Apr 20/b,4.28,0.94%,20144274
518,519,NOW,117.02B,-,3.30%,8.30%,4.30%,1.20,1.20,0.27,0.00,78.40%,5.40%,5.30%,Apr 26/a,565.48,-1.55%,2086255
519,520,NSC,50.83B,2.41%,7.70%,23.50%,14.10%,0.80,0.70,1.15,1.18,49.60%,34.20%,23.40%,Apr 26/b,224.14,0.38%,1995668
520,521,NTAP,15.78B,2.69%,13.10%,123.70%,34.60%,1.30,1.30,2.06,2.06,66.20%,16.00%,20.00%,May 31/a,74.37,0.83%,3140499
521,522,NTES,63.30B,1.55%,13.10%,21.60%,11.00%,2.30,2.30,0.03,0.29,56.00%,21.80%,23.20%,May 25/b,98.45,0.32%,1372434
522,523,NTR,39.12B,4.72%,12.40%,26.50%,21.90%,1.20,0.50,0.41,0.60,38.80%,26.80%,18.90%,May 10/a,60.07,0.74%,2204887
523,524,NTRS,15.76B,4.02%,0.80%,11.90%,0.90%,-,-,0.45,12.59,82.30%,20.60%,14.90%,Apr 25/b,74.71,-1.23%,1991273
524,525,NU,34.93B,-,-0.60%,-3.60%,-1.70%,-,-,0.12,3.18,65.50%,0.00%,-3.20%,May 15/a,7.54,1.75%,22099888
525,526,NUE,37.98B,1.35%,-,-,32.80%,3.70,2.30,0.35,0.35,27.80%,-,-,Apr 20/b,151.41,0.15%,3177400
526,527,NVDA,1053.53B,0.04%,11.30%,20.90%,13.30%,3.40,2.80,0.40,0.45,56.30%,17.40%,18.50%,May 24/a,426.92,0.09%,65402829
527,528,NVO,278.67B,1.09%,25.70%,77.70%,56.10%,0.90,0.70,0.30,0.32,84.20%,42.80%,32.50%,May 04/b,161.29,-0.76%,1051568
528,529,NVR,19.29B,-,29.30%,49.00%,39.90%,-,-,0.24,0.24,26.80%,20.70%,15.80%,Apr 25/b,5990.38,0.76%,50762
529,530,NVS,228.43B,3.44%,6.00%,12.00%,8.90%,1.10,0.80,0.42,0.56,71.10%,17.60%,13.50%,Apr 25/b,101.83,0.43%,2683278
530,531,NWG,29.31B,5.13%,0.50%,10.20%,6.10%,-,-,1.59,1.59,-,69.80%,25.70%,-,6.59,0.00%,1775795
531,532,NWS,11.27B,1.01%,-,-,-,-,-,-,-,-,-,-,May 11/a,19.8,0.20%,1496592
532,533,NWSA,11.24B,1.02%,1.60%,3.30%,6.70%,1.30,1.10,0.37,0.37,48.50%,3.20%,2.60%,May 11/a,19.57,0.31%,3908237
533,534,NXPI,50.85B,2.05%,11.90%,37.30%,17.50%,1.70,1.30,1.28,1.40,57.00%,28.30%,20.80%,May 01/a,197.85,1.07%,4512624
534,535,O,41.22B,4.99%,1.90%,3.20%,1.60%,-,-,0.65,0.65,93.00%,23.90%,25.70%,May 03/a,61.39,0.26%,18463207
535,536,OC,11.08B,1.70%,12.30%,28.50%,17.70%,1.90,1.20,0.63,0.63,27.00%,18.60%,13.50%,Apr 26/b,122.16,-0.62%,2378288
536,537,ODFL,36.01B,0.49%,28.10%,37.50%,36.70%,1.60,1.60,0.02,0.03,86.20%,29.30%,22.00%,Apr 26/b,325.46,-0.89%,1332931
537,538,OKE,27.34B,6.27%,9.70%,36.50%,11.30%,1.20,0.90,1.78,1.85,21.30%,17.00%,11.10%,May 02/a,60.95,-0.26%,7630644
538,539,OKTA,12.37B,-,-7.60%,-12.60%,-10.80%,2.10,2.10,0.33,0.00,71.60%,-35.80%,-35.30%,May 31/a,75.75,-0.56%,3921285
539,540,OMC,19.07B,2.94%,5.40%,45.90%,17.40%,1.00,0.90,1.80,1.81,26.70%,14.50%,9.60%,Apr 18/a,95.15,-0.47%,2585462
540,541,ON,39.30B,-,15.90%,31.00%,20.80%,2.20,1.50,0.40,0.55,48.40%,27.90%,22.00%,May 01/b,90.15,-0.93%,28115614
541,542,ORAN,29.84B,10.37%,-,-,4.40%,0.90,0.90,1.22,1.51,59.10%,-,-,-,11.28,-0.79%,2272107
542,543,ORCL,341.66B,1.28%,7.00%,-187.50%,14.40%,0.80,0.80,-,-,72.80%,28.10%,17.60%,Jun 12/a,125.46,-0.86%,19438215
543,544,ORLY,56.46B,-,17.70%,-176.70%,70.30%,0.70,0.10,-,-,51.00%,20.30%,14.90%,Apr 26/a,919.02,-0.91%,885195
544,545,OTEX,11.34B,2.34%,2.50%,7.50%,6.00%,0.70,0.70,2.08,2.20,70.30%,13.50%,7.70%,May 04/a,41.49,-1.07%,773874
545,546,OTIS,36.59B,1.53%,13.10%,-25.90%,79.80%,0.90,0.80,-,-,28.70%,14.80%,9.30%,Apr 26/b,88.62,0.09%,3052289
546,547,OWL,16.49B,4.85%,0.10%,0.70%,0.20%,-,-,1.11,1.11,-,5.80%,0.70%,May 04/b,11.55,-1.45%,3237196
547,548,OXY,52.47B,1.24%,12.10%,45.30%,32.20%,1.10,0.80,0.96,0.97,66.50%,35.40%,24.70%,May 09/a,58.15,-0.46%,13715211
548,549,PAG,10.80B,1.72%,9.40%,31.30%,11.60%,1.00,0.30,0.37,1.06,17.20%,5.20%,4.70%,Apr 26/b,153.72,-1.80%,394729
549,550,PANW,74.57B,-,1.70%,32.10%,-6.40%,0.70,0.70,0.00,2.99,70.80%,2.30%,3.30%,May 23/a,246.53,1.12%,54804402
550,551,PARA,10.87B,1.23%,-0.90%,-2.20%,5.10%,1.10,1.00,0.71,0.73,27.90%,1.00%,-1.70%,May 04/b,16.28,-1.51%,12996149
551,552,PATH,10.52B,-,-9.20%,-12.50%,-18.70%,4.50,4.50,0.00,0.00,83.90%,-25.30%,-21.50%,May 24/a,18.1,-3.47%,14361977
552,553,PAYC,18.75B,0.47%,7.60%,26.90%,22.30%,1.20,1.20,0.02,0.00,84.40%,28.00%,21.00%,May 02/a,319.92,-1.24%,671869
553,554,PAYX,40.85B,3.13%,15.60%,46.90%,36.20%,1.30,1.30,0.23,0.24,-,40.10%,30.50%,Jun 29/b,113.59,0.25%,3842225
554,555,PBA,17.19B,-,-,-,-,-,-,-,-,-,-,-,May 04/a,31.23,0.42%,763399
555,556,PBR,85.58B,21.53%,18.60%,47.00%,32.40%,1.20,0.90,0.55,0.67,48.50%,45.30%,28.50%,May 11/a,13.9,0.80%,15216152
556,557,PBR-A,86.01B,39.49%,-,-,-,-,-,-,-,-,-,-,-,12.37,0.49%,15659513
557,558,PCAR,41.33B,1.27%,9.70%,24.00%,12.40%,-,-,0.86,0.86,20.50%,15.10%,10.20%,Apr 25/b,78.63,-0.57%,3943723
558,559,PCG,42.67B,-,1.60%,8.40%,4.20%,0.80,0.80,2.08,2.29,76.30%,8.70%,8.60%,May 04/b,17.4,0.87%,21673674
559,560,PCGU,43.04B,3.65%,-,-,-,-,-,-,-,-,-,-,-,150.65,0.41%,50940
560,561,PCTY,10.59B,-,3.00%,17.80%,15.00%,1.10,1.10,0.00,0.00,68.20%,11.40%,10.80%,May 04/a,184.98,-2.52%,585530
561,562,PDD,106.65B,-,16.90%,33.50%,19.30%,1.90,-,0.01,0.12,75.50%,24.40%,25.70%,May 26/b,79.87,-1.18%,12500401
562,563,PEAK,11.36B,5.81%,-,-,5.00%,-,-,0.96,0.98,58.20%,-,-,Apr 27/a,20.67,-0.43%,7153600
563,564,PEG,31.07B,3.65%,4.70%,16.80%,4.10%,0.80,0.70,1.16,1.37,-,27.40%,20.60%,May 02/b,62.54,0.45%,5330707
564,565,PEN,12.94B,-,0.50%,0.70%,0.00%,5.40,3.00,0.02,0.03,63.20%,2.00%,0.70%,May 02/a,337.37,-0.27%,558848
565,566,PEP,255.85B,2.72%,7.10%,36.70%,16.90%,0.90,0.60,2.20,2.45,53.50%,9.70%,7.50%,Jul 13/b,186.04,0.18%,8912369
566,567,PFE,224.40B,4.09%,14.80%,30.90%,25.30%,1.40,1.10,0.31,0.36,68.20%,35.80%,31.30%,May 02/b,40.06,0.78%,60290730
567,568,PFG,17.99B,3.42%,1.50%,42.20%,8.30%,-,-,0.46,0.46,-,16.90%,30.30%,Apr 27/a,74.78,0.92%,3110138
568,569,PG,349.89B,2.52%,11.90%,31.70%,18.90%,0.60,0.40,0.52,0.83,47.00%,21.70%,17.30%,Apr 21/b,149.54,0.73%,11229476
569,570,PGR,75.13B,0.31%,1.10%,5.40%,4.40%,-,-,0.39,0.39,-,2.60%,1.60%,Jul 13/b,129.99,1.27%,3352610
570,571,PH,47.99B,1.60%,5.10%,16.40%,12.20%,1.20,0.70,1.17,1.37,32.00%,15.70%,8.30%,May 04/b,369.1,-1.32%,1037095
571,572,PHG,18.75B,4.47%,-,-15.50%,-6.90%,-,-,0.58,0.66,41.20%,-10.70%,-11.70%,Apr 24/b,20.41,-0.39%,972932
572,573,PHM,16.51B,0.87%,-,-,22.60%,-,-,0.22,0.26,29.60%,-,-,Apr 25/b,73.51,-0.61%,5781284
573,574,PINS,17.07B,-,-8.10%,-9.50%,-3.40%,10.20,10.20,0.00,0.00,75.10%,-12.10%,-10.60%,Apr 27/a,25.36,1.60%,12959099
574,575,PKG,11.93B,3.78%,11.70%,24.90%,17.60%,3.10,1.90,0.66,0.66,23.90%,16.00%,11.50%,Apr 24/a,132.42,-0.18%,1737723
575,576,PKX,25.62B,3.64%,2.10%,4.00%,4.90%,2.20,1.50,0.31,0.53,7.40%,3.40%,2.60%,-,75.98,-0.61%,439110
576,577,PLD,112.40B,2.84%,3.60%,6.10%,2.80%,-,-,0.48,0.48,74.50%,37.50%,41.00%,Apr 18/b,122.63,0.75%,5830935
577,578,PLTR,35.15B,-,-7.40%,-10.20%,-6.70%,5.40,5.40,0.00,0.00,78.70%,-5.90%,-12.90%,May 08/a,16.3,-1.81%,90235561
578,579,PM,147.04B,5.35%,16.90%,-96.40%,29.30%,0.90,0.40,-,-,63.90%,36.50%,27.10%,Apr 20/b,94.89,0.17%,9474971
579,580,PNC,51.40B,4.67%,1.10%,12.60%,15.40%,-,-,0.59,0.59,-,70.80%,32.70%,Apr 14/b,128.47,-0.25%,3460613
580,581,PNR,10.06B,1.45%,8.00%,18.40%,10.50%,1.80,1.00,0.89,0.89,34.10%,15.30%,11.90%,Apr 27/b,60.81,-0.33%,1593838
581,582,PODD,20.01B,-,0.00%,0.10%,1.70%,3.50,2.50,2.72,2.78,61.10%,2.00%,0.00%,May 04/a,284.5,-0.92%,727495
582,583,POOL,13.96B,1.23%,-,-,30.10%,2.40,0.60,1.06,1.09,31.10%,-,-,Apr 20/b,357.95,0.12%,556376
583,584,PPG,33.26B,1.73%,6.00%,19.60%,8.30%,1.70,1.10,0.99,1.02,38.00%,9.60%,7.20%,Apr 20/a,143.08,1.28%,2673810
584,585,PPL,19.91B,3.56%,2.00%,5.50%,4.20%,1.20,1.10,1.03,1.04,75.80%,16.60%,9.00%,May 04/b,26.99,-0.07%,8309809
585,586,PRU,31.67B,5.75%,0.00%,0.10%,-3.80%,-,-,0.66,0.69,-,0.30%,0.00%,May 02/a,87.03,0.31%,3973720
586,587,PSA,50.57B,4.18%,23.60%,73.00%,33.80%,-,-,1.21,1.21,74.90%,-,96.30%,May 03/a,287.1,-0.19%,1798441
587,588,PSTG,11.55B,-,-,-,4.20%,1.40,1.40,0.01,0.62,69.20%,-,-,May 31/a,37.74,0.37%,5880773
588,589,PSX,44.52B,4.32%,16.90%,44.20%,19.90%,1.50,1.20,0.58,0.61,13.30%,6.70%,7.40%,May 03/b,97.13,0.11%,4962188
589,590,PTC,16.99B,-,6.20%,13.50%,10.00%,0.70,0.70,0.76,0.76,79.40%,22.90%,16.00%,May 16/a,143.15,-0.31%,1514625
590,591,PUK,39.56B,1.30%,0.40%,6.10%,-,-,-,0.27,0.30,-,-,-,-,28.89,-1.06%,289563
591,592,PWR,26.97B,0.17%,3.70%,9.50%,7.50%,1.60,1.60,0.74,0.75,14.60%,5.00%,2.90%,May 04/b,185.95,0.08%,1751534
592,593,PXD,47.52B,11.22%,19.40%,30.90%,28.80%,0.90,0.80,0.23,0.27,54.10%,40.40%,30.80%,Apr 26/a,206.8,1.73%,4239170
593,594,PYPL,73.47B,-,3.50%,13.50%,9.30%,1.30,1.30,0.53,0.55,41.70%,14.70%,9.60%,May 08/a,66.43,0.88%,29672744
594,595,QCOM,137.70B,2.61%,21.70%,58.10%,41.20%,2.40,1.60,0.79,0.81,56.50%,30.60%,25.70%,May 03/a,122.68,-0.75%,12886685
595,596,QGEN,10.62B,-,5.60%,10.40%,8.30%,2.50,2.10,0.42,0.53,63.90%,21.10%,17.70%,May 03/a,46.76,0.39%,723331
596,597,QRVO,10.12B,-,1.40%,2.50%,2.60%,3.70,2.20,0.52,0.00,36.30%,5.10%,2.90%,May 03/a,102.62,0.11%,3467042
597,598,QSR,23.81B,2.88%,4.50%,42.20%,12.80%,1.00,0.90,5.10,5.15,64.40%,28.50%,15.30%,May 02/b,76.43,-0.09%,732681
598,599,RACE,55.87B,-,-,-,-,-,-,-,-,-,-,-,May 04/b,308.02,0.62%,294920
599,600,RBA,10.37B,1.89%,2.10%,5.00%,19.20%,1.30,1.20,0.65,0.70,55.00%,10.60%,5.80%,May 10/a,57.09,0.07%,12523543
600,601,RBLX,24.81B,-,-19.90%,-270.90%,-71.60%,1.10,1.10,3.99,3.99,75.90%,-45.30%,-44.10%,May 10/b,41.8,2.88%,15243676
601,602,RCI,23.37B,3.41%,3.30%,17.60%,6.20%,1.90,1.90,3.02,3.65,41.70%,23.50%,11.50%,Apr 26/b,43.97,-0.52%,479517
602,603,RCL,24.53B,-,-3.10%,-33.60%,-3.30%,0.30,0.20,6.8,7.53,33.90%,2.60%,-9.70%,May 04/b,95.3,-0.64%,3901028
603,604,RE,14.76B,1.87%,1.60%,7.70%,10.00%,-,-,0.34,0.34,-,8.80%,5.10%,May 01/a,352.35,2.35%,587120
604,605,REG,10.40B,4.25%,3.50%,6.30%,4.80%,-,-,0.62,0.62,71.60%,38.10%,31.10%,May 04/a,61.14,0.49%,1101866
605,606,REGN,85.91B,-,14.70%,19.00%,16.60%,5.50,4.70,0.11,0.0,87.00%,35.80%,33.80%,May 04/b,783.05,-0.00%,993137
606,607,RELX,63.49B,1.95%,11.20%,50.00%,17.40%,0.60,0.50,1.55,1.78,64.40%,27.10%,19.10%,-,34.04,1.64%,2030391
607,608,REXR,11.53B,2.83%,1.90%,2.80%,2.60%,-,-,0.32,0.0,76.40%,34.30%,25.30%,Apr 19/a,53.72,-0.09%,4014994
608,609,RF,17.19B,4.42%,1.40%,15.30%,23.40%,-,-,0.15,0.15,-,83.40%,38.80%,Apr 21/b,18.12,-1.09%,17517692
609,610,RIO,114.32B,13.46%,12.30%,24.20%,22.70%,1.60,1.10,0.22,0.24,-,35.50%,22.40%,-,67.55,-1.17%,3722183
610,611,RIVN,14.32B,-,-34.60%,-44.30%,-45.60%,5.90,5.10,0.21,0.0,-,-,-,May 09/a,14.88,-2.36%,92074575
611,612,RJF,21.23B,1.68%,2.10%,17.40%,2.30%,-,-,0.37,5.9,91.30%,18.70%,13.90%,Apr 26/a,100.09,-0.08%,2048186
612,613,RKT,18.43B,-,-0.10%,-4.60%,11.60%,-,-,7.05,19.71,-,-7.20%,-0.60%,May 04/a,9.19,-1.50%,2835054
613,614,RMD,32.17B,0.80%,14.60%,23.90%,19.80%,3.10,1.70,0.4,0.4,56.30%,27.70%,21.50%,Apr 27/a,219.04,0.03%,734121
614,615,ROK,36.69B,1.49%,11.90%,47.10%,14.00%,1.10,0.70,0.91,1.26,41.10%,18.80%,15.80%,Apr 27/b,315.8,-1.13%,1431118
615,616,ROKU,10.10B,-,-15.50%,-24.70%,-19.70%,3.10,3.00,0.0,0.0,45.10%,-23.00%,-21.20%,Apr 26/a,70.69,-1.48%,5787356
616,617,ROL,20.52B,1.27%,18.00%,31.40%,27.50%,0.80,0.70,0.05,0.05,51.50%,18.60%,13.90%,Apr 26/a,41.09,-1.32%,2399819
617,618,ROP,49.15B,0.60%,10.80%,18.70%,5.40%,0.80,0.80,0.37,0.41,69.70%,28.20%,50.50%,Apr 27/b,458.78,-0.51%,1014913
618,619,ROST,36.75B,1.24%,11.60%,36.60%,22.50%,1.90,1.30,0.57,0.57,25.50%,10.50%,8.20%,May 18/a,107.84,-0.04%,3476998
619,620,RPM,10.95B,1.97%,7.30%,24.30%,11.20%,2.80,1.60,1.37,1.37,37.50%,10.50%,6.80%,Apr 06/b,85.22,0.29%,957677
620,621,RPRX,19.55B,2.51%,1.90%,5.60%,2.40%,2.40,2.40,1.03,1.20,-,24.00%,14.10%,May 09/b,31.9,-0.93%,4651436
621,622,RRX,10.07B,0.93%,3.00%,5.70%,6.80%,2.90,1.70,1.12,1.13,32.60%,11.50%,6.90%,May 04/a,151.24,-0.49%,561306
622,623,RS,15.04B,1.56%,16.50%,24.20%,22.00%,4.80,2.80,0.16,0.16,30.80%,14.00%,10.30%,Apr 27/b,256.07,0.07%,809344
623,624,RSG,45.72B,1.36%,5.30%,15.90%,9.50%,0.70,0.70,1.16,1.20,39.00%,17.50%,10.80%,Apr 27/a,145.73,0.82%,1515007
624,625,RTO,20.38B,1.79%,-,-,2.70%,1.10,1.10,0.95,1.31,-,-,-,-,40.65,-0.02%,839858
625,626,RTX,143.19B,2.41%,3.50%,7.70%,4.50%,1.10,0.90,0.45,0.47,20.50%,8.70%,8.10%,Apr 25/b,97.74,-0.27%,9029088
626,627,RVTY,14.76B,0.23%,-,-,5.10%,2.40,2.20,0.48,0.54,62.00%,-,-,-,119.26,1.35%,1309272
627,628,RY,131.89B,4.15%,0.70%,14.00%,4.20%,-,-,0.11,3.26,-,34.60%,21.60%,May 25/b,95.45,0.23%,757883
628,629,RYAAY,20.76B,-,6.60%,17.30%,-1.40%,0.90,0.90,0.49,0.80,39.30%,11.40%,9.90%,May 22/b,107.89,0.87%,406703
629,630,RYAN,11.10B,-,-,-,11.10%,1.30,1.30,3.83,3.88,-,-,-,May 04/a,42.97,0.54%,747175
630,631,SAN,58.00B,3.52%,0.50%,10.70%,6.30%,-,-,3.17,3.17,-,35.10%,11.80%,Apr 28/b,3.49,-0.29%,7201905
631,632,SAP,166.03B,1.63%,2.70%,5.00%,6.20%,1.40,1.40,0.23,0.32,71.80%,14.20%,6.50%,Apr 21/b,137.28,0.18%,983343
632,633,SBAC,25.35B,1.47%,3.60%,-7.00%,11.30%,0.70,0.70,-,-,74.70%,34.70%,13.90%,May 01/a,230.57,-1.44%,1017989
633,634,SBUX,116.22B,2.08%,12.60%,-41.10%,57.90%,0.80,0.60,-,-,26.20%,14.90%,10.50%,May 02/a,101.87,0.48%,11700812
634,635,SCCO,57.33B,5.37%,15.50%,34.00%,19.80%,4.20,3.40,0.77,0.00,53.70%,42.90%,26.50%,-,74.44,0.38%,1610628
635,636,SCHW,101.03B,1.84%,1.20%,24.00%,1.70%,-,-,2.42,14.67,88.90%,40.50%,28.90%,Apr 17/b,54.4,-2.00%,19332186
636,637,SCI,10.01B,1.63%,3.30%,28.80%,12.20%,0.40,0.40,2.67,2.71,26.50%,20.70%,12.20%,May 01/a,66.21,-0.05%,1946576
637,638,SE,35.63B,-,-5.70%,-17.80%,-13.90%,1.90,1.90,0.55,0.80,43.10%,-5.30%,-7.80%,May 16/b,62.08,-1.26%,4705731
638,639,SEDG,15.63B,-,4.80%,9.30%,2.90%,3.60,2.60,0.28,0.00,28.40%,7.60%,5.90%,May 03/a,276.7,-0.27%,1054118
639,640,SGEN,37.04B,-,-17.90%,-23.00%,-22.10%,3.60,3.00,0.00,0.00,78.90%,-32.30%,-31.50%,Apr 27/a,198.32,0.39%,1570596
640,641,SHEL,202.00B,3.56%,10.00%,23.10%,14.60%,1.50,1.20,0.39,0.44,25.60%,16.80%,11.40%,May 04/b,60.35,-0.54%,6410215
641,642,SHG,14.27B,2.98%,0.70%,9.00%,5.80%,-,-,2.14,2.14,-,47.50%,20.00%,-,27.33,-0.73%,96377
642,643,SHOP,84.54B,-,-17.60%,-22.50%,-7.20%,6.70,6.70,0.11,0.11,48.00%,-15.50%,-32.50%,May 04/b,64.71,-2.10%,13535781
643,644,SHW,64.33B,0.98%,9.40%,76.70%,15.10%,1.00,0.60,3.03,3.50,42.90%,12.20%,9.40%,Apr 25/b,247.89,-0.63%,2243733
644,645,SIRI,14.82B,2.46%,11.30%,-32.90%,26.90%,0.40,-,-,-,53.50%,21.60%,12.70%,Apr 27/b,3.94,2.87%,57935776
645,646,SJM,16.30B,2.66%,3.50%,7.00%,6.40%,1.20,0.50,0.52,0.52,32.00%,11.30%,7.00%,Jun 06/b,153.1,0.14%,1064623
646,647,SLB,68.27B,2.09%,8.90%,22.30%,12.40%,1.30,0.90,0.59,0.71,19.00%,16.60%,12.90%,Apr 21/b,47.78,-0.25%,14733232
647,648,SLF,29.84B,4.33%,0.90%,12.00%,47.20%,-,-,0.33,0.00,-,34.20%,7.50%,May 11/a,50.91,0.10%,414746
648,649,SMCI,12.80B,-,18.40%,35.40%,14.00%,2.50,1.10,0.08,0.11,18.20%,10.60%,8.90%,May 02/a,230.77,-5.39%,3029255
649,650,SMFG,57.55B,12.31%,0.30%,6.40%,3.70%,-,-,1.90,1.90,-,43.70%,21.30%,-,8.26,-1.31%,2066410
650,651,SNA,14.52B,2.37%,13.60%,21.30%,16.50%,3.50,2.40,0.26,0.26,52.50%,25.10%,19.10%,Apr 20/b,273.87,-0.15%,481886
651,652,SNAP,17.07B,-,-17.00%,-48.60%,-22.50%,4.70,4.70,1.45,1.45,59.90%,-32.90%,-30.90%,Apr 27/a,10.68,0.19%,28822677
652,653,SNN,13.83B,3.77%,2.10%,4.10%,5.30%,2.20,1.00,0.52,0.55,70.50%,8.60%,4.30%,-,32.16,0.50%,2029472
653,654,SNOW,62.24B,-,-11.70%,-15.90%,-15.80%,2.40,2.40,0.00,0.00,65.60%,-42.60%,-37.80%,May 24/a,184.18,-3.56%,6579936
654,655,SNPS,67.92B,-,9.70%,16.30%,18.50%,1.10,1.10,0.00,0.00,78.50%,18.80%,17.40%,May 17/a,441.19,-1.16%,1889110
655,656,SNY,130.24B,3.66%,7.70%,13.30%,9.00%,1.40,1.00,0.23,0.29,69.90%,26.00%,20.00%,Apr 27/b,52.04,0.48%,1142213
656,657,SO,77.16B,3.90%,2.50%,11.10%,5.20%,0.70,0.50,1.71,1.93,83.30%,17.90%,11.50%,Apr 27/b,71.76,1.41%,9344807
657,658,SONY,125.58B,0.56%,3.00%,13.60%,8.80%,0.60,0.50,0.24,0.54,27.20%,10.50%,8.10%,Apr 28/b,97.57,-2.11%,777968
658,659,SPG,36.27B,6.56%,6.50%,71.60%,9.20%,-,-,8.63,8.63,81.10%,49.10%,40.40%,May 02/a,112.79,1.69%,3045164
659,660,SPGI,128.31B,0.91%,4.50%,7.50%,7.90%,0.90,0.90,0.30,0.32,65.70%,35.20%,23.50%,Apr 27/b,395.21,-1.19%,1881802
660,661,SPLK,18.30B,-,-3.00%,44.70%,-6.60%,1.30,1.30,-,-,78.00%,-4.00%,-4.60%,May 24/a,108.02,-2.23%,2884860
661,662,SPOT,29.43B,-,-10.40%,-33.90%,-17.60%,1.20,1.20,0.73,0.73,25.00%,-6.70%,-6.50%,Apr 25/b,159.99,5.13%,3530028
662,663,SQ,40.04B,-,-1.20%,-2.10%,-2.80%,1.80,1.80,0.24,0.26,34.50%,-2.20%,-1.90%,May 04/a,66.51,0.48%,12225184
663,664,SQM,19.37B,14.65%,37.20%,83.60%,50.70%,2.50,1.80,0.45,0.55,51.50%,49.60%,35.20%,May 17/a,72.16,0.22%,1638035
664,665,SRE,46.75B,3.21%,3.20%,9.30%,3.20%,0.50,0.50,0.94,1.10,-,17.90%,14.30%,May 04/b,148.2,-0.26%,2258696
665,666,SRPT,12.26B,-,-36.10%,-197.80%,-35.10%,4.60,4.30,1.73,1.73,85.30%,-,-,May 02/a,130.44,-0.89%,1550736
666,667,SSNC,15.00B,1.33%,3.60%,10.10%,6.90%,1.10,1.10,1.14,1.16,47.30%,21.00%,11.30%,Apr 27/a,60.12,-0.13%,2023954
667,668,STE,21.06B,0.88%,1.00%,1.80%,2.40%,2.30,1.50,0.50,0.51,43.60%,5.40%,2.20%,May 10/a,213.61,0.04%,1057938
668,669,STLA,54.23B,-,-,-,-,-,-,-,-,-,-,-,May 03/b,17.34,1.05%,4579144
669,670,STLD,17.91B,1.66%,24.20%,42.40%,35.30%,4.20,2.50,0.36,0.37,25.00%,20.50%,15.70%,Apr 19/a,102.53,-3.24%,7401493
670,671,STM,45.37B,0.48%,22.20%,35.80%,25.40%,2.60,1.90,0.18,0.19,48.10%,28.30%,25.30%,Apr 27/b,49.99,0.28%,5019370
671,672,STT,24.95B,3.42%,0.90%,11.10%,5.20%,-,-,0.72,0.72,-,48.90%,46.50%,Jul 14/b,73.77,-1.18%,7079859
672,673,STX,13.70B,4.35%,-1.90%,37.50%,33.40%,1.00,0.70,-,-,21.50%,2.40%,-1.90%,Apr 20/b,64.3,-2.78%,4022708
673,674,STZ,45.66B,1.45%,-0.30%,-0.80%,11.50%,1.20,0.50,1.34,1.48,50.60%,29.80%,-0.80%,Jun 30/b,246.03,-1.27%,1503044
674,675,SU,39.61B,5.14%,9.60%,20.80%,19.40%,1.10,0.70,0.32,0.42,64.00%,21.60%,14.40%,May 08/a,30.14,-0.33%,4200323
675,676,SUI,16.66B,2.76%,1.30%,2.70%,3.30%,-,-,0.94,0.94,48.20%,17.10%,6.90%,Apr 26/a,134.87,0.72%,1109954
676,677,SUZ,13.27B,4.76%,-,-,-,-,-,-,-,-,-,-,-,10.01,0.10%,5564275
677,678,SWAV,10.85B,-,41.40%,55.20%,41.00%,4.20,3.60,0.04,0.18,86.90%,26.70%,43.20%,May 08/a,294.37,-0.60%,557938
678,679,SWK,14.01B,3.52%,2.60%,7.60%,2.60%,1.30,0.40,0.64,0.84,23.90%,0.10%,4.20%,May 04/b,90.9,-0.63%,2677182
679,680,SWKS,17.44B,2.27%,12.60%,20.20%,17.30%,2.90,1.80,0.26,0.35,47.20%,26.40%,21.70%,May 08/a,109.26,-0.28%,3652068
680,681,SYF,14.33B,2.80%,2.60%,21.30%,42.90%,-,-,1.20,1.20,-,65.60%,14.80%,Apr 19/b,32.9,-1.61%,8459772
681,682,SYK,112.23B,1.02%,7.20%,16.00%,8.50%,1.70,1.00,0.70,0.77,62.90%,16.50%,13.90%,May 01/a,294.35,-0.44%,2429656
682,683,SYM,27.02B,-,-2.70%,-368.70%,-,1.00,0.90,0.00,0.00,16.40%,-24.00%,-2.30%,May 01/a,51.22,5.30%,1929486
683,684,SYY,37.19B,2.73%,6.90%,112.30%,16.20%,1.20,0.70,6.51,6.97,18.20%,3.30%,2.00%,May 02/b,73.39,-0.01%,4396581
684,685,T,114.60B,6.91%,-2.20%,-8.50%,-3.60%,0.50,0.50,1.24,1.38,58.40%,-3.40%,-7.70%,Apr 20/b,16.06,0.19%,64091844
685,686,TAK,51.25B,4.10%,2.30%,5.00%,4.00%,1.00,0.60,0.64,0.69,69.10%,12.20%,7.90%,-,16.09,-0.37%,3243622
686,687,TAP,13.52B,2.47%,-1.00%,-2.00%,0.20%,0.80,0.50,0.49,0.52,32.30%,0.80%,-2.30%,May 02/b,66.28,-0.48%,2521434
687,688,TCOM,24.60B,-,2.90%,5.10%,-1.00%,1.00,1.00,0.12,0.45,79.80%,10.70%,23.00%,Jun 07/a,36.0,0.39%,4066634
688,689,TD,111.02B,4.60%,0.80%,14.30%,4.90%,-,-,0.59,3.94,-,43.90%,22.90%,May 25/b,61.16,0.30%,1978473
689,690,TDG,45.30B,-,5.10%,-29.50%,12.10%,3.00,2.40,-,-,58.30%,42.70%,16.20%,May 09/b,815.89,-1.06%,402828
690,691,TDY,19.24B,-,5.30%,9.40%,7.10%,1.90,1.30,0.42,0.46,42.60%,18.10%,13.70%,Apr 26/b,406.43,-0.63%,371773
691,692,TEAM,46.82B,-,-15.10%,-108.40%,-11.40%,1.30,1.30,1.67,1.72,82.50%,-10.70%,-15.90%,May 04/a,177.8,-2.41%,2681970
692,693,TECH,12.06B,0.41%,11.30%,15.10%,13.20%,4.00,2.80,0.20,0.20,68.10%,29.70%,24.10%,May 03/b,78.49,2.45%,2738282
693,694,TECK,22.47B,0.89%,5.60%,11.30%,12.50%,1.30,0.80,0.36,0.39,47.70%,38.60%,18.00%,Apr 26/b,41.96,-3.05%,5793344
694,695,TEF,23.00B,8.42%,1.20%,5.50%,4.80%,0.90,0.80,1.69,1.95,-,9.70%,3.40%,May 11/b,3.86,-3.26%,8259581
695,696,TEL,42.05B,1.74%,10.00%,19.60%,16.30%,1.70,1.10,0.36,0.38,31.30%,14.70%,13.00%,Apr 26/b,135.65,1.66%,3289220
696,697,TER,17.07B,0.40%,18.60%,27.00%,28.30%,3.40,2.80,0.00,0.01,58.60%,24.50%,21.10%,Apr 26/a,111.06,0.88%,3380416
697,698,TFC,42.91B,6.52%,1.10%,10.90%,12.50%,-,-,1.25,1.25,-,71.50%,31.50%,Apr 20/b,31.9,-0.99%,21743230
698,699,TFII,12.04B,1.78%,13.90%,32.50%,21.60%,1.30,1.30,0.61,0.67,48.20%,12.90%,9.30%,Apr 25/a,106.25,0.09%,497704
699,700,TFX,11.69B,0.54%,5.30%,9.10%,7.30%,2.50,1.40,0.38,0.40,55.10%,17.90%,12.70%,May 04/b,252.4,1.45%,443037
700,701,TGT,63.62B,3.29%,5.10%,24.50%,11.70%,0.90,0.20,1.38,1.40,24.80%,3.50%,2.50%,May 17/b,133.81,-2.92%,9828359
701,702,TJX,93.64B,1.64%,13.50%,63.80%,36.00%,1.20,0.60,0.45,0.52,27.90%,9.80%,7.60%,May 17/b,81.26,-0.27%,8389040
702,703,TLK,26.32B,4.23%,-,-,-,-,-,-,-,-,-,-,-,26.71,-1.37%,191206
703,704,TM,270.25B,2.59%,3.40%,8.80%,2.70%,1.10,0.90,0.60,1.04,17.00%,7.30%,6.60%,May 10/b,164.35,-2.28%,420417
704,705,TME,14.29B,-,6.30%,8.70%,5.20%,2.40,2.40,0.11,0.11,32.20%,13.20%,14.70%,May 16/b,8.03,-3.60%,12469524
705,706,TMO,206.40B,0.26%,6.50%,14.00%,9.80%,1.30,0.90,0.69,0.83,40.30%,16.30%,13.80%,Apr 26/b,537.3,0.41%,3423931
706,707,TMUS,159.30B,-,1.80%,5.50%,4.00%,0.80,0.70,1.12,1.21,60.60%,10.30%,4.80%,Apr 27/a,130.93,-1.38%,13010625
707,708,TOST,12.22B,-,-18.90%,-29.80%,-34.80%,2.60,2.40,0.00,0.00,19.80%,-12.40%,-11.00%,May 09/a,21.71,-5.73%,10594518
708,709,TPL,10.47B,0.96%,50.80%,58.60%,56.90%,-,-,0.00,0.00,96.90%,81.50%,65.30%,May 03/a,1358.6,-0.26%,61981
709,710,TPR,10.07B,2.77%,12.60%,39.50%,23.40%,1.90,1.10,0.73,0.74,69.90%,17.20%,13.50%,May 11/b,43.37,-0.16%,3637112
710,711,TRGP,16.25B,2.79%,4.90%,36.80%,14.00%,0.70,0.60,4.48,4.77,23.40%,13.00%,4.30%,May 04/b,71.79,-0.17%,2758195
711,712,TRI,60.44B,1.51%,5.10%,8.70%,9.40%,0.90,0.90,0.27,0.38,95.40%,28.80%,16.20%,May 02/b,129.79,1.10%,477517
712,713,TRMB,13.11B,-,6.40%,11.70%,8.80%,1.50,1.20,0.42,0.49,58.80%,16.60%,13.00%,May 03/b,52.67,-0.47%,1927766
713,714,TROW,25.76B,4.27%,11.60%,15.40%,21.00%,-,-,0.00,0.01,-,32.20%,22.40%,May 02/b,114.18,-0.44%,2841191
714,715,TRP,41.93B,6.76%,1.40%,5.00%,2.20%,0.70,0.70,1.77,1.96,67.70%,22.60%,10.40%,Apr 28/b,40.59,-1.53%,3513223
715,716,TRU,14.70B,0.56%,2.30%,6.60%,4.90%,1.60,1.60,1.29,1.32,66.50%,16.80%,7.30%,Apr 25/b,75.47,-0.80%,2190130
716,717,TRV,40.65B,2.26%,2.40%,12.70%,11.10%,-,-,0.31,0.32,-,9.20%,7.30%,Apr 19/b,176.75,0.44%,2317854
717,718,TS,16.65B,3.61%,18.40%,23.20%,15.70%,3.50,2.00,0.01,0.05,41.80%,28.30%,23.50%,-,28.25,-0.88%,2825215
718,719,TSCO,24.18B,1.88%,13.10%,55.50%,34.50%,1.50,0.20,0.85,0.86,35.10%,9.90%,7.50%,Apr 27/b,218.93,-0.80%,1558121
719,720,TSLA,811.08B,-,15.10%,27.90%,26.10%,1.60,1.00,0.03,0.06,23.10%,14.80%,13.70%,Apr 19/a,260.54,1.81%,167208920
720,721,TSM,498.66B,2.14%,21.50%,36.30%,25.90%,2.30,2.00,0.29,0.29,59.70%,49.50%,44.70%,Apr 20/b,104.57,-0.58%,11421795
721,722,TSN,17.86B,3.81%,4.10%,7.70%,12.50%,1.70,0.60,0.41,0.46,8.20%,4.10%,2.80%,May 08/b,50.39,0.36%,4114947
722,723,TT,42.25B,1.60%,10.10%,30.40%,18.70%,1.30,0.80,0.74,0.80,31.40%,15.30%,11.10%,May 03/b,187.06,0.98%,2099893
723,724,TTC,10.15B,1.40%,14.40%,36.70%,19.90%,1.80,0.70,0.67,0.67,34.70%,13.90%,10.70%,Jun 08/b,97.43,-0.27%,1315737
724,725,TTD,37.77B,-,1.90%,4.00%,1.90%,1.90,1.90,0.00,0.00,81.60%,6.50%,4.70%,May 10/a,76.43,-1.09%,2921283
725,726,TTE,146.97B,5.09%,6.50%,18.00%,14.40%,1.10,0.90,0.37,0.53,34.90%,17.60%,8.10%,Apr 27/b,58.04,-1.17%,1517747
726,727,TTWO,23.23B,-,-6.60%,-11.90%,-7.90%,0.70,-,0.19,0.34,44.30%,-21.80%,-21.00%,May 17/a,138.64,1.05%,2375485
727,728,TU,27.43B,5.58%,2.70%,8.80%,5.60%,0.80,0.70,1.45,1.64,62.30%,14.90%,7.60%,May 04/b,19.5,1.30%,2264683
728,729,TW,15.07B,0.51%,-,-,6.80%,-,-,0.00,0.00,-,-,-,Apr 27/b,70.79,-0.59%,1337179
729,730,TWLO,12.52B,-,-10.90%,-13.00%,-10.50%,6.20,6.20,0.10,0.10,47.50%,-32.80%,-34.80%,May 09/a,67.65,-0.62%,3283058
730,731,TXN,161.64B,2.81%,30.70%,56.30%,38.00%,5.20,4.00,0.63,0.66,67.60%,48.80%,42.10%,Apr 25/a,176.76,-0.75%,10168802
731,732,TXT,13.40B,0.12%,5.30%,12.40%,6.80%,1.80,0.90,0.46,0.51,15.90%,6.70%,6.70%,Apr 27/b,66.64,0.32%,2970835
732,733,TYL,16.54B,-,3.30%,6.00%,5.30%,0.90,0.90,0.31,0.32,42.40%,10.90%,8.30%,Apr 26/a,393.8,-0.20%,776887
733,734,U,15.78B,-,-15.90%,-34.70%,-14.70%,2.40,2.40,0.78,0.78,67.50%,-61.50%,-63.40%,May 10/a,42.56,2.14%,32789081
734,735,UAL,17.57B,-,2.80%,34.20%,5.40%,0.90,0.90,4.13,4.63,55.40%,7.50%,3.90%,Apr 18/a,53.5,-0.15%,6804471
735,736,UBER,87.75B,-,-10.60%,-48.60%,-10.70%,1.10,1.10,1.23,1.23,30.90%,-4.70%,-10.00%,May 02/b,43.52,0.37%,27938167
736,737,UBS,70.87B,2.72%,0.60%,11.50%,1.60%,-,-,2.99,2.99,-,39.10%,41.20%,Apr 25/b,20.41,-0.05%,2524973
737,738,UDR,14.16B,3.87%,0.90%,2.50%,2.60%,-,-,1.33,1.44,65.80%,17.30%,6.40%,Apr 26/a,43.42,0.91%,3777969
738,739,UHS,10.38B,0.54%,5.10%,11.60%,7.40%,1.40,1.30,0.78,0.80,-,7.70%,5.00%,Apr 25/a,148.62,0.55%,1485098
739,740,UI,11.30B,1.29%,35.80%,-139.00%,98.20%,3.20,1.10,-,-,38.40%,27.10%,20.90%,May 05/b,186.3,-0.40%,150837
740,741,UL,128.12B,4.34%,-,-,18.00%,0.80,0.50,1.25,1.55,-,-,-,-,51.93,1.07%,2911364
741,742,ULTA,22.47B,-,23.90%,65.60%,63.10%,1.60,0.60,0.0,0.0,39.60%,15.70%,12.00%,May 25/a,447.91,-0.72%,1864711
742,743,UMC,22.17B,6.70%,15.90%,26.00%,22.20%,2.30,2.00,0.12,0.15,43.60%,35.80%,31.00%,Apr 26/b,8.75,-1.91%,9943340
743,744,UNH,433.76B,1.64%,8.30%,27.00%,16.80%,-,-,0.75,0.87,-,8.80%,6.20%,Apr 14/b,458.49,-1.59%,7653910
744,745,UNP,125.55B,2.54%,10.70%,57.00%,17.30%,0.70,0.50,2.5,2.71,76.00%,39.70%,27.90%,Apr 20/b,204.67,-0.61%,4136995
745,746,UPS,153.74B,3.63%,15.20%,59.00%,24.90%,1.30,1.30,0.99,1.11,77.10%,12.50%,10.90%,Apr 25/b,178.58,-0.23%,8463807
746,747,URI,28.18B,1.47%,9.60%,32.90%,13.80%,1.20,1.10,1.61,1.63,42.30%,27.40%,17.60%,Apr 26/a,403.09,-1.68%,1132909
747,748,USB,51.03B,5.74%,0.90%,13.00%,13.70%,-,-,0.91,0.91,-,64.70%,26.20%,Apr 19/b,33.45,0.48%,30107769
748,749,UTHR,10.76B,-,12.30%,15.50%,13.50%,9.80,9.50,0.16,0.16,91.00%,49.30%,36.80%,May 03/b,230.26,0.29%,658765
749,750,V,463.46B,0.79%,18.10%,45.00%,28.10%,1.50,1.50,0.56,0.56,80.00%,63.50%,50.00%,Apr 25/a,228.91,1.21%,13291117
750,751,VALE,65.64B,7.54%,18.60%,44.40%,29.60%,1.10,0.70,0.33,0.35,41.10%,32.50%,38.60%,-,14.44,-0.21%,20756653
751,752,VEEV,32.26B,-,11.50%,14.50%,11.80%,4.20,4.20,0.0,0.0,70.80%,18.10%,23.90%,May 31/a,200.05,-0.63%,1509124
752,753,VICI,32.68B,4.82%,3.60%,6.30%,4.40%,-,-,0.75,0.75,99.20%,66.20%,45.60%,May 01/a,32.34,-0.61%,7535957
753,754,VIPS,10.32B,-,11.60%,21.60%,12.30%,1.20,1.00,0.0,0.03,21.30%,6.50%,6.70%,May 23/b,17.79,-2.95%,6414563
754,755,VIV,15.25B,8.93%,3.40%,6.10%,6.60%,0.90,0.80,0.2,0.28,43.00%,13.80%,8.40%,Apr 24/b,8.99,-2.07%,4340727
755,756,VLO,41.22B,3.57%,22.30%,59.70%,34.30%,1.50,1.00,0.41,0.46,11.20%,10.50%,7.80%,Apr 27/b,114.21,0.16%,9936576
756,757,VMC,27.80B,0.83%,4.20%,8.80%,6.90%,2.40,1.60,0.56,0.56,21.40%,13.40%,8.10%,May 04/b,207.31,-0.78%,1258642
757,758,VMW,61.27B,-,4.40%,119.30%,12.80%,0.80,0.80,5.08,5.62,81.40%,14.20%,9.60%,Jun 01/a,141.36,-0.72%,3006736
758,759,VOD,25.24B,15.15%,-,-,10.60%,0.90,0.90,0.81,1.05,32.50%,-,-,-,9.47,-0.11%,4151841
759,760,VRSK,32.51B,0.61%,7.90%,32.80%,21.60%,0.90,0.90,41.49,41.53,68.00%,44.60%,21.30%,May 03/b,224.52,-0.02%,4246538
760,761,VRSN,23.39B,-,39.70%,-45.20%,326.40%,0.90,0.90,-,-,86.10%,66.50%,48.20%,Apr 27/a,223.69,-0.45%,1050686
761,762,VRTX,89.91B,-,18.80%,24.50%,23.60%,4.30,4.10,0.03,0.03,88.00%,43.90%,35.40%,May 01/a,347.89,-0.34%,2613300
762,763,VTR,18.45B,3.91%,-0.30%,-0.70%,2.10%,-,-,1.20,1.20,43.90%,11.20%,-1.60%,May 08/a,46.08,-0.11%,2974702
763,764,VTRS,11.92B,4.66%,3.80%,9.40%,2.20%,1.60,1.00,0.86,0.90,43.20%,8.10%,12.10%,May 08/b,10.29,3.52%,23640566
764,765,VZ,153.19B,7.16%,5.70%,24.20%,10.10%,0.70,0.70,1.52,1.65,57.20%,23.50%,15.80%,Apr 25/b,36.46,0.05%,36072184
765,766,WAB,18.39B,0.66%,3.50%,6.50%,5.70%,1.10,0.50,0.32,0.41,31.20%,12.10%,7.60%,Apr 26/b,103.64,1.37%,2174887
766,767,WAT,15.83B,-,21.70%,146.40%,35.70%,2.20,1.60,2.38,2.47,58.00%,28.70%,23.20%,May 09/b,269.2,0.41%,1648333
767,768,WBA,27.63B,5.88%,-3.30%,-13.50%,4.60%,0.60,0.30,0.46,0.66,20.20%,-6.00%,-2.40%,Jun 27/b,32.67,2.03%,16013422
768,769,WBD,31.99B,-,-6.60%,-18.40%,-5.90%,0.80,0.80,0.98,1.05,41.00%,-20.00%,-21.50%,May 05/b,12.8,-2.51%,46108592
769,770,WCN,35.39B,0.74%,5.20%,12.10%,7.30%,0.80,0.80,0.96,0.96,39.80%,17.20%,11.40%,Apr 26/a,137.54,0.08%,934625
770,771,WDAY,58.41B,-,-2.00%,-4.80%,-3.80%,1.90,1.90,0.50,0.00,73.20%,-2.60%,-4.10%,May 25/a,222.4,-0.85%,3312226
771,772,WDC,13.14B,-,-2.70%,-5.80%,9.20%,1.60,0.90,0.51,0.61,23.30%,-0.50%,-4.90%,May 08/a,40.47,-1.48%,5538206
772,773,WDS,46.58B,10.23%,-,-,-,-,-,-,-,-,-,-,-,24.73,2.91%,1078992
773,774,WEC,28.89B,3.41%,3.30%,11.80%,5.60%,0.80,0.60,1.36,1.54,55.30%,19.40%,14.10%,May 01/b,91.43,-0.16%,1965530
774,775,WELL,39.84B,3.03%,0.30%,0.50%,2.00%,-,-,0.74,0.74,39.70%,11.90%,1.70%,May 02/a,80.41,0.32%,11636337
775,776,WES,10.43B,7.37%,9.60%,36.30%,16.20%,1.30,1.30,2.26,2.26,87.60%,45.70%,33.70%,May 03/a,27.15,0.11%,2806118
776,777,WFC,158.94B,2.84%,0.70%,8.40%,12.30%,-,-,0.92,0.92,-,72.10%,21.20%,Jul 14/b,42.18,-0.42%,36399112
777,778,WIT,26.02B,1.65%,9.90%,15.40%,11.00%,2.50,2.50,0.10,0.22,28.70%,15.40%,12.50%,Apr 27/b,4.67,-0.64%,3247138
778,779,WLK,14.77B,1.24%,9.10%,19.10%,16.20%,2.80,2.00,0.48,0.48,23.70%,16.90%,12.40%,May 04/b,114.7,-0.85%,676610
779,780,WM,66.80B,1.70%,7.40%,32.40%,12.30%,0.90,0.80,2.21,2.26,46.90%,17.20%,11.30%,Apr 26/a,165.03,0.51%,2417208
780,781,WMB,37.24B,5.86%,5.40%,22.70%,7.50%,0.70,0.60,1.94,2.08,72.00%,32.30%,22.50%,May 03/a,30.53,-0.13%,14128112
781,782,WMG,13.86B,2.36%,5.30%,202.90%,13.60%,0.70,0.70,15.82,15.82,47.60%,12.00%,7.20%,May 09/b,27.16,1.12%,2024042
782,783,WMT,424.74B,1.47%,4.60%,15.10%,11.80%,0.80,0.20,0.60,0.68,24.10%,3.50%,1.80%,May 18/b,155.53,-1.39%,11531691
783,784,WPC,15.03B,6.07%,4.20%,8.50%,3.50%,-,-,0.89,0.89,88.70%,41.30%,47.30%,Apr 28/b,70.34,0.13%,1728071
784,785,WPM,20.22B,1.34%,9.30%,9.40%,7.60%,9.60,9.50,0.00,0.00,51.70%,46.40%,64.10%,May 04/a,44.87,0.43%,3414523
785,786,WPP,11.84B,6.14%,-,-,7.70%,0.90,0.80,1.56,1.95,17.60%,-,-,-,56.31,0.88%,345666
786,787,WRB,15.23B,0.74%,3.20%,16.30%,15.30%,-,-,0.41,0.41,-,13.00%,9.70%,Apr 20/a,59.28,1.51%,3783795
787,788,WSO,16.21B,2.67%,15.00%,29.10%,36.00%,2.70,1.00,0.11,0.16,27.80%,11.30%,7.50%,Apr 20/b,366.58,-0.17%,461141
788,789,WST,26.71B,0.21%,15.80%,21.30%,19.40%,3.60,2.80,0.07,0.08,38.90%,22.50%,19.10%,Apr 27/b,362.04,0.62%,1129299
789,790,WTRG,11.01B,2.77%,3.00%,8.50%,5.50%,0.60,0.50,1.18,1.22,72.80%,28.50%,19.80%,May 08/a,41.43,-0.50%,2128171
790,791,WTW,24.76B,1.43%,3.40%,10.80%,6.70%,1.10,1.10,0.44,0.47,-,15.00%,12.10%,Apr 27/b,235.0,1.00%,1719948
791,792,WY,22.53B,2.45%,7.30%,11.90%,13.70%,1.20,0.90,0.40,0.50,28.20%,22.00%,14.10%,Apr 27/a,31.0,0.78%,15280621
792,793,WYNN,11.90B,0.96%,-1.80%,32.10%,-1.00%,3.10,3.10,-,-,38.70%,3.60%,-5.40%,May 09/a,103.73,-0.80%,2265369
793,794,XEL,35.40B,3.25%,2.90%,10.80%,6.20%,0.80,0.60,1.36,1.48,86.60%,15.90%,11.30%,Apr 27/b,63.92,-0.62%,6368672
794,795,XM,10.95B,-,-31.30%,-53.80%,-56.20%,1.20,1.20,0.00,0.00,70.40%,-66.00%,-67.10%,Apr 20/a,18.07,0.11%,4475947
795,796,XOM,428.11B,3.46%,16.70%,32.60%,18.30%,1.50,1.10,0.20,0.21,33.00%,18.10%,15.60%,Apr 28/b,105.13,-0.72%,43103014
796,797,XP,12.25B,-,1.90%,20.80%,5.70%,-,-,0.22,2.65,-,29.20%,26.30%,May 15/a,22.13,1.24%,4860742
797,798,XPEV,10.01B,-,-14.00%,-25.90%,-19.10%,1.70,1.50,0.17,0.30,9.60%,-40.00%,-41.70%,May 24/b,11.38,-1.81%,17459063
798,799,XYL,27.13B,1.16%,4.60%,11.00%,7.40%,2.00,1.40,0.53,0.00,38.00%,8.80%,6.50%,May 04/b,113.44,0.09%,3473229
799,800,YPF,10.74B,-,7.60%,19.00%,5.90%,1.00,0.60,0.60,0.73,24.80%,10.50%,10.80%,-,14.55,8.18%,4696623
800,801,YUM,38.99B,1.75%,21.20%,-14.10%,62.20%,1.00,1.00,-,-,48.50%,31.70%,17.70%,May 03/b,138.58,-0.45%,3747820
801,802,YUMC,24.70B,0.88%,5.30%,9.70%,7.90%,1.80,1.60,0.01,0.01,43.20%,9.40%,6.40%,May 02/a,59.4,0.44%,2503321
802,803,Z,10.87B,-,-,-,-,-,-,-,-,-,-,-,May 03/a,46.68,-3.07%,10275926
803,804,ZBH,29.74B,0.67%,2.10%,3.70%,3.30%,1.90,0.90,0.43,0.48,71.60%,11.60%,6.30%,May 02/b,144.1,1.07%,2812522
804,805,ZBRA,14.63B,-,5.50%,15.10%,9.40%,0.90,0.50,0.65,0.72,46.10%,9.40%,7.10%,May 02/b,282.4,-0.76%,636690
805,806,ZG,11.21B,-,-,-,-1.60%,12.70,-,0.37,0.38,81.10%,-,-,May 03/a,45.76,-2.95%,432473
806,807,ZI,11.43B,-,1.40%,4.60%,2.40%,1.50,1.50,0.53,0.53,83.90%,22.30%,8.80%,May 01/a,26.82,-5.56%,58345498
807,808,ZM,20.81B,-,0.10%,0.10%,1.60%,3.60,3.60,0.00,0.00,75.20%,1.50%,0.10%,May 22/a,70.06,0.17%,4728349
808,809,ZS,23.10B,-,-9.00%,-50.50%,-21.70%,2.00,2.00,1.90,1.90,77.80%,-18.40%,-18.20%,Jun 01/a,154.01,-2.73%,3207002
809,810,ZTO,22.85B,-,9.90%,14.40%,9.30%,1.30,1.30,0.13,0.25,27.30%,23.60%,20.80%,May 17/a,27.46,-1.79%,5890676
810,811,ZTS,79.22B,0.88%,14.80%,45.70%,17.20%,3.30,1.90,1.46,1.46,69.90%,32.40%,25.60%,May 04/b,170.74,-0.40%,3285481
