,No.,Ticker,Market Cap,Outstanding,Float,Insider Own,Insider Trans,Inst Own,Inst Trans,Float Short,Short Ratio,Avg Volume,Price,Change,Volume
0,1,A,35.81B,296.00M,294.19M,0.30%,0.00%,90.70%,-3.26%,1.47%,2.25,1.93M,121.13,-0.08%,3939930
1,2,AAL,10.87B,652.00M,642.23M,0.10%,-14.35%,55.50%,1.45%,10.02%,2.61,24.66M,16.48,-1.02%,22625167
2,3,AAPL,2925.70B,15.79B,15.71B,0.07%,-4.36%,60.10%,-0.46%,0.75%,2.01,58.59M,184.92,-0.59%,95747006
3,4,ABBV,239.75B,1.77B,1.76B,0.13%,-11.62%,70.90%,0.11%,0.65%,1.94,5.86M,138.64,2.02%,14593437
4,5,ABC,36.83B,202.32M,162.29M,0.20%,-48.82%,72.40%,0.01%,3.03%,4.07,1.21M,183.01,0.62%,2000327
5,6,ABEV,49.75B,15.74B,4.41B,-,-,18.10%,2.13%,0.60%,1.64,16.03M,3.09,-1.28%,20356797
6,7,ABNB,81.75B,634.00M,392.44M,3.20%,-25.91%,64.30%,-1.19%,6.21%,3.8,6.41M,128.68,0.65%,6883826
7,8,ABT,182.62B,1.74B,1.73B,0.40%,-1.11%,76.20%,0.27%,0.78%,2.64,5.09M,106.2,1.12%,10012623
8,9,ACGL,26.13B,367.30M,358.48M,0.90%,-11.83%,90.70%,-0.11%,1.16%,2.16,1.93M,71.16,1.44%,3296161
9,10,ACGLN,26.50B,20.00M,-,-,-,-,-,-,0.71,89.89K,19.63,-0.10%,28769
10,11,ACI,12.19B,539.80M,313.67M,0.50%,-3.34%,68.40%,3.31%,4.68%,3.2,4.59M,21.37,0.61%,13976210
11,12,ACM,12.00B,138.93M,137.72M,0.10%,-55.01%,87.90%,-0.85%,1.23%,1.89,898.52K,86.67,0.42%,2080228
12,13,ACN,204.47B,630.85M,620.40M,0.10%,-9.45%,75.40%,1.20%,1.32%,2.96,2.77M,319.54,-1.31%,5259178
13,14,ADBE,225.18B,459.00M,457.38M,0.29%,-2.72%,84.10%,-0.72%,1.35%,1.7,3.63M,495.18,0.87%,13324076
14,15,ADI,95.10B,504.71M,494.70M,0.37%,-6.81%,89.30%,0.22%,1.29%,1.85,3.45M,188.36,-0.69%,6886920
15,16,ADM,40.61B,550.00M,542.29M,0.20%,0.00%,81.80%,-1.07%,1.01%,1.98,2.78M,75.48,1.23%,5522403
16,17,ADP,91.29B,413.70M,410.16M,0.10%,-29.98%,81.90%,0.80%,1.33%,2.95,1.85M,221.32,0.16%,3335514
17,18,ADSK,47.32B,215.00M,213.45M,0.10%,-6.04%,95.00%,1.98%,1.40%,2.09,1.43M,213.5,-3.58%,3287110
18,19,AEE,22.05B,262.20M,257.49M,0.20%,-19.25%,80.00%,-1.65%,1.43%,2.81,1.30M,84.08,0.13%,2812984
19,20,AEG,10.29B,2.00B,1.86B,10.10%,0.00%,9.90%,-0.68%,0.11%,1.12,1.91M,4.79,-2.44%,1361677
20,21,AEM,24.80B,468.97M,454.02M,0.20%,0.00%,78.10%,2.19%,2.11%,3.25,2.95M,51.0,1.15%,3136496
21,22,AEP,43.70B,514.18M,513.70M,0.03%,-33.61%,75.70%,0.33%,1.25%,2.35,2.74M,84.93,0.06%,5314597
22,23,AER,14.63B,239.37M,235.16M,2.60%,0.00%,86.01%,-0.78%,0.83%,1.71,1.14M,61.2,-0.67%,1192506
23,24,AES,14.38B,712.00M,665.70M,0.38%,-22.57%,97.40%,0.33%,2.28%,2.65,5.73M,21.34,-0.70%,12276062
24,25,AESC,14.28B,10.00M,10.00M,-,-,102.00%,-,0.18%,0.44,41.89K,83.04,-0.29%,49825
25,26,AFL,42.15B,611.21M,563.18M,0.10%,-20.30%,60.60%,-0.90%,1.95%,4.61,2.39M,69.43,-0.47%,5584958
26,27,AGR,14.98B,386.75M,70.75M,81.70%,0.00%,13.20%,-2.73%,6.41%,7.55,600.85K,38.66,-0.18%,893338
27,28,AIG,40.98B,738.66M,716.51M,0.32%,0.00%,92.00%,-3.16%,0.90%,1.39,4.64M,57.3,1.20%,10315800
28,29,AJG,45.76B,212.80M,208.85M,0.30%,-16.65%,87.20%,1.90%,0.89%,2.0,925.90K,213.78,0.07%,1553878
29,30,AKAM,14.01B,155.64M,149.34M,0.10%,-16.89%,95.40%,-1.95%,6.93%,6.93,1.49M,91.5,-0.62%,3710643
30,31,ALB,27.10B,117.23M,116.97M,0.10%,0.23%,85.80%,1.69%,5.52%,2.81,2.29M,228.17,-1.19%,2347804
31,32,ALC,39.97B,491.80M,-,0.06%,0.00%,60.30%,-,-,3.78,1.20M,81.27,0.47%,929124
32,33,ALGN,25.50B,76.92M,73.17M,0.30%,4.76%,89.30%,-1.36%,3.56%,3.48,748.32K,330.29,-0.87%,1257852
33,34,ALL,29.06B,263.50M,261.27M,0.62%,-5.26%,81.50%,1.16%,1.08%,1.41,2.00M,111.17,0.57%,3777524
34,35,ALLE,10.46B,88.00M,87.40M,0.10%,-2.51%,97.60%,1.69%,2.58%,2.77,814.69K,118.43,-0.43%,2881474
35,36,ALNY,25.20B,124.11M,122.39M,0.10%,-26.48%,97.20%,0.96%,4.13%,7.44,679.25K,201.57,-0.38%,847459
36,37,AMAT,117.66B,843.00M,834.39M,0.35%,-1.47%,79.90%,0.75%,1.55%,2.12,6.08M,138.93,-0.84%,8842976
37,38,AMCR,15.13B,1.47B,1.45B,0.20%,0.00%,48.50%,-0.82%,1.80%,3.33,7.86M,10.35,0.68%,19427395
38,39,AMD,200.07B,1.61B,1.61B,0.50%,-8.68%,70.70%,3.14%,2.27%,0.52,69.71M,120.08,-3.35%,81648013
39,40,AME,36.11B,230.13M,228.54M,0.30%,-3.79%,89.00%,0.85%,0.68%,1.53,1.02M,155.91,-0.50%,1748880
40,41,AMGN,122.06B,534.00M,532.96M,0.22%,0.00%,79.10%,-1.49%,1.39%,3.17,2.34M,229.66,0.53%,6760699
41,42,AMH,12.78B,360.35M,307.69M,2.70%,-1.22%,92.20%,-2.95%,2.81%,3.73,2.32M,35.4,0.28%,4753384
42,43,AMP,33.92B,107.90M,103.95M,0.20%,-29.12%,85.20%,-1.43%,1.24%,2.03,636.30K,325.0,-0.18%,936930
43,44,AMT,90.54B,465.74M,464.37M,0.10%,-4.11%,93.20%,-0.39%,0.88%,2.03,2.01M,192.89,-0.71%,3281162
44,45,AMX,70.29B,3.32B,3.14B,-,-,8.70%,-2.36%,0.14%,3.77,1.18M,22.02,-0.90%,1114980
45,46,AMZN,1304.19B,10.25B,9.26B,9.80%,-0.02%,60.10%,0.60%,0.81%,1.2,62.51M,125.49,-1.27%,83469181
46,47,ANET,50.39B,306.99M,234.12M,0.10%,-65.88%,67.90%,1.37%,2.76%,1.95,3.30M,157.79,-3.47%,4497419
47,48,ANSS,29.19B,86.93M,86.36M,0.10%,-46.74%,96.30%,-0.36%,0.98%,1.81,467.47K,334.37,-0.72%,886679
48,49,AON,67.62B,206.10M,189.53M,0.10%,-28.27%,89.60%,-1.51%,1.10%,2.46,848.83K,329.38,-0.51%,1463286
49,50,AOS,10.61B,150.90M,123.72M,0.81%,-4.68%,98.17%,0.60%,4.23%,4.83,1.08M,71.0,0.69%,1763806
50,51,APA,10.70B,311.00M,308.44M,0.43%,0.00%,82.40%,-3.48%,3.67%,1.86,6.09M,34.38,-0.84%,9091358
51,52,APD,64.59B,222.30M,220.96M,0.30%,-0.07%,85.40%,1.12%,0.92%,2.32,871.93K,293.17,0.83%,1809753
52,53,APH,48.74B,595.10M,591.63M,0.58%,-22.35%,96.80%,0.04%,0.96%,1.95,2.92M,82.15,0.34%,3715840
53,54,APLS,10.43B,113.87M,93.52M,1.50%,-15.39%,89.80%,1.78%,12.15%,7.26,1.57M,89.27,-0.37%,2001521
54,55,APO,43.91B,584.12M,328.86M,2.10%,-22.35%,56.10%,-0.68%,3.00%,3.78,2.62M,77.08,-0.40%,4105090
55,56,APTV,27.40B,271.01M,269.86M,0.20%,-12.09%,98.70%,1.67%,2.60%,3.31,2.12M,101.44,0.16%,3239850
56,57,ARCC,10.17B,544.58M,537.77M,1.38%,0.28%,31.45%,-,3.58%,6.31,3.05M,18.68,0.16%,8978360
57,58,ARE,20.96B,170.78M,162.65M,0.90%,-2.58%,95.76%,-1.04%,1.81%,2.7,1.09M,115.45,-4.70%,2916077
58,59,ARES,28.48B,178.98M,132.38M,1.00%,-75.79%,75.80%,0.96%,3.43%,4.16,1.09M,94.43,-0.88%,1798428
59,60,ARGX,21.99B,55.69M,55.68M,-,-,58.20%,-7.68%,2.01%,5.28,212.30K,399.94,0.99%,187463
60,61,ARMK,10.48B,260.67M,256.55M,0.50%,0.00%,107.55%,0.17%,4.20%,3.13,3.45M,40.53,0.77%,3285311
61,62,ASML,297.31B,394.59M,394.58M,0.40%,0.00%,19.50%,-1.16%,0.44%,1.79,972.95K,721.88,-2.28%,1336013
62,63,ASX,18.00B,2.14B,1.48B,-,-,7.10%,8.86%,0.57%,1.6,5.25M,8.85,-1.01%,6981151
63,64,ATO,16.98B,143.94M,139.25M,0.30%,-5.51%,93.70%,1.76%,4.04%,5.75,978.31K,117.0,-0.42%,1510044
64,65,ATVI,64.03B,785.00M,775.89M,0.10%,0.56%,83.10%,1.11%,2.91%,2.97,7.58M,81.97,0.64%,12232423
65,66,AU,10.37B,420.40M,413.45M,3.10%,0.00%,27.10%,-0.03%,1.71%,2.2,3.22M,24.16,-1.63%,4446923
66,67,AVB,27.05B,139.77M,139.45M,0.36%,-0.78%,93.80%,-0.49%,1.38%,2.49,771.62K,192.45,1.01%,1635482
67,68,AVGO,364.58B,415.00M,403.28M,0.10%,-10.42%,80.70%,3.32%,1.81%,2.61,2.80M,868.11,-1.73%,6824997
68,69,AVTR,13.43B,674.70M,656.38M,0.20%,-3.19%,91.70%,-3.88%,2.13%,2.27,6.16M,19.95,0.25%,8557076
69,70,AVY,13.65B,80.90M,80.45M,0.69%,-2.02%,92.80%,-4.70%,2.04%,2.89,566.66K,171.09,1.19%,921733
70,71,AWK,28.82B,186.00M,180.95M,0.19%,0.60%,89.00%,0.87%,1.10%,2.26,884.91K,148.98,0.60%,2040747
71,72,AXON,14.93B,72.64M,67.42M,1.20%,-51.31%,79.20%,2.63%,2.60%,1.6,1.09M,202.36,0.13%,3199447
72,73,AXP,129.18B,743.00M,741.74M,0.14%,-10.88%,86.40%,-0.47%,0.86%,1.97,3.26M,172.21,-0.92%,4613584
73,74,AZN,229.31B,3.10B,2.99B,0.50%,0.00%,17.90%,-2.10%,0.16%,1.18,4.15M,75.22,0.80%,4899807
74,75,AZO,45.34B,18.39M,18.15M,0.10%,-74.31%,96.60%,-3.01%,1.62%,1.71,171.55K,2493.83,-0.14%,417251
75,76,AZPN,10.82B,64.80M,28.44M,0.40%,-1.68%,49.00%,16.76%,4.67%,5.71,232.39K,167.33,0.31%,488136
76,77,BA,132.00B,602.50M,595.36M,0.10%,-0.07%,58.20%,1.08%,1.51%,1.64,5.48M,219.99,0.26%,7771621
77,78,BABA,238.57B,2.58B,2.56B,0.01%,0.00%,14.70%,-10.33%,2.27%,2.45,23.75M,92.1,-0.11%,24987197
78,79,BAC,234.05B,8.07B,7.96B,0.11%,-3.50%,71.00%,0.33%,0.87%,1.22,56.33M,29.19,-0.61%,51849290
79,80,BAH,14.05B,131.79M,129.93M,1.00%,-8.45%,94.40%,0.61%,1.43%,1.97,944.10K,108.61,1.15%,1171995
80,81,BALL,17.14B,314.24M,311.88M,0.50%,-6.38%,86.90%,-6.23%,5.56%,10.15,1.71M,58.43,7.23%,11536699
81,82,BAM,13.96B,412.43M,398.70M,7.87%,-0.23%,73.57%,-,2.48%,6.82,1.45M,33.26,-1.77%,2063425
82,83,BAP,14.01B,79.42M,51.64M,36.10%,0.00%,75.40%,0.08%,1.33%,1.93,356.42K,149.29,0.60%,610284
83,84,BATRA,30.69B,53.00M,9.95M,3.71%,-2.05%,81.20%,0.01%,8.51%,16.95,49.97K,41.33,-0.12%,184625
84,85,BATRK,30.28B,41.82M,37.56M,10.18%,-0.74%,76.38%,-,1.97%,6.38,115.96K,39.73,-0.95%,250946
85,86,BAX,22.49B,505.00M,503.13M,0.24%,-5.28%,89.50%,0.72%,1.04%,0.92,5.67M,45.36,2.02%,7916070
86,87,BBD,34.76B,5.31B,5.31B,-,-,15.86%,-,1.02%,2.03,26.72M,3.51,-0.28%,21857921
87,88,BBVA,43.97B,6.02B,5.89B,7.90%,0.00%,3.10%,2.60%,0.07%,2.08,1.90M,7.45,0.81%,1079221
88,89,BBY,17.23B,218.90M,200.83M,0.20%,-19.76%,83.00%,-3.43%,5.04%,4.2,2.41M,79.79,1.03%,6434063
89,90,BCE,41.39B,912.10M,911.74M,0.02%,0.00%,52.90%,-0.44%,1.98%,14.24,1.27M,45.7,0.64%,1814152
90,91,BCH,10.73B,505.08M,212.15M,87.90%,0.00%,1.10%,-4.88%,0.13%,1.88,145.32K,21.25,0.24%,440888
91,92,BCS,30.29B,3.94B,3.85B,12.00%,0.00%,3.50%,1.40%,0.15%,0.62,9.67M,7.93,0.13%,8804747
92,93,BDX,72.75B,284.29M,282.10M,0.10%,-0.50%,90.90%,-1.95%,0.83%,2.09,1.12M,258.63,0.96%,1481696
93,94,BEKE,20.09B,1.26B,1.19B,0.10%,0.00%,42.10%,6.70%,2.31%,3.57,7.71M,16.98,-0.59%,7937395
94,95,BEN,13.67B,490.70M,283.20M,18.70%,-0.03%,47.90%,1.22%,5.01%,4.45,3.19M,26.97,-1.21%,3236943
95,96,BF-A,31.60B,169.24M,48.84M,71.14%,-0.00%,10.90%,-,0.46%,5.42,41.89K,66.91,-0.93%,351009
96,97,BF-B,31.64B,479.15M,470.80M,1.75%,-0.01%,50.30%,0.34%,0.72%,2.51,1.35M,65.4,0.31%,2667339
97,98,BG,14.19B,150.08M,129.65M,0.40%,0.00%,87.80%,-1.29%,3.32%,3.27,1.31M,96.43,2.37%,2803253
98,99,BGNE,19.63B,104.17M,93.91M,0.10%,-97.76%,57.40%,-0.46%,1.95%,9.41,195.03K,200.21,-0.41%,550005
99,100,BHP,159.16B,2.53B,2.46B,5.40%,0.00%,3.50%,-6.34%,0.30%,2.6,2.82M,63.17,-1.27%,2867132
100,101,BIDU,51.99B,349.60M,280.73M,15.60%,0.00%,31.90%,-11.39%,1.99%,1.87,2.98M,145.11,-2.42%,2842350
101,102,BIIB,43.11B,144.40M,143.01M,0.10%,-2.25%,88.60%,0.83%,1.77%,2.57,984.25K,297.48,-0.12%,1914252
102,103,BILL,12.17B,106.60M,101.36M,0.30%,-25.13%,98.50%,-0.71%,9.64%,4.91,1.99M,111.26,-2.80%,2161262
103,104,BIO,11.18B,29.60M,21.32M,3.30%,-0.25%,80.50%,1.29%,1.80%,1.95,196.43K,376.56,-0.66%,513109
104,105,BIP,16.79B,458.40M,458.04M,42.30%,0.00%,64.40%,3.51%,0.43%,5.78,339.97K,35.41,-3.30%,499307
105,106,BK,35.41B,803.34M,787.08M,0.10%,0.00%,85.50%,-0.02%,0.96%,1.43,5.29M,44.65,-0.49%,12628224
106,107,BKNG,98.67B,37.62M,36.86M,0.20%,-17.48%,94.10%,-2.44%,2.08%,2.41,319.32K,2640.99,-1.15%,828632
107,108,BKR,30.61B,1.01B,1.00B,0.15%,-2.23%,98.42%,0.62%,1.64%,2.27,7.22M,30.57,1.09%,12498282
108,109,BLDR,15.77B,137.07M,127.05M,1.50%,-1.19%,103.88%,-6.87%,3.93%,2.06,2.43M,121.41,-1.30%,7814256
109,110,BLK,106.51B,149.90M,148.63M,0.60%,-5.38%,80.50%,1.00%,1.47%,3.41,638.76K,702.78,-1.18%,1280969
110,111,BMO,63.96B,711.62M,676.94M,0.10%,0.00%,54.10%,0.14%,-,-,589.47K,90.21,0.55%,489824
111,112,BMRN,17.99B,186.67M,184.48M,0.30%,-29.45%,100.41%,2.08%,3.65%,6.19,1.09M,96.29,0.47%,1423791
112,113,BMY,135.86B,2.10B,2.10B,0.07%,-17.14%,79.40%,-0.73%,0.90%,2.37,7.94M,66.16,2.30%,19344176
113,114,BN,54.79B,1.57B,1.38B,12.90%,-0.04%,73.00%,1.06%,1.40%,8.37,2.32M,33.54,0.27%,2642681
114,115,BNS,60.11B,1.19B,1.18B,0.03%,0.00%,65.50%,7.89%,1.64%,14.91,1.30M,50.16,-0.59%,1147773
115,116,BNTX,27.23B,242.60M,212.72M,65.11%,0.00%,17.00%,12.15%,0.95%,2.83,717.05K,112.55,-0.40%,663599
116,117,BP,102.73B,2.98B,2.88B,0.50%,0.00%,9.90%,-3.60%,0.18%,0.61,8.64M,35.35,-0.08%,6858310
117,118,BR,18.84B,117.70M,116.87M,0.60%,-6.32%,90.40%,0.24%,2.15%,3.90,643.12K,160.8,0.69%,1159028
118,119,BRK-A,745.30B,1.46M,1.20M,39.73%,-1.13%,18.00%,-,0.07%,0.14,5.73K,514000.0,-0.46%,6534
119,120,BRK-B,739.57B,1.30B,1.29B,0.37%,-0.08%,66.12%,-,0.49%,1.81,3.49M,338.31,-0.44%,8461113
120,121,BRKR,11.05B,146.80M,98.87M,26.40%,-2.06%,72.40%,-10.49%,3.60%,3.95,902.55K,75.48,0.19%,1553683
121,122,BRO,18.73B,278.60M,235.82M,0.10%,2.89%,75.10%,-0.94%,1.23%,2.3,1.26M,66.25,0.30%,1946063
122,123,BSBR,23.84B,7.45B,3.27B,13.73%,0.00%,0.70%,0.23%,0.07%,2.28,1.06M,6.39,-0.16%,989826
123,124,BSX,77.61B,1.44B,1.43B,0.20%,-11.74%,94.60%,0.94%,0.86%,1.34,9.25M,54.32,0.63%,13015827
124,125,BSY,15.85B,310.76M,207.07M,21.80%,-1.53%,36.90%,0.96%,2.90%,6.6,909.72K,53.29,-1.35%,1724131
125,126,BTI,73.01B,2.25B,2.12B,4.60%,0.00%,7.60%,7.23%,0.20%,0.88,4.76M,32.82,-0.15%,4818460
126,127,BTO,46.60B,1.08B,1.06B,0.04%,0.00%,20.72%,-,0.01%,0.84,96.27K,27.86,1.90%,143247
127,128,BUD,99.87B,1.70B,609.79M,53.90%,0.00%,6.80%,5.27%,1.40%,3.27,2.60M,58.21,-0.61%,3547631
128,129,BWA,11.32B,234.37M,232.91M,0.10%,-59.78%,97.30%,-1.22%,2.55%,2.51,2.37M,48.6,0.66%,4733941
129,130,BX,112.79B,746.07M,700.30M,0.30%,-97.32%,64.50%,0.78%,2.99%,4.5,4.65M,91.13,-1.64%,5652892
130,131,C,94.53B,1.94B,1.93B,0.20%,-1.02%,73.70%,-0.03%,1.36%,1.55,16.97M,48.19,-0.76%,18204030
131,132,CAG,16.59B,477.50M,474.27M,0.30%,-6.63%,84.10%,-2.35%,3.10%,3.28,4.48M,34.64,-0.43%,4595105
132,133,CAH,22.70B,256.00M,253.48M,0.60%,0.00%,93.00%,0.13%,2.32%,2.66,2.21M,91.25,2.34%,5132748
133,134,CARR,38.85B,835.00M,826.32M,0.10%,-35.93%,87.90%,-0.27%,2.83%,4.06,5.76M,46.88,0.73%,9582853
134,135,CAT,127.64B,516.20M,511.18M,-,-,70.90%,-1.83%,1.44%,2.25,3.26M,245.27,-0.97%,5209376
135,136,CB,79.21B,414.29M,413.20M,0.30%,-2.00%,90.50%,-0.57%,0.63%,1.47,1.78M,194.94,1.92%,3376661
136,137,CBOE,14.58B,105.90M,105.06M,0.20%,-15.37%,84.00%,-3.02%,1.55%,2.44,668.27K,137.36,-0.52%,1108959
137,138,CBRE,24.45B,310.46M,307.90M,0.10%,-2.06%,99.20%,-1.94%,3.12%,5.03,1.91M,77.81,-1.09%,3406437
138,139,CCEP,30.11B,457.00M,289.36M,0.35%,0.00%,32.00%,0.98%,1.31%,3.49,1.09M,65.35,-0.41%,1962455
139,140,CCI,50.69B,433.00M,430.78M,0.35%,-1.47%,93.10%,0.37%,1.07%,2.06,2.24M,114.61,-1.95%,3981529
140,141,CCJ,13.70B,432.85M,432.02M,0.20%,0.00%,70.10%,-0.84%,3.85%,3.99,4.18M,31.76,0.38%,4296991
141,142,CCK,10.42B,119.20M,117.79M,0.10%,-7.35%,99.20%,2.71%,2.77%,3.31,985.31K,88.81,2.37%,20478600
142,143,CCL,20.03B,1.26B,1.03B,0.10%,-7.79%,50.90%,9.16%,11.78%,3.06,39.42M,15.8,-1.99%,50985481
143,144,CDAY,10.51B,154.25M,152.11M,0.30%,-15.92%,110.00%,-3.17%,7.70%,8.51,1.38M,67.08,-1.06%,2256607
144,145,CDNS,64.84B,272.68M,270.06M,0.60%,-27.75%,90.20%,0.94%,1.35%,1.94,1.88M,235.84,-0.81%,5005890
145,146,CDW,24.02B,135.60M,134.45M,0.10%,-1.21%,97.20%,1.37%,1.13%,1.58,962.19K,178.15,-0.03%,1527771
146,147,CE,12.71B,108.63M,108.11M,0.20%,1.92%,96.60%,-0.50%,4.36%,3.53,1.33M,114.0,-2.40%,2258082
147,148,CEG,30.32B,328.00M,323.86M,0.10%,0.00%,83.30%,-0.00%,2.56%,3.75,2.21M,92.89,-0.61%,4961890
148,149,CELH,11.11B,76.67M,40.47M,0.50%,-79.28%,56.60%,-0.04%,25.86%,9.75,1.07M,144.44,-0.21%,861068
149,150,CF,13.66B,196.20M,194.08M,0.20%,-7.70%,97.00%,-2.46%,1.77%,1.24,2.77M,71.27,1.70%,5873223
150,151,CFG,13.40B,485.44M,479.14M,0.30%,-10.20%,92.10%,-0.02%,5.44%,2.78,9.37M,27.26,-1.55%,11758540
151,152,CFLT,10.21B,291.87M,151.39M,0.40%,-81.22%,78.40%,1.16%,13.20%,5.12,3.90M,34.69,0.58%,7960687
152,153,CG,11.45B,362.94M,240.29M,2.30%,-1.30%,54.10%,2.11%,9.38%,7.29,3.09M,31.38,-0.73%,3510520
153,154,CHD,23.41B,243.80M,243.43M,0.18%,-48.16%,84.70%,-0.89%,1.26%,2.13,1.44M,96.16,0.33%,1825099
154,155,CHDN,10.21B,74.87M,66.99M,2.90%,-2.24%,74.70%,-,2.16%,3.58,403.55K,136.39,-0.95%,642757
155,156,CHK,10.91B,134.74M,127.54M,0.10%,0.00%,98.30%,-2.78%,7.06%,6.55,1.37M,82.36,1.02%,1056924
156,157,CHKP,15.75B,119.80M,100.67M,24.80%,0.00%,69.90%,-1.26%,5.31%,5.85,913.53K,130.91,0.35%,1587270
157,158,CHRW,11.11B,118.64M,115.10M,0.30%,-7.67%,99.20%,-0.27%,12.54%,12.41,1.16M,94.62,-0.78%,1840603
158,159,CHT,31.75B,775.74M,775.74M,-,-,2.28%,-,0.05%,4.05,95.77K,40.88,-0.29%,138395
159,160,CHTR,51.63B,151.44M,99.13M,12.30%,-0.15%,67.80%,-3.78%,8.90%,8.4,1.05M,341.24,-0.47%,1720985
160,161,CHWY,17.32B,426.85M,113.65M,2.30%,-5.23%,99.60%,0.20%,16.69%,4.13,4.59M,39.64,-2.17%,3982761
161,162,CI,79.73B,295.71M,293.81M,0.10%,-11.92%,91.60%,-1.52%,0.80%,1.26,1.88M,268.83,-0.24%,2894785
162,163,CINF,15.78B,157.20M,156.19M,0.50%,-2.31%,68.00%,2.21%,1.49%,3.46,673.84K,100.9,0.50%,2512223
163,164,CL,63.71B,831.40M,829.55M,0.10%,-26.27%,81.30%,-0.61%,1.50%,2.43,5.12M,77.78,1.28%,7364899
164,165,CLX,19.16B,123.65M,122.88M,0.10%,0.00%,82.20%,-1.42%,3.45%,3.5,1.21M,156.54,1.02%,1620715
165,166,CM,39.76B,912.30M,893.84M,0.06%,0.00%,70.80%,4.63%,1.10%,8.19,1.20M,44.15,0.59%,2956385
166,167,CMCSA,172.88B,4.21B,4.12B,0.74%,0.00%,85.60%,-1.85%,0.92%,1.97,19.23M,41.2,-0.65%,33882710
167,168,CME,65.55B,358.93M,358.10M,0.20%,0.30%,88.20%,0.51%,1.40%,3.26,1.55M,184.11,1.04%,3637833
168,169,CMG,56.60B,27.62M,27.55M,0.50%,-20.41%,96.30%,-0.61%,2.91%,2.8,286.58K,2032.92,-0.91%,343603
169,170,CMI,33.58B,141.50M,140.40M,0.20%,-6.16%,85.40%,1.12%,1.55%,2.06,1.06M,235.81,-0.58%,1788610
170,171,CMS,17.80B,290.70M,288.35M,0.45%,-1.12%,94.00%,-1.60%,3.06%,3.89,2.27M,60.74,-0.46%,2644767
171,172,CNA,10.36B,271.30M,270.07M,0.31%,9.78%,99.00%,-0.28%,0.17%,2.69,172.17K,38.51,0.71%,508950
172,173,CNC,36.28B,550.78M,545.25M,0.50%,1.81%,98.40%,-1.26%,1.37%,2.12,3.50M,65.66,-0.70%,5622573
173,174,CNHI,19.90B,1.34B,1.01B,27.15%,0.00%,50.40%,-,1.37%,2.59,5.33M,14.53,-0.21%,4575350
174,175,CNI,79.55B,668.30M,615.44M,0.20%,0.00%,77.80%,0.83%,1.28%,6.58,1.19M,118.95,0.84%,1637766
175,176,CNP,18.47B,630.00M,628.70M,0.20%,-0.61%,93.10%,1.40%,1.44%,2.37,3.81M,29.18,-0.31%,6640359
176,177,CNQ,61.57B,1.10B,1.09B,3.30%,0.00%,66.60%,-2.93%,3.29%,16.94,2.12M,55.01,-1.06%,1546003
177,178,COF,42.63B,382.60M,377.50M,1.00%,-0.22%,91.00%,-0.04%,2.37%,2.66,3.35M,110.07,-1.42%,4275906
178,179,COIN,12.73B,231.49M,175.62M,0.20%,51.29%,59.30%,-0.33%,20.37%,2.3,15.58M,55.59,2.47%,13699144
179,180,COO,18.20B,49.50M,49.08M,0.55%,-13.12%,101.17%,-4.09%,1.29%,2.1,300.73K,367.41,-0.04%,628289
180,181,COP,126.03B,1.22B,1.21B,0.10%,0.51%,83.40%,-0.14%,0.92%,1.76,6.30M,104.92,0.74%,9904786
181,182,COST,234.51B,443.81M,441.63M,0.20%,-1.78%,69.10%,0.27%,0.81%,1.93,1.85M,523.65,-1.05%,3140937
182,183,COTY,10.62B,851.60M,351.59M,2.80%,0.00%,37.80%,-1.35%,5.46%,3.77,5.10M,12.44,-0.08%,6694373
183,184,CP,96.36B,930.70M,929.94M,0.03%,0.00%,69.50%,0.60%,1.77%,8.66,1.90M,78.52,0.11%,1816780
184,185,CPB,13.84B,299.00M,192.10M,0.30%,-4.01%,52.90%,-0.21%,7.30%,5.79,2.42M,46.42,-0.04%,3679510
185,186,CPNG,30.19B,1.77B,1.58B,0.20%,-48.82%,80.10%,0.00%,1.27%,2.75,7.28M,17.28,1.83%,9375071
186,187,CPRT,41.59B,476.79M,427.93M,9.50%,-1.01%,82.60%,-0.09%,1.19%,2.37,2.14M,87.28,0.20%,4188973
187,188,CPT,11.97B,108.57M,105.47M,1.14%,-1.50%,99.00%,-0.38%,1.85%,2.47,789.81K,113.11,0.86%,1257790
188,189,CQP,22.78B,484.03M,142.03M,49.57%,0.16%,25.98%,-,0.89%,7.02,179.87K,47.07,2.73%,592169
189,190,CRBG,10.83B,650.80M,141.83M,78.00%,-12.72%,22.70%,-,6.56%,3.69,2.52M,16.47,-1.44%,2869032
190,191,CRH,38.16B,751.40M,728.54M,1.00%,0.00%,5.60%,6.86%,0.21%,1.97,792.17K,53.14,0.78%,1746004
191,192,CRL,10.69B,51.10M,50.37M,0.10%,-35.15%,99.00%,3.39%,2.73%,2.59,530.71K,209.99,0.49%,667462
192,193,CRM,206.41B,980.00M,967.51M,0.10%,-43.68%,79.50%,-0.96%,1.00%,1.48,6.54M,211.76,-0.08%,13661531
193,194,CRWD,37.89B,236.41M,215.39M,0.70%,-9.44%,76.20%,0.49%,3.34%,1.77,4.06M,155.14,-2.92%,6340498
194,195,CSCO,211.62B,4.09B,4.07B,0.10%,-4.23%,74.90%,-0.08%,1.38%,2.92,19.34M,52.07,0.27%,37112242
195,196,CSGP,34.35B,404.49M,402.42M,0.80%,-12.31%,99.75%,4.24%,1.52%,3.32,1.84M,84.14,0.08%,7613417
196,197,CSL,12.26B,51.10M,50.65M,0.30%,-5.02%,90.90%,-0.73%,2.16%,2.54,431.06K,239.58,-0.37%,979992
197,198,CSX,68.23B,2.05B,2.01B,0.30%,0.00%,76.00%,-2.20%,0.94%,1.49,12.71M,33.21,-1.04%,30031174
198,199,CTAS,50.07B,101.71M,86.25M,0.50%,-3.12%,66.40%,0.61%,1.29%,3.23,344.87K,491.36,-0.21%,625449
199,200,CTRA,19.00B,764.00M,749.43M,0.10%,-2.69%,97.40%,0.62%,4.78%,4.6,7.79M,25.21,0.52%,21771520
200,201,CTSH,32.85B,509.00M,506.25M,0.10%,-6.00%,93.50%,-0.42%,1.52%,2.16,3.57M,65.08,0.53%,5836794
201,202,CTVA,41.00B,712.90M,709.80M,0.19%,3.04%,83.30%,-0.09%,0.89%,2.13,2.97M,57.23,-0.78%,10088758
202,203,CUK,20.03B,1.18B,144.55M,0.10%,-7.07%,20.80%,2.18%,2.35%,1.78,1.91M,14.22,-1.46%,2442347
203,204,CVE,32.37B,1.91B,1.37B,0.10%,0.00%,73.10%,0.33%,3.77%,6.44,8.02M,16.65,-1.83%,7694540
204,205,CVS,89.10B,1.28B,1.28B,0.10%,1.08%,80.70%,0.58%,1.17%,1.75,8.52M,67.72,-2.56%,18190479
205,206,CVX,297.71B,1.89B,1.88B,0.04%,-2.80%,72.00%,-0.67%,0.89%,2.13,7.82M,157.26,-0.64%,22851275
206,207,CX,11.11B,1.45B,1.45B,60.00%,0.00%,30.00%,-1.57%,0.72%,1.65,6.32M,7.2,-1.37%,7170956
207,208,CZR,10.81B,215.00M,213.66M,0.40%,3.81%,96.50%,-1.08%,3.43%,2.52,2.91M,48.84,-2.75%,3795437
208,209,D,44.20B,835.20M,832.12M,0.14%,-0.55%,72.40%,1.49%,0.66%,1.41,3.87M,53.33,0.87%,9863989
209,210,DAL,27.56B,642.72M,640.42M,0.20%,-2.17%,67.50%,-1.80%,3.93%,2.37,10.64M,42.79,-0.21%,12204599
210,211,DAR,10.29B,160.15M,158.86M,1.17%,-3.68%,97.40%,0.52%,2.75%,3.14,1.39M,65.12,0.95%,2068010
211,212,DASH,27.88B,390.40M,357.94M,0.50%,-56.02%,86.20%,-0.82%,4.55%,4.66,3.50M,73.26,2.09%,3657957
212,213,DB,21.29B,2.07B,1.91B,2.70%,0.00%,40.06%,-,0.77%,3.47,4.26M,10.42,-1.79%,3683169
213,214,DD,32.00B,458.80M,453.54M,0.10%,-0.69%,75.00%,0.18%,1.64%,2.15,3.46M,69.41,-0.43%,7874417
214,215,DDOG,31.61B,319.29M,263.53M,0.70%,-39.22%,80.70%,0.81%,3.89%,2.01,5.10M,95.75,-2.48%,4338584
215,216,DE,119.19B,295.10M,290.26M,0.10%,-10.52%,78.50%,-2.30%,1.04%,1.67,1.80M,407.63,0.27%,2118653
216,217,DECK,13.39B,26.31M,26.08M,1.10%,-16.72%,102.79%,-0.10%,2.15%,1.26,445.16K,512.72,0.14%,490384
217,218,DELL,36.51B,724.00M,244.04M,1.10%,-6.07%,82.40%,-1.06%,3.48%,1.85,4.58M,49.67,-1.06%,9351738
218,219,DEO,95.59B,568.50M,140.78M,0.70%,0.00%,9.30%,-4.57%,1.19%,4.88,343.03K,173.46,-0.25%,590539
219,220,DFS,29.78B,262.00M,252.07M,0.50%,-2.08%,85.00%,-1.41%,2.73%,3.29,2.09M,115.32,-1.65%,5916613
220,221,DG,35.90B,219.19M,217.95M,0.10%,-6.67%,94.10%,-3.48%,2.25%,1.83,2.68M,164.32,0.39%,4779634
221,222,DGX,15.37B,112.00M,110.08M,0.20%,-6.13%,95.00%,-1.34%,3.68%,3.89,1.04M,138.6,1.02%,2672989
222,223,DHI,39.36B,342.10M,302.33M,0.60%,-5.93%,87.30%,0.09%,3.19%,3.25,2.96M,116.4,0.86%,6316988
223,224,DHR,179.69B,729.40M,648.17M,0.20%,-3.04%,81.00%,-0.21%,0.67%,1.38,3.12M,241.8,-0.70%,6380330
224,225,DIS,169.83B,1.83B,1.82B,0.06%,-5.44%,65.00%,2.21%,1.30%,2.06,11.47M,91.32,-1.74%,22641615
225,226,DKNG,11.47B,455.08M,437.79M,2.10%,-32.18%,58.20%,2.01%,5.84%,2.21,11.58M,24.51,-1.29%,14098348
226,227,DKS,11.65B,83.07M,57.19M,1.20%,-24.83%,95.93%,-2.04%,15.11%,5.7,1.51M,135.1,0.02%,1463642
227,228,DLR,30.71B,291.22M,287.20M,0.12%,-3.41%,98.40%,0.96%,5.74%,5.41,3.05M,105.18,-0.20%,4568562
228,229,DLTR,30.51B,221.10M,218.28M,0.10%,4.13%,102.33%,1.27%,3.46%,3.39,2.23M,136.22,-1.60%,2591443
229,230,DOCU,10.98B,202.63M,197.79M,1.00%,-17.84%,78.60%,-0.67%,4.60%,2.32,3.93M,53.85,-0.79%,5750262
230,231,DOV,20.57B,139.76M,139.14M,0.20%,-15.92%,94.70%,0.45%,1.14%,1.9,838.99K,147.73,0.44%,1529268
231,232,DOW,37.83B,708.20M,702.78M,0.10%,0.06%,65.60%,-4.53%,1.88%,2.83,4.68M,53.16,-0.60%,9530598
232,233,DOX,11.63B,120.24M,120.20M,4.80%,0.00%,98.40%,-0.17%,1.12%,2.15,628.76K,97.6,0.95%,926017
233,234,DPZ,11.50B,35.39M,35.19M,0.40%,1.59%,93.90%,-9.47%,3.33%,1.7,687.38K,331.41,1.83%,2064234
234,235,DRI,20.18B,121.40M,119.89M,0.40%,-18.59%,92.00%,-1.11%,5.50%,4.82,1.37M,166.01,-0.51%,1926328
235,236,DT,15.23B,289.44M,194.88M,0.70%,-94.08%,99.83%,2.96%,5.27%,3.66,2.81M,51.21,-2.18%,3588547
236,237,DTE,23.48B,206.00M,192.24M,0.20%,-1.27%,75.50%,1.19%,1.11%,1.75,1.22M,114.12,0.18%,4874008
237,238,DUK,70.66B,770.00M,769.27M,0.12%,-0.21%,64.40%,0.18%,1.07%,2.72,3.02M,92.18,0.53%,8690182
238,239,DVN,31.83B,645.00M,638.76M,0.40%,1.26%,80.70%,0.48%,2.51%,1.86,8.60M,49.8,0.40%,16246841
239,240,DXCM,50.77B,386.70M,384.65M,0.10%,-39.80%,98.80%,-0.35%,3.71%,6.19,2.31M,130.1,-0.67%,4306193
240,241,E,48.22B,1.67B,1.23B,32.10%,0.00%,1.20%,-18.36%,0.06%,2.53,313.57K,28.43,-0.56%,834863
241,242,EA,35.18B,274.00M,272.61M,0.20%,-10.61%,94.00%,-0.25%,2.36%,3.09,2.09M,128.66,-0.26%,3122195
242,243,EBAY,24.39B,537.00M,533.61M,0.10%,-4.87%,90.00%,-1.04%,2.80%,3.13,4.78M,45.06,-1.23%,8588093
243,244,EBR,18.91B,2.03B,2.03B,-,-,1.71%,-,0.10%,1.44,1.45M,8.01,-3.03%,3037527
244,245,EBR-B,18.91B,279.94M,279.94M,-,-,1.21%,-,0.06%,5.93,27.04K,8.95,-5.29%,221753
245,246,EC,21.18B,2.06B,221.63M,1.00%,0.00%,1.50%,-8.83%,3.12%,3.33,2.08M,10.45,0.19%,1365594
246,247,ECL,51.88B,284.60M,283.44M,0.10%,-19.89%,90.80%,1.12%,0.63%,1.68,1.06M,182.04,-0.10%,2509734
247,248,ED,32.24B,352.90M,345.92M,0.10%,0.48%,68.20%,0.86%,2.29%,4.17,1.90M,92.97,-0.05%,4677104
248,249,EDR,10.74B,291.94M,287.82M,0.55%,-23.14%,96.00%,0.94%,1.65%,1.63,2.91M,22.33,-1.11%,2333094
249,250,EFX,28.50B,122.60M,121.93M,0.10%,-19.04%,96.90%,0.32%,3.74%,6.44,708.42K,229.77,-1.13%,1373090
250,251,EIX,26.35B,383.00M,381.54M,0.10%,-5.87%,90.40%,0.71%,2.00%,4.58,1.67M,70.18,2.01%,3756051
251,252,EL,71.27B,357.90M,230.07M,0.20%,-11.03%,91.30%,-0.58%,1.45%,1.57,2.13M,203.95,2.28%,5233445
252,253,ELS,12.67B,185.90M,176.96M,0.60%,0.00%,96.10%,0.65%,1.56%,3.43,803.24K,68.7,0.94%,1457025
253,254,ELV,107.08B,237.50M,236.46M,0.10%,-6.72%,92.80%,0.08%,0.81%,1.62,1.18M,443.21,-1.89%,2485995
254,255,EMR,50.31B,570.90M,565.69M,0.20%,0.00%,76.10%,-0.28%,1.04%,1.79,3.29M,87.41,-0.70%,5519605
255,256,ENB,75.39B,2.02B,2.02B,9.20%,0.00%,70.50%,0.16%,2.57%,15.36,3.38M,37.48,0.62%,3618921
256,257,ENPH,24.74B,136.69M,133.17M,1.20%,3.09%,81.20%,8.29%,4.85%,1.66,3.90M,181.81,0.72%,4622896
257,258,ENTG,16.41B,149.43M,147.90M,0.20%,-11.98%,104.09%,3.82%,5.01%,4.55,1.63M,106.51,-2.85%,3172118
258,259,EOG,65.33B,584.00M,581.97M,0.30%,0.43%,89.00%,-0.44%,1.39%,2.25,3.59M,113.41,1.53%,6109452
259,260,EPAM,13.19B,57.70M,55.71M,2.20%,0.00%,96.60%,2.83%,2.68%,2.29,650.87K,219.51,-3.66%,1465093
260,261,EPD,57.23B,2.17B,1.47B,32.72%,0.01%,27.20%,-1.04%,0.75%,2.48,4.44M,26.39,0.27%,3729158
261,262,EQIX,72.91B,92.97M,92.25M,0.10%,-43.72%,96.50%,0.71%,1.67%,3.59,430.54K,778.61,-0.13%,904142
262,263,EQNR,97.43B,3.12B,3.12B,67.30%,0.00%,5.50%,2.27%,0.27%,2.52,3.34M,30.13,-2.02%,4548741
263,264,EQR,25.14B,378.34M,371.23M,1.71%,-0.86%,93.10%,-0.46%,1.66%,3.49,1.76M,66.72,0.56%,3799493
264,265,EQT,14.09B,361.46M,358.63M,0.20%,-4.20%,99.20%,1.80%,6.42%,3.58,6.44M,39.64,1.77%,11567296
265,266,ERIC,17.97B,3.33B,2.99B,0.90%,0.00%,8.20%,-7.02%,0.73%,2.4,9.08M,5.43,0.18%,9769865
266,267,ERIE,11.38B,52.29M,30.84M,0.80%,0.00%,36.80%,1.50%,2.16%,7.07,94.26K,216.99,-0.33%,180786
267,268,ES,24.77B,349.22M,347.02M,0.10%,-1.56%,82.00%,0.33%,1.25%,2.26,1.92M,72.08,1.51%,4268061
268,269,ESS,15.07B,64.46M,63.98M,1.19%,0.00%,97.50%,0.33%,1.31%,2.12,395.88K,236.92,0.90%,728773
269,270,ET,39.76B,3.10B,2.48B,2.20%,9.80%,43.90%,-2.14%,2.29%,5.7,9.95M,12.82,-0.16%,9260684
270,271,ETN,78.48B,398.50M,396.20M,0.20%,-24.21%,85.10%,0.19%,1.51%,2.82,2.12M,191.26,-2.86%,6246828
271,272,ETR,21.61B,211.35M,202.71M,0.10%,-6.44%,92.70%,0.49%,1.16%,1.94,1.21M,102.01,-0.18%,3772342
272,273,ETSY,11.84B,124.34M,122.34M,0.60%,-26.82%,101.74%,-3.54%,11.07%,4.1,3.30M,94.6,-1.43%,4232949
273,274,EVRG,13.69B,230.00M,229.03M,0.20%,-5.60%,86.30%,0.12%,1.02%,1.95,1.20M,59.31,-0.50%,2716179
274,275,EW,55.34B,607.50M,602.89M,0.10%,-39.80%,84.90%,-0.08%,1.84%,4.03,2.76M,91.94,0.71%,6594329
275,276,EXAS,16.85B,178.57M,176.12M,0.70%,-7.75%,89.30%,-1.76%,5.33%,5.22,1.80M,93.42,0.03%,2269490
276,277,EXC,40.60B,995.00M,991.34M,0.20%,-0.30%,83.90%,0.36%,1.12%,1.57,7.08M,41.21,0.96%,9590593
277,278,EXPD,18.22B,154.16M,151.63M,0.20%,-15.22%,98.60%,0.02%,7.09%,8.75,1.23M,118.83,-0.37%,3246628
278,279,EXPE,15.87B,152.48M,141.18M,0.20%,-2.11%,95.60%,-3.04%,3.31%,1.81,2.58M,105.87,-1.16%,3788663
279,280,EXR,19.69B,134.51M,82.94M,0.10%,-9.02%,99.20%,0.75%,14.85%,8.98,1.37M,145.28,-0.34%,1572912
280,281,F,57.81B,3.99B,3.88B,0.18%,-2.09%,52.90%,0.47%,4.76%,2.85,64.60M,14.42,-0.21%,75215766
281,282,FANG,22.94B,181.99M,175.17M,0.20%,-6.34%,98.10%,-0.34%,3.43%,3.03,1.98M,128.74,1.64%,4052750
282,283,FAST,32.11B,570.90M,569.74M,0.10%,-5.91%,79.30%,-0.63%,2.54%,4.58,3.16M,56.58,0.60%,6521724
283,284,FCNCA,19.99B,14.53M,13.22M,1.10%,6.83%,66.10%,-8.42%,3.81%,2.17,231.74K,1282.99,-1.21%,182279
284,285,FCNCO,19.66B,8.00M,8.00M,-,-,13.57%,-,0.05%,0.12,30.91K,20.3,-1.00%,8366
285,286,FCNCP,19.76B,12.00M,12.00M,-,-,23.02%,-,0.03%,0.09,42.16K,19.74,0.41%,6075
286,287,FCX,57.45B,1.43B,1.42B,0.56%,-0.09%,79.30%,-0.48%,1.50%,1.66,12.79M,39.89,-0.47%,16104764
287,288,FDS,16.18B,38.28M,38.05M,0.10%,-36.27%,92.50%,0.93%,1.46%,2.09,266.23K,420.91,-0.33%,512862
288,289,FDX,59.43B,251.00M,240.31M,0.20%,-23.27%,74.80%,1.72%,1.43%,1.68,2.04M,233.46,-1.26%,3246718
289,290,FE,22.40B,572.00M,571.40M,0.08%,0.00%,89.00%,-0.34%,1.89%,2.68,4.02M,39.07,-0.10%,6885722
290,291,FERG,31.08B,205.40M,203.99M,0.16%,0.00%,77.10%,-1.90%,1.30%,2.06,1.28M,151.07,-0.53%,2121886
291,292,FI,74.29B,626.90M,612.81M,0.50%,0.00%,92.50%,-0.52%,1.66%,2.63,3.87M,119.96,-0.32%,6416508
292,293,FICO,20.05B,25.12M,24.57M,0.90%,-10.21%,91.80%,-0.59%,2.65%,2.27,285.93K,799.96,-0.27%,262831
293,294,FIS,32.02B,592.00M,587.96M,0.20%,1.40%,93.50%,-2.15%,1.43%,1.49,5.65M,54.78,1.35%,6073957
294,295,FITB,18.22B,684.02M,673.73M,0.10%,7.77%,83.00%,-0.11%,1.04%,0.79,8.81M,26.54,-0.82%,11155224
295,296,FIVE,10.83B,55.65M,54.17M,1.20%,-8.63%,108.72%,0.49%,6.89%,4.6,810.62K,190.43,-2.16%,534700
296,297,FLEX,11.93B,451.00M,441.96M,0.30%,-42.99%,101.50%,0.55%,2.56%,2.55,4.44M,26.77,-0.30%,3750427
297,298,FLT,18.05B,73.52M,71.54M,2.70%,0.00%,93.90%,-5.79%,2.25%,2.73,588.53K,243.63,-0.34%,672390
298,299,FMC,13.24B,125.34M,124.46M,0.40%,-1.68%,92.80%,1.64%,0.95%,1.27,931.52K,106.77,0.82%,1604693
299,300,FMS,13.96B,586.83M,586.83M,-,-,9.90%,-,0.44%,3.61,710.78K,23.57,0.00%,1865156
300,301,FMX,36.43B,357.82M,354.24M,79.80%,0.00%,37.40%,5.88%,0.26%,2.05,448.36K,111.19,0.66%,280850
301,302,FND,10.32B,105.96M,104.13M,0.20%,-10.54%,111.62%,1.42%,13.37%,10.89,1.28M,96.26,-0.83%,885245
302,303,FNV,36.77B,191.90M,190.28M,0.71%,0.00%,74.38%,-,1.93%,7.05,521.77K,145.74,0.57%,1308340
303,304,FOX,16.47B,235.58M,131.76M,43.16%,-0.08%,53.26%,-,2.33%,2.49,1.23M,31.5,-0.16%,1734483
304,305,FOXA,16.49B,521.00M,404.39M,0.20%,-14.94%,103.20%,-1.15%,4.54%,4.8,3.83M,33.64,-0.09%,10264521
305,306,FSLR,20.60B,106.67M,101.07M,0.30%,-23.17%,83.10%,1.97%,3.83%,1.56,2.49M,188.99,-2.02%,3105346
306,307,FTNT,57.78B,783.20M,633.43M,12.00%,-1.03%,67.80%,-4.12%,2.01%,2.69,4.73M,72.78,-1.10%,10912404
307,308,FTS,27.32B,483.10M,479.26M,0.07%,0.00%,55.01%,-,2.38%,19.26,593.48K,42.87,0.47%,663239
308,309,FTV,25.45B,353.60M,348.54M,0.10%,-1.84%,97.20%,-8.22%,1.56%,2.39,2.27M,71.82,-0.21%,3688131
309,310,FWONA,30.69B,234.39M,22.33M,3.56%,-3.58%,89.70%,-0.14%,1.37%,2.67,114.55K,70.32,-1.68%,280884
310,311,FWONK,30.28B,207.97M,201.04M,2.49%,-5.64%,99.37%,-,2.56%,6.35,811.22K,78.09,-2.34%,1625131
311,312,GD,58.97B,274.00M,273.28M,0.50%,-1.66%,86.70%,-0.94%,1.20%,2.67,1.23M,217.34,1.11%,1560349
312,313,GDDY,11.74B,154.12M,152.29M,0.30%,-7.41%,98.60%,-1.69%,1.30%,1.55,1.28M,74.91,-1.41%,3275093
313,314,GE,114.79B,1.09B,1.08B,0.20%,-10.16%,71.90%,-3.29%,1.23%,2.23,5.93M,106.29,0.83%,10619041
314,315,GEHC,35.97B,454.68M,453.21M,0.05%,-22.99%,56.98%,-,1.53%,2.57,2.71M,78.65,-0.57%,5384994
315,316,GEN,12.08B,641.00M,610.17M,8.30%,0.56%,85.70%,-0.44%,3.17%,4.15,4.66M,18.63,-1.17%,10172338
316,317,GFI,13.43B,891.30M,858.33M,-,-,34.10%,14.38%,1.44%,2.16,5.74M,14.98,-0.93%,37900230
317,318,GFL,18.28B,369.18M,320.12M,3.21%,0.00%,96.09%,-,0.89%,2.65,1.08M,37.28,-0.48%,696328
318,319,GFS,34.73B,550.00M,538.18M,-,-,104.60%,1.60%,1.80%,6.94,1.40M,62.46,-0.76%,2639601
319,320,GGG,14.38B,168.02M,166.97M,0.10%,-61.62%,89.90%,0.07%,1.57%,2.86,916.68K,86.12,0.84%,1752900
320,321,GIB,22.28B,235.04M,183.18M,12.40%,0.00%,70.00%,-7.24%,0.64%,7.73,151.19K,104.58,-0.56%,185572
321,322,GILD,98.54B,1.25B,1.23B,0.10%,-1.73%,83.00%,0.85%,1.24%,2.76,5.53M,78.86,-0.18%,13975915
322,323,GIS,47.41B,592.50M,584.30M,0.20%,-8.14%,78.10%,-0.49%,2.12%,3.91,3.17M,80.71,0.00%,5344518
323,324,GL,10.35B,96.39M,95.15M,1.60%,-11.99%,84.00%,-0.08%,1.25%,2.17,549.86K,108.01,-0.29%,877458
324,325,GLPI,13.10B,261.79M,246.04M,0.10%,-28.93%,92.20%,2.88%,1.48%,3.38,1.08M,49.83,-0.24%,1686676
325,326,GLW,28.77B,844.00M,763.28M,0.10%,-28.27%,70.00%,-2.11%,0.74%,1.24,4.57M,35.85,5.94%,21244427
326,327,GM,52.87B,1.40B,1.35B,0.20%,-0.10%,82.80%,-3.21%,2.46%,2.29,14.51M,37.96,-0.18%,14509190
327,328,GMAB,25.20B,653.18M,652.65M,-,-,6.90%,25.02%,0.55%,9.24,390.16K,38.77,0.05%,600709
328,329,GOLD,28.95B,1.75B,1.75B,0.10%,0.00%,63.30%,-1.77%,1.58%,1.75,15.82M,16.71,1.33%,21130784
329,330,GOOG,1571.57B,5.87B,5.11B,0.01%,-15.59%,64.20%,-,0.69%,1.29,27.30M,124.06,-1.38%,56622622
330,331,GOOGL,1592.38B,6.82B,5.92B,0.28%,-0.96%,78.60%,-0.21%,0.87%,1.46,35.03M,123.53,-1.25%,44465949
331,332,GPC,22.71B,140.80M,137.98M,0.10%,3.00%,82.40%,1.07%,1.60%,2.1,1.05M,161.47,-0.11%,1381324
332,333,GPN,26.71B,263.12M,260.24M,0.20%,-0.29%,90.80%,0.59%,1.70%,1.9,2.33M,100.68,-1.25%,3751644
333,334,GRAB,13.37B,3.85B,2.58B,27.55%,0.00%,48.00%,1.28%,4.60%,6.93,17.10M,3.42,-0.58%,23693368
334,335,GRMN,20.31B,191.50M,153.38M,0.10%,-17.61%,55.50%,0.88%,2.02%,4.17,742.65K,106.0,-0.14%,1380234
335,336,GS,112.94B,346.60M,331.57M,0.30%,-1.67%,71.40%,-0.22%,1.10%,1.63,2.23M,338.31,-0.42%,4481390
336,337,GSK,71.28B,2.02B,1.99B,0.20%,0.00%,13.80%,0.62%,0.17%,1.18,2.82M,35.15,-0.34%,5945434
337,338,GWW,37.32B,50.20M,45.63M,0.20%,-36.31%,75.40%,0.88%,2.56%,4.17,279.77K,732.43,-1.54%,419238
338,339,H,11.92B,106.39M,46.32M,1.70%,-6.27%,104.17%,-0.34%,9.83%,5.49,829.35K,113.17,0.40%,694206
339,340,HAL,29.51B,904.00M,901.01M,0.30%,-11.07%,84.70%,0.89%,3.02%,2.7,10.07M,32.58,-0.40%,10388206
340,341,HBAN,15.72B,1.44B,1.43B,0.60%,-3.30%,83.70%,1.70%,3.16%,2.41,18.75M,10.92,0.28%,25608002
341,342,HBANL,15.76B,13.00M,13.00M,-,-,8.44%,-,0.34%,0.24,186.64K,24.86,0.12%,22085
342,343,HBANP,15.76B,20.00M,20.00M,-,-,17.86%,-,0.31%,0.82,76.31K,18.74,-1.11%,40466
343,344,HCA,78.65B,276.91M,210.77M,0.10%,-28.80%,66.80%,-2.43%,1.09%,1.85,1.24M,290.08,1.47%,2962332
344,345,HD,303.65B,1.01B,1.00B,0.08%,-0.18%,71.70%,0.41%,1.33%,3.07,4.35M,300.38,-0.54%,10795560
345,346,HDB,107.90B,1.85B,1.83B,-,-,18.30%,0.94%,0.09%,1.04,1.59M,66.45,2.86%,2832053
346,347,HEI,20.02B,136.92M,116.36M,4.00%,-0.53%,70.50%,-0.00%,1.45%,4.95,341.10K,165.89,-0.23%,278943
347,348,HEI-A,19.98B,82.28M,74.42M,9.56%,-0.18%,97.24%,-,0.62%,2.38,193.78K,132.54,-0.15%,361767
348,349,HES,41.70B,305.40M,276.00M,0.10%,-62.85%,88.40%,-0.09%,1.50%,2.52,1.64M,135.56,-0.18%,2568214
349,350,HIG,22.05B,314.00M,308.90M,0.20%,-14.28%,93.60%,-1.64%,0.77%,1.14,2.08M,71.88,1.15%,2607683
350,351,HLN,37.54B,4.62B,2.84B,6.41%,0.00%,6.70%,-,0.50%,3.33,4.30M,8.42,0.96%,2096395
351,352,HLT,37.22B,266.00M,259.65M,0.20%,-7.81%,98.60%,-2.78%,1.64%,2.57,1.66M,140.81,0.10%,2668234
352,353,HMC,58.33B,1.68B,1.66B,0.30%,0.00%,5.50%,3.31%,0.11%,1.64,1.08M,31.32,-2.13%,2601854
353,354,HOLX,19.95B,247.73M,244.05M,1.10%,-0.42%,100.05%,-9.33%,2.36%,4.2,1.37M,81.2,0.20%,4133676
354,355,HON,135.57B,667.80M,664.84M,0.10%,-0.96%,75.90%,0.09%,0.91%,2.45,2.47M,202.97,-0.37%,5002796
355,356,HPE,22.54B,1.30B,1.28B,0.20%,-36.28%,85.40%,-0.76%,2.32%,2.25,13.19M,17.57,0.69%,24479472
356,357,HPQ,30.66B,991.00M,970.20M,0.10%,-11.40%,83.70%,-5.45%,2.13%,2.86,7.22M,31.0,-0.32%,13959223
357,358,HRL,22.56B,546.42M,287.16M,0.20%,-4.96%,41.40%,0.10%,3.84%,4.7,2.35M,41.27,-0.07%,3332910
358,359,HSBC,154.91B,3.97B,3.97B,0.30%,0.00%,1.40%,1.56%,0.24%,5.02,1.90M,39.18,0.33%,1701440
359,360,HST,12.17B,713.40M,706.78M,1.11%,-0.05%,107.13%,-0.50%,4.49%,4.71,6.73M,17.05,-0.35%,9087653
360,361,HSY,53.32B,204.86M,146.48M,0.40%,-62.26%,79.10%,0.34%,2.93%,4.19,1.03M,260.72,-0.05%,1576480
361,362,HTHT,14.70B,317.42M,202.57M,56.40%,0.00%,46.60%,-1.85%,4.78%,6.24,1.55M,43.0,-2.89%,1796423
362,363,HUBB,17.20B,53.60M,53.45M,0.20%,-8.45%,93.20%,1.55%,1.42%,1.94,392.05K,320.38,-0.20%,828246
363,364,HUBS,25.82B,49.40M,46.26M,4.70%,-5.59%,93.80%,1.36%,2.50%,1.97,588.29K,519.32,-0.13%,720542
364,365,HUM,57.96B,125.00M,124.71M,0.10%,-24.43%,96.10%,-0.31%,1.27%,1.55,1.02M,445.65,-3.92%,5292762
365,366,HWM,19.03B,412.00M,410.92M,0.69%,-2.10%,93.60%,0.59%,0.88%,1.23,2.95M,45.98,-0.13%,2976300
366,367,HZNP,23.16B,228.40M,223.96M,1.17%,-2.74%,95.80%,1.84%,3.25%,3.21,2.26M,101.63,0.32%,2796558
367,368,IBKR,34.23B,102.96M,99.71M,2.00%,-4.21%,91.20%,1.41%,1.29%,1.35,948.33K,80.28,-0.82%,962595
368,369,IBM,125.67B,907.53M,903.33M,0.09%,-4.62%,58.50%,1.43%,2.69%,4.97,4.89M,137.48,-0.66%,7468309
369,370,IBN,79.13B,3.49B,3.39B,62.40%,0.00%,17.50%,5.95%,0.41%,3.26,4.21M,22.87,0.00%,6173247
370,371,ICE,62.92B,559.00M,550.82M,0.20%,-17.40%,91.20%,-1.06%,0.72%,1.65,2.40M,111.68,-0.62%,3803685
371,372,ICLR,19.14B,81.78M,81.08M,4.00%,0.00%,98.16%,0.90%,1.66%,2.19,616.03K,234.12,0.21%,551071
372,373,IDXX,39.96B,82.99M,82.01M,0.30%,-11.23%,91.80%,-0.23%,2.53%,5.32,390.33K,483.03,0.33%,706647
373,374,IEP,10.57B,354.00M,336.90M,0.10%,0.00%,86.90%,3.42%,1.41%,1.72,2.77M,27.94,-2.38%,3081634
374,375,IEX,15.90B,75.60M,75.17M,0.10%,-4.03%,100.77%,-1.75%,1.23%,2.17,425.79K,209.75,-0.31%,872664
375,376,IFF,20.28B,255.00M,254.38M,0.22%,-0.35%,93.30%,-0.78%,1.37%,1.93,1.80M,80.35,1.07%,5049504
376,377,IHG,12.08B,178.00M,168.37M,1.00%,0.00%,4.80%,1.31%,0.41%,4.65,147.60K,71.23,-0.45%,90758
377,378,ILMN,33.19B,158.00M,156.75M,0.10%,-6.49%,91.10%,2.69%,3.18%,4.03,1.24M,205.87,-1.94%,2441990
378,379,IMO,29.25B,584.20M,132.78M,69.60%,0.00%,18.10%,-4.53%,5.47%,15.15,479.71K,49.73,-0.66%,424380
379,380,INCY,13.96B,222.96M,218.93M,0.40%,-11.71%,98.50%,0.61%,3.14%,3.79,1.81M,63.23,1.04%,8439018
380,381,INFY,64.97B,4.14B,3.56B,18.20%,0.00%,14.10%,-5.66%,1.23%,3.87,11.30M,15.83,1.34%,18245147
381,382,ING,47.91B,3.62B,3.56B,1.00%,0.00%,4.20%,-6.83%,0.10%,0.92,3.82M,13.4,0.30%,2432514
382,383,INTC,149.41B,4.15B,4.12B,0.06%,1.53%,62.50%,-1.85%,1.61%,1.46,45.64M,36.37,1.54%,110103134
383,384,INTU,127.80B,281.00M,272.91M,0.20%,-1.61%,87.00%,0.38%,1.22%,1.82,1.83M,455.03,-0.28%,2618104
384,385,INVH,21.01B,611.59M,610.08M,0.31%,0.00%,105.27%,3.21%,2.84%,5.95,2.91M,34.4,0.17%,4749352
385,386,IOT,15.35B,526.40M,153.38M,3.70%,-42.88%,71.60%,3.76%,7.58%,3.07,3.79M,28.9,-0.52%,8777117
386,387,IP,11.04B,349.30M,346.48M,0.40%,-6.42%,88.10%,-3.56%,2.84%,3.09,3.19M,31.98,0.53%,7097952
387,388,IPG,15.67B,385.80M,384.49M,0.51%,-7.89%,101.87%,-1.16%,3.82%,3.0,4.89M,40.04,-1.36%,6230899
388,389,IQV,40.22B,185.80M,184.29M,0.88%,-0.68%,91.10%,0.40%,1.28%,2.03,1.16M,216.02,-0.35%,1181617
389,390,IR,26.18B,405.00M,404.13M,0.10%,-33.43%,99.11%,-8.51%,1.30%,2.28,2.30M,64.52,-0.29%,4460532
390,391,IRM,16.67B,291.44M,288.19M,0.10%,-54.88%,80.20%,1.15%,4.30%,9.34,1.33M,56.76,-0.70%,2379242
391,392,ISRG,115.03B,350.20M,348.62M,0.51%,-11.32%,86.60%,-0.45%,0.75%,1.62,1.61M,329.36,0.33%,3109805
392,393,IT,28.15B,79.45M,76.57M,2.70%,-3.52%,94.70%,0.25%,2.73%,3.86,541.20K,356.54,0.10%,1345885
393,394,ITUB,53.98B,9.79B,5.25B,52.10%,0.00%,18.10%,-4.25%,0.46%,0.97,24.95M,5.9,0.00%,18295547
394,395,ITW,75.00B,305.00M,302.90M,0.10%,-49.90%,82.60%,0.42%,1.93%,5.12,1.14M,247.99,0.48%,2186397
395,396,IX,22.30B,234.26M,-,0.50%,0.00%,1.70%,-4.84%,-,1.57,25.68K,89.33,-1.36%,109609
396,397,J,14.74B,126.89M,125.08M,1.10%,-2.78%,88.30%,-0.12%,1.04%,2.11,616.35K,116.57,0.29%,1273237
397,398,JBHT,18.34B,103.72M,81.90M,0.30%,-4.58%,77.50%,-3.41%,3.78%,4.41,700.78K,176.68,-0.14%,986858
398,399,JBL,13.88B,133.60M,130.62M,3.10%,-6.48%,91.50%,-2.19%,2.32%,2.76,1.10M,105.36,0.69%,2298166
399,400,JCI,45.04B,686.80M,685.25M,0.20%,-5.74%,97.80%,0.08%,0.94%,1.63,3.96M,65.47,-0.27%,3935136
400,401,JD,62.61B,1.57B,1.26B,6.05%,0.00%,16.10%,-11.31%,1.89%,2.02,11.71M,39.85,-0.28%,11044925
401,402,JHX,11.94B,444.20M,440.41M,0.60%,0.00%,1.30%,8.66%,0.01%,0.74,50.41K,27.51,-0.72%,33427
402,403,JKHY,12.05B,72.94M,72.29M,0.50%,0.82%,94.10%,0.59%,4.73%,4.56,750.55K,163.54,-1.11%,732858
403,404,JNJ,425.49B,2.61B,2.60B,0.10%,-0.54%,70.80%,-0.36%,0.57%,2.1,7.04M,164.23,0.31%,13397390
404,405,JNPR,10.43B,322.30M,320.20M,1.30%,-3.24%,93.40%,-0.70%,2.47%,2.01,3.94M,32.47,0.09%,6112114
405,406,JPM,418.15B,2.97B,2.91B,0.10%,-7.91%,70.80%,0.11%,0.59%,1.36,12.65M,143.26,0.12%,13797886
406,407,K,22.60B,342.00M,238.94M,16.50%,-2.25%,85.60%,-1.00%,4.41%,4.67,2.26M,66.29,0.53%,3914303
407,408,KB,15.27B,388.12M,384.25M,12.60%,0.00%,6.40%,7.76%,0.13%,2.02,249.55K,37.97,-0.94%,196184
408,409,KDP,44.58B,1.41B,886.21M,37.20%,-5.49%,54.10%,-0.98%,1.08%,1.04,9.23M,32.17,1.29%,15542447
409,410,KEYS,29.50B,178.00M,177.42M,0.60%,-6.07%,87.70%,-3.09%,1.71%,2.71,1.12M,164.86,-0.33%,1926856
410,411,KHC,45.25B,1.23B,781.63M,0.40%,-5.40%,78.30%,2.84%,1.53%,1.77,6.77M,36.99,0.33%,12246357
411,412,KIM,12.01B,616.49M,605.44M,2.24%,-0.07%,96.00%,-1.60%,2.47%,3.33,4.48M,19.45,0.36%,4544902
412,413,KKR,50.58B,861.11M,741.43M,3.00%,-59.24%,55.50%,0.60%,1.35%,3.61,2.77M,57.2,-2.41%,4647441
413,414,KLAC,64.84B,137.87M,136.84M,0.30%,-12.88%,91.60%,-4.54%,1.86%,2.36,1.08M,464.89,-1.63%,2010679
414,415,KMB,45.99B,337.50M,336.94M,0.24%,-6.79%,77.40%,1.13%,1.66%,3.27,1.71M,137.68,1.00%,2592967
415,416,KMI,38.12B,2.25B,1.96B,0.10%,-0.72%,63.00%,-0.08%,2.06%,3.19,12.68M,17.04,0.18%,24016493
416,417,KMX,12.79B,158.07M,157.64M,0.20%,2.63%,110.83%,1.46%,14.35%,11.15,2.03M,79.63,-1.51%,2313502
417,418,KO,264.79B,4.33B,4.30B,0.67%,-3.04%,71.50%,0.39%,0.48%,1.57,12.98M,61.67,0.72%,26713400
418,419,KOF,18.56B,210.08M,162.03M,85.50%,0.00%,56.10%,0.84%,0.19%,1.62,187.88K,88.14,-0.23%,85541
419,420,KR,32.97B,715.00M,710.95M,0.70%,-5.22%,81.30%,-0.01%,2.30%,2.87,5.71M,46.17,0.50%,10573424
420,421,KVUE,49.31B,1.91B,1.87B,-,-,-,-,0.30%,0.87,6.52M,26.25,1.94%,2332994
421,422,L,13.41B,233.30M,194.69M,0.40%,46.31%,61.30%,-3.35%,0.90%,2.1,834.43K,58.57,-0.46%,2987355
422,423,LBRDA,11.25B,146.00M,135.14M,9.73%,-0.07%,98.90%,0.32%,0.31%,2.8,148.37K,76.27,-0.65%,93636
423,424,LBRDK,11.19B,125.94M,116.21M,7.73%,-0.09%,95.96%,-,3.10%,4.57,788.52K,76.6,-0.53%,974997
424,425,LCID,13.23B,1.83B,1.61B,1.50%,279.85%,72.00%,0.71%,9.65%,6.74,23.06M,6.48,-1.67%,44962025
425,426,LDOS,11.69B,137.00M,135.44M,0.50%,1.49%,78.60%,-1.73%,1.31%,1.73,1.03M,85.89,0.76%,2760421
426,427,LECO,11.29B,57.60M,56.40M,0.20%,-52.31%,76.10%,-0.96%,3.26%,4.73,388.22K,195.93,-0.08%,666014
427,428,LEGN,12.15B,170.54M,168.20M,1.42%,0.00%,38.80%,20.18%,2.69%,5.13,884.11K,70.07,-1.66%,897357
428,429,LEN,38.39B,286.07M,247.16M,1.70%,-0.35%,98.20%,1.95%,2.80%,3.14,2.20M,120.02,0.18%,4573885
429,430,LEN-B,38.50B,35.63M,12.13M,61.54%,-0.01%,32.86%,-,1.36%,2.46,66.94K,105.72,1.39%,161741
430,431,LH,20.43B,88.40M,88.35M,0.10%,-17.99%,94.40%,-2.71%,1.86%,2.84,579.01K,234.27,1.61%,1053862
431,432,LHX,36.64B,190.20M,188.32M,0.30%,0.00%,84.70%,-0.56%,0.94%,1.66,1.07M,195.57,1.13%,1772134
432,433,LI,35.80B,979.17M,864.06M,0.04%,0.00%,29.50%,-3.20%,3.45%,4.13,7.21M,34.41,-0.15%,7234383
433,434,LII,10.96B,35.50M,31.82M,1.30%,-2.22%,72.00%,8.45%,4.10%,3.87,336.90K,311.04,0.74%,379364
434,435,LIN,184.30B,491.82M,488.62M,0.10%,-12.19%,85.80%,0.61%,0.65%,2.02,1.58M,375.29,-0.31%,4364364
435,436,LKQ,14.57B,267.40M,265.88M,0.50%,-81.86%,99.11%,-2.29%,1.15%,2.61,1.17M,54.23,-0.53%,2631234
436,437,LLY,430.90B,949.27M,947.45M,10.90%,-1.43%,84.80%,0.65%,0.63%,1.95,3.07M,447.71,-1.37%,4283691
437,438,LMT,116.05B,254.70M,254.34M,0.07%,-9.58%,76.30%,-0.74%,0.67%,1.45,1.17M,459.17,0.71%,1641733
438,439,LNG,35.76B,243.90M,240.11M,0.10%,-1.11%,87.50%,-0.71%,1.23%,1.88,1.57M,148.68,1.02%,1987540
439,440,LNT,13.51B,251.20M,250.65M,0.16%,0.00%,78.40%,2.84%,1.68%,2.84,1.48M,53.74,-0.02%,2353284
440,441,LOW,128.29B,596.00M,585.16M,0.10%,-13.93%,78.40%,-3.57%,2.23%,4.56,2.87M,217.08,-0.85%,6855455
441,442,LPLA,16.62B,78.75M,77.12M,0.60%,-19.20%,98.84%,-3.61%,1.29%,1.07,931.83K,208.98,-2.33%,918708
442,443,LRCX,83.42B,134.92M,133.88M,0.20%,-3.20%,86.40%,1.88%,2.54%,2.49,1.37M,612.65,-1.34%,2678036
443,444,LSCC,12.34B,137.42M,134.68M,1.00%,-22.44%,103.74%,-3.28%,9.72%,5.78,2.27M,88.66,-1.10%,2997244
444,445,LSI,11.08B,84.94M,84.56M,0.10%,-16.02%,95.10%,-0.65%,1.40%,1.11,1.07M,129.78,-0.34%,805307
445,446,LSXMA,30.69B,327.00M,94.44M,3.88%,-1.48%,98.58%,0.42%,5.43%,4.62,1.11M,30.9,0.10%,772486
446,447,LSXMK,30.28B,218.68M,195.43M,10.66%,-0.55%,84.92%,-,2.45%,4.17,1.15M,30.91,0.39%,1140794
447,448,LULU,46.66B,127.25M,106.65M,4.94%,-0.29%,89.00%,0.78%,2.71%,1.47,1.96M,383.02,0.10%,1802691
448,449,LUV,20.21B,594.00M,591.67M,0.10%,-0.83%,76.10%,-4.59%,2.90%,2.49,6.91M,34.25,0.82%,8737060
449,450,LVS,44.83B,764.00M,330.09M,56.79%,-0.00%,41.00%,0.34%,3.78%,3.0,4.16M,58.45,-0.36%,4881882
450,451,LW,16.72B,144.00M,139.58M,0.50%,-6.67%,91.50%,0.71%,1.68%,1.8,1.30M,114.34,-0.35%,1529063
451,452,LYB,29.85B,326.00M,254.76M,0.10%,-3.49%,71.90%,-0.31%,2.95%,3.65,2.06M,92.24,0.51%,4144097
452,453,LYG,37.49B,16.29B,16.25B,81.30%,0.00%,2.70%,8.63%,0.05%,0.7,11.68M,2.27,-0.87%,8564546
453,454,LYV,20.77B,228.16M,155.81M,2.30%,-1.87%,71.90%,-0.67%,8.34%,7.28,1.79M,90.18,-0.18%,3106510
454,455,MA,359.19B,953.00M,850.48M,10.70%,-2.31%,78.50%,-0.21%,0.65%,1.94,2.85M,376.53,-0.66%,5886891
455,456,MAA,17.99B,116.18M,114.67M,0.10%,-5.81%,95.60%,-1.52%,2.53%,4.49,645.67K,155.29,0.73%,1196027
456,457,MANH,12.02B,62.21M,61.55M,0.40%,-30.41%,99.40%,-1.16%,1.24%,2.44,311.57K,191.81,-0.99%,711363
457,458,MAR,53.84B,309.60M,256.28M,0.90%,-1.55%,61.70%,-3.32%,2.30%,3.41,1.73M,176.36,-0.18%,4717893
458,459,MAS,12.61B,226.00M,224.74M,0.10%,-69.85%,97.60%,-0.30%,2.78%,3.34,1.87M,55.5,-0.93%,3486825
459,460,MBLY,32.01B,801.91M,49.84M,1.50%,-75.85%,134.77%,-,27.03%,4.23,3.19M,39.16,-1.43%,3679880
460,461,MCD,213.63B,730.90M,728.42M,0.21%,-2.19%,70.20%,0.21%,0.74%,2.14,2.53M,293.7,0.37%,4885811
461,462,MCHP,46.56B,547.10M,538.57M,2.09%,-0.12%,93.30%,-2.53%,3.56%,3.88,4.95M,85.49,0.14%,9202383
462,463,MCK,54.22B,136.90M,135.26M,0.10%,-40.73%,89.30%,-1.28%,1.18%,1.68,950.71K,406.2,1.53%,1488747
463,464,MCO,63.92B,183.30M,182.66M,0.10%,-32.51%,94.40%,-0.31%,1.35%,3.31,746.32K,341.85,-1.85%,1242615
464,465,MDB,27.20B,70.18M,66.20M,2.60%,-12.99%,92.40%,1.67%,5.41%,2.06,1.74M,379.9,-1.43%,1613136
465,466,MDLZ,100.04B,1.37B,1.35B,0.16%,-0.92%,80.10%,-0.13%,1.04%,2.32,6.05M,73.57,0.15%,10878563
466,467,MDT,117.44B,1.33B,1.33B,0.09%,0.00%,84.60%,1.46%,0.67%,1.47,6.04M,89.15,1.02%,9043743
467,468,MELI,61.45B,50.24M,46.25M,7.85%,-0.01%,84.70%,1.72%,2.02%,2.25,415.62K,1194.74,-2.37%,779212
468,469,MET,42.24B,775.40M,659.31M,0.10%,-2.19%,75.50%,-0.79%,1.60%,1.76,5.99M,55.5,0.62%,10275175
469,470,META,722.25B,2.59B,2.20B,0.23%,-2.79%,75.20%,-1.60%,1.26%,1.18,23.53M,281.0,-0.29%,43001938
470,471,MFC,35.64B,1.86B,1.84B,0.03%,0.00%,53.70%,-1.54%,1.97%,11.57,3.14M,18.99,-1.61%,4603642
471,472,MFG,38.60B,12.68B,11.44B,0.30%,0.00%,0.50%,21.03%,0.00%,0.34,926.64K,2.98,-0.67%,325976
472,473,MGA,16.24B,286.10M,285.60M,1.60%,0.00%,72.20%,-1.85%,2.13%,5.65,1.08M,56.99,0.41%,915195
473,474,MGM,15.91B,374.08M,306.13M,17.50%,-1.04%,68.60%,-7.52%,3.56%,2.49,4.37M,42.64,-2.47%,7900910
474,475,MKC,24.67B,268.20M,263.37M,0.50%,-3.25%,88.90%,1.63%,2.81%,5.03,1.47M,92.65,0.73%,1712860
475,476,MKL,17.86B,13.45M,13.17M,0.60%,0.97%,78.60%,-1.31%,0.92%,3.43,35.42K,1343.69,0.39%,53665
476,477,MKTX,10.56B,37.48M,36.67M,1.90%,-0.67%,99.60%,-0.76%,3.60%,3.65,361.30K,277.15,-1.09%,1206502
477,478,MLM,26.61B,62.10M,61.68M,0.50%,0.00%,96.90%,-2.27%,1.21%,2.07,359.92K,426.54,-0.68%,614593
478,479,MMC,89.31B,495.00M,490.05M,0.12%,-5.77%,90.80%,-1.99%,0.75%,2.1,1.74M,181.15,0.34%,2850674
479,480,MMM,57.27B,552.70M,543.75M,0.12%,-2.31%,68.10%,-1.01%,2.25%,3.46,3.54M,104.54,0.70%,6192663
480,481,MMP,12.16B,204.00M,200.97M,0.39%,0.00%,52.10%,-3.43%,1.73%,2.29,1.51M,60.1,-0.13%,4657114
481,482,MNST,61.55B,1.04B,744.76M,0.30%,-10.00%,69.00%,0.70%,1.31%,2.35,4.16M,58.45,-0.60%,7688721
482,483,MO,78.81B,1.79B,1.78B,0.09%,0.00%,59.60%,-1.44%,0.84%,1.83,8.22M,44.07,-0.18%,13649728
483,484,MOH,16.54B,58.30M,57.65M,0.80%,-1.04%,98.00%,-3.09%,3.62%,4.27,488.61K,278.02,-2.04%,763075
484,485,MOS,11.72B,335.40M,330.16M,0.51%,0.00%,90.60%,-1.93%,2.90%,2.23,4.29M,35.82,1.53%,12257793
485,486,MPC,48.30B,444.00M,423.43M,0.20%,-13.38%,79.50%,-8.02%,3.03%,3.09,4.16M,113.29,-0.47%,10768231
486,487,MPLX,33.94B,1.00B,352.74M,0.10%,0.00%,23.30%,-2.80%,3.26%,6.62,1.74M,34.07,0.50%,4238976
487,488,MPWR,24.63B,47.23M,45.64M,3.90%,-9.71%,101.40%,4.58%,6.11%,4.68,595.76K,517.61,-0.32%,1110036
488,489,MRK,277.60B,2.54B,2.53B,0.10%,-21.38%,76.60%,0.64%,0.62%,2.19,7.14M,109.32,-0.07%,15830593
489,490,MRNA,49.55B,386.00M,346.94M,2.40%,-19.74%,65.90%,0.89%,5.40%,5.67,3.30M,128.73,-0.96%,5496062
490,491,MRO,14.38B,628.00M,615.13M,0.20%,-0.39%,79.30%,-5.78%,2.76%,1.5,11.33M,23.5,0.90%,18394763
491,492,MRVL,53.35B,856.70M,848.19M,0.20%,-17.35%,86.10%,0.47%,3.21%,1.86,14.64M,61.12,-1.47%,17815753
492,493,MS,148.72B,1.65B,1.31B,0.20%,-16.49%,63.80%,-0.99%,1.70%,3.08,7.23M,88.09,-1.08%,13141638
493,494,MSCI,39.04B,80.04M,77.50M,0.10%,-3.43%,92.80%,-2.69%,0.74%,1.12,513.95K,477.73,-2.01%,628092
494,495,MSFT,2588.29B,7.44B,7.42B,0.05%,-1.56%,72.40%,0.46%,0.63%,1.58,29.36M,342.33,-1.66%,46393046
495,496,MSI,47.34B,167.40M,166.35M,0.10%,-58.55%,88.30%,0.36%,0.68%,1.45,780.18K,280.25,-0.72%,1302324
496,497,MT,24.04B,859.00M,644.46M,44.80%,0.00%,6.40%,-2.83%,0.85%,2.19,2.49M,28.12,-0.11%,1770252
497,498,MTB,20.70B,167.73M,164.21M,0.10%,6.12%,86.70%,-1.29%,3.81%,3.48,1.80M,123.16,-1.29%,2639862
498,499,MTCH,12.06B,279.26M,277.47M,0.40%,2.09%,97.60%,-3.26%,5.67%,3.08,5.11M,42.25,-2.42%,5853503
499,500,MTD,29.43B,22.08M,21.96M,0.10%,-68.14%,96.40%,-0.82%,1.71%,3.58,104.63K,1321.97,-1.07%,188749
500,501,MU,75.32B,1.09B,1.09B,0.20%,-9.38%,82.40%,-1.27%,2.72%,1.58,18.78M,67.66,-1.69%,32169642
501,502,MUFG,89.65B,12.05B,12.02B,5.00%,0.00%,1.90%,-0.93%,0.07%,2.08,4.17M,6.93,-1.28%,1788033
502,503,NDAQ,25.65B,489.93M,340.98M,0.30%,-1.20%,77.70%,0.05%,1.17%,1.34,2.96M,51.22,-2.01%,7413080
503,504,NDSN,13.48B,57.18M,51.05M,0.40%,-4.38%,75.50%,-0.81%,2.17%,4.78,231.68K,237.11,0.22%,360292
504,505,NEE,150.46B,2.00B,1.98B,0.21%,1.22%,80.30%,0.97%,0.74%,2.11,6.95M,75.59,1.65%,23040560
505,506,NEM,33.93B,794.00M,792.44M,0.10%,-9.32%,82.30%,-3.16%,2.54%,2.37,8.51M,43.83,2.65%,17156301
506,507,NET,23.32B,330.39M,282.09M,0.10%,-81.62%,86.60%,-0.16%,7.46%,3.63,5.80M,67.63,-3.73%,4966284
507,508,NFLX,197.94B,445.24M,438.60M,1.34%,-1.08%,80.30%,2.86%,2.08%,1.29,7.06M,431.96,-2.99%,8731801
508,509,NGG,48.18B,733.40M,694.51M,3.50%,0.00%,3.80%,-0.05%,0.18%,3.39,372.58K,67.93,1.01%,609499
509,510,NI,11.29B,412.80M,404.59M,0.28%,-1.36%,94.60%,-2.49%,1.61%,1.72,3.79M,27.38,0.15%,5454390
510,511,NICE,14.44B,63.94M,63.17M,-,-,66.30%,-0.34%,4.54%,7.2,398.02K,223.6,-2.20%,341950
511,512,NIMC,11.31B,7.50M,7.50M,-,-,117.98%,-,0.02%,0.05,33.44K,101.24,0.21%,1706
512,513,NIO,16.52B,1.65B,1.54B,-,-,35.70%,-4.16%,7.71%,2.37,49.98M,9.4,-3.98%,81068201
513,514,NKE,172.77B,1.54B,1.22B,0.20%,-7.14%,82.90%,-0.25%,1.25%,2.13,7.16M,113.59,1.05%,14337878
514,515,NLY,10.32B,489.69M,466.59M,0.10%,0.00%,55.40%,29.27%,2.84%,2.88,4.60M,20.59,-1.44%,10140555
515,516,NMR,12.42B,3.00B,2.81B,0.70%,-0.04%,1.00%,-0.34%,0.04%,1.19,1.04M,3.96,0.00%,1175594
516,517,NOC,68.77B,152.60M,151.20M,0.10%,-9.16%,85.20%,0.76%,0.84%,1.76,719.66K,458.35,1.21%,1178360
517,518,NOK,24.07B,5.57B,5.57B,-,-,7.80%,3.82%,0.33%,1.11,16.33M,4.28,0.94%,20144274
518,519,NOW,117.02B,203.38M,201.37M,0.10%,-33.98%,90.80%,-0.19%,2.02%,2.46,1.65M,565.48,-1.55%,2086255
519,520,NSC,50.83B,227.70M,227.46M,0.10%,-1.73%,76.80%,-1.31%,1.08%,1.62,1.51M,224.14,0.38%,1995668
520,521,NTAP,15.78B,214.00M,213.31M,0.20%,-13.33%,91.40%,-1.88%,3.61%,3.47,2.22M,74.37,0.83%,3140499
521,522,NTES,63.30B,644.22M,643.18M,45.00%,0.00%,15.80%,-8.83%,0.77%,4.25,1.17M,98.45,0.32%,1372434
522,523,NTR,39.12B,501.18M,491.11M,0.03%,0.00%,71.97%,-,1.27%,2.29,2.72M,60.07,0.74%,2204887
523,524,NTRS,15.76B,208.19M,207.30M,0.20%,-0.55%,85.10%,-0.07%,1.88%,3.12,1.25M,74.71,-1.23%,1991273
524,525,NU,34.93B,4.71B,3.18B,9.19%,0.00%,66.00%,-2.43%,2.45%,3.2,24.39M,7.54,1.75%,22099888
525,526,NUE,37.98B,253.61M,249.41M,0.20%,-11.13%,83.10%,-1.66%,2.40%,3.48,1.72M,151.41,0.15%,3177400
526,527,NVDA,1053.53B,2.47B,2.36B,0.40%,-7.41%,65.90%,-0.84%,1.14%,0.56,48.20M,426.92,0.09%,65402829
527,528,NVO,278.67B,2.25B,1.18B,26.40%,0.00%,8.40%,-5.25%,0.15%,1.28,1.39M,161.29,-0.76%,1051568
528,529,NVR,19.29B,3.24M,3.00M,0.30%,-82.92%,86.00%,-2.16%,2.64%,3.35,23.66K,5990.38,0.76%,50762
529,530,NVS,228.43B,2.11B,2.10B,9.30%,0.00%,8.50%,-8.91%,0.21%,2.0,2.20M,101.83,0.43%,2683278
530,531,NWG,29.31B,4.84B,1.76B,68.60%,0.00%,0.90%,2.63%,0.20%,2.0,1.79M,6.59,0.00%,1775795
531,532,NWS,11.27B,192.52M,114.84M,40.20%,-0.01%,39.82%,-,1.34%,1.9,811.34K,19.8,0.20%,1496592
532,533,NWSA,11.24B,575.40M,495.38M,0.10%,-3.97%,99.10%,-0.70%,1.96%,3.8,2.56M,19.57,0.31%,3908237
533,534,NXPI,50.85B,259.58M,258.38M,0.10%,-8.77%,94.10%,-2.38%,2.60%,3.05,2.20M,197.85,1.07%,4512624
534,535,O,41.22B,660.46M,626.41M,0.10%,-3.70%,83.00%,3.20%,4.68%,7.98,3.67M,61.39,0.26%,18463207
535,536,OC,11.08B,91.30M,90.03M,0.60%,-9.66%,103.92%,-1.68%,3.48%,3.58,874.44K,122.16,-0.62%,2378288
536,537,ODFL,36.01B,109.96M,96.33M,12.69%,-0.17%,76.40%,-1.17%,5.37%,6.61,783.26K,325.46,-0.89%,1332931
537,538,OKE,27.34B,448.00M,444.24M,0.46%,0.00%,69.80%,1.63%,2.38%,3.45,3.06M,60.95,-0.26%,7630644
538,539,OKTA,12.37B,161.32M,151.76M,0.20%,-5.34%,81.50%,0.22%,3.51%,2.13,2.50M,75.75,-0.56%,3921285
539,540,OMC,19.07B,202.20M,197.52M,0.70%,-10.21%,94.70%,0.33%,5.74%,6.34,1.79M,95.15,-0.47%,2585462
540,541,ON,39.30B,431.90M,430.73M,0.10%,-8.69%,102.19%,0.86%,6.24%,4.03,6.67M,90.15,-0.93%,28115614
541,542,ORAN,29.84B,2.66B,2.30B,17.90%,0.00%,1.00%,0.93%,0.08%,4.38,396.93K,11.28,-0.79%,2272107
542,543,ORCL,341.66B,2.70B,1.54B,42.60%,-0.43%,42.70%,0.29%,1.04%,1.71,9.39M,125.46,-0.86%,19438215
543,544,ORLY,56.46B,61.84M,60.23M,0.60%,-21.06%,85.60%,-2.90%,1.30%,1.87,417.29K,919.02,-0.91%,885195
544,545,OTEX,11.34B,270.44M,265.54M,2.30%,0.00%,77.80%,-0.51%,2.70%,12.61,569.43K,41.49,-1.07%,773874
545,546,OTIS,36.59B,414.30M,413.00M,0.06%,-17.68%,87.70%,0.00%,1.00%,2.21,1.88M,88.62,0.09%,3052289
546,547,OWL,16.49B,456.19M,428.22M,1.06%,0.00%,93.80%,1.85%,4.90%,6.21,3.38M,11.55,-1.45%,3237196
547,548,OXY,52.47B,901.20M,897.42M,0.23%,-,79.40%,-2.83%,5.38%,4.1,11.77M,58.15,-0.46%,13715211
548,549,PAG,10.80B,69.20M,56.44M,21.48%,-0.16%,81.70%,-1.81%,7.45%,13.64,308.20K,153.72,-1.80%,394729
549,550,PANW,74.57B,303.90M,297.72M,1.40%,-20.47%,87.30%,-1.38%,6.56%,4.55,4.29M,246.53,1.12%,54804402
550,551,PARA,10.87B,651.00M,584.77M,0.20%,14.09%,81.80%,2.06%,14.82%,5.79,14.96M,16.28,-1.51%,12996149
551,552,PATH,10.52B,557.88M,415.71M,2.40%,-1.71%,63.80%,3.81%,8.45%,3.65,9.64M,18.1,-3.47%,14361977
552,553,PAYC,18.75B,57.87M,48.68M,14.57%,-0.02%,81.00%,1.89%,3.50%,3.1,550.33K,319.92,-1.24%,671869
553,554,PAYX,40.85B,360.50M,321.66M,10.70%,-0.05%,73.20%,0.03%,2.92%,4.11,2.28M,113.59,0.25%,3842225
554,555,PBA,17.19B,550.38M,549.93M,0.10%,0.00%,63.44%,-,3.15%,23.4,740.43K,31.23,0.42%,763399
555,556,PBR,85.58B,6.52B,4.20B,39.80%,0.00%,23.40%,2.03%,0.61%,1.2,21.51M,13.9,0.80%,15216152
556,557,PBR-A,86.01B,2.80B,2.80B,-,-,8.27%,-,0.30%,0.91,9.36M,12.37,0.49%,15659513
557,558,PCAR,41.33B,785.25M,515.79M,1.40%,-2.65%,66.80%,0.47%,1.88%,3.46,2.80M,78.63,-0.57%,3943723
558,559,PCG,42.67B,1.99B,1.97B,12.60%,-16.28%,73.20%,11.36%,2.30%,2.83,16.02M,17.4,0.87%,21673674
559,560,PCGU,43.04B,16.00M,16.00M,-,-,96.92%,-,0.11%,0.41,43.91K,150.65,0.41%,50940
560,561,PCTY,10.59B,55.79M,40.82M,26.20%,-3.15%,75.50%,0.05%,5.56%,4.66,486.51K,184.98,-2.52%,585530
561,562,PDD,106.65B,1.32B,911.82M,-,-,25.50%,5.80%,3.17%,2.86,10.11M,79.87,-1.18%,12500401
562,563,PEAK,11.36B,546.84M,535.96M,0.29%,1.26%,97.50%,-2.27%,2.64%,3.02,4.69M,20.67,-0.43%,7153600
563,564,PEG,31.07B,497.00M,492.03M,0.10%,-1.41%,72.90%,0.31%,1.11%,2.2,2.49M,62.54,0.45%,5330707
564,565,PEN,12.94B,38.19M,36.31M,0.20%,-46.34%,84.80%,1.15%,9.38%,9.83,346.47K,337.37,-0.27%,558848
565,566,PEP,255.85B,1.38B,1.38B,0.10%,-6.26%,74.00%,-0.02%,0.70%,2.25,4.28M,186.04,0.18%,8912369
566,567,PFE,224.40B,5.63B,5.61B,0.04%,-0.40%,70.50%,0.53%,0.99%,2.29,24.38M,40.06,0.78%,60290730
567,568,PFG,17.99B,243.40M,241.66M,0.40%,-0.38%,76.90%,-2.09%,2.50%,3.43,1.76M,74.78,0.92%,3110138
568,569,PG,349.89B,2.36B,2.36B,0.12%,-5.00%,65.50%,-1.26%,0.56%,2.17,6.10M,149.54,0.73%,11229476
569,570,PGR,75.13B,584.90M,582.96M,0.20%,-7.60%,86.70%,-0.99%,0.57%,1.12,2.96M,129.99,1.27%,3352610
570,571,PH,47.99B,128.29M,127.78M,0.20%,-29.71%,85.90%,-0.41%,1.38%,1.96,902.52K,369.1,-1.32%,1037095
571,572,PHG,18.75B,881.52M,862.96M,-,-,10.60%,-26.40%,0.28%,1.8,1.35M,20.41,-0.39%,972932
572,573,PHM,16.51B,225.13M,221.50M,0.76%,-14.03%,94.30%,-1.05%,4.17%,3.16,2.93M,73.51,-0.61%,5781284
573,574,PINS,17.07B,681.14M,582.72M,0.40%,-27.52%,91.00%,2.33%,4.20%,2.16,11.30M,25.36,1.60%,12959099
574,575,PKG,11.93B,89.00M,88.80M,1.00%,0.00%,97.50%,0.04%,2.98%,3.76,702.69K,132.42,-0.18%,1737723
575,576,PKX,25.62B,303.40M,303.40M,9.30%,0.00%,3.60%,-0.08%,0.43%,4.5,291.75K,75.98,-0.61%,439110
576,577,PLD,112.40B,923.89M,738.19M,0.32%,0.00%,79.60%,1.07%,1.68%,3.97,3.13M,122.63,0.75%,5830935
577,578,PLTR,35.15B,2.11B,1.75B,0.60%,-28.06%,34.90%,4.29%,8.46%,2.34,63.52M,16.3,-1.81%,90235561
578,579,PM,147.04B,1.55B,1.55B,0.16%,-6.21%,77.00%,0.58%,0.46%,1.58,4.50M,94.89,0.17%,9474971
579,580,PNC,51.40B,401.00M,396.99M,0.10%,1.05%,84.90%,-3.58%,1.92%,1.9,4.00M,128.47,-0.25%,3460613
580,581,PNR,10.06B,164.80M,163.91M,0.10%,-2.33%,96.60%,4.49%,2.24%,2.81,1.30M,60.81,-0.33%,1593838
581,582,PODD,20.01B,69.58M,69.13M,0.10%,-52.00%,104.39%,-0.60%,4.11%,4.76,595.68K,284.5,-0.92%,727495
582,583,POOL,13.96B,38.88M,37.84M,0.20%,-2.90%,102.46%,0.40%,10.96%,10.13,409.65K,357.95,0.12%,556376
583,584,PPG,33.26B,235.80M,234.40M,0.29%,-11.17%,82.50%,0.18%,0.78%,1.29,1.41M,143.08,1.28%,2673810
584,585,PPL,19.91B,736.83M,735.50M,0.05%,-12.11%,72.80%,2.04%,1.41%,2.03,5.11M,26.99,-0.07%,8309809
585,586,PRU,31.67B,366.50M,361.35M,0.14%,-2.86%,59.90%,-0.89%,1.75%,2.44,2.59M,87.03,0.31%,3973720
586,587,PSA,50.57B,175.45M,151.79M,8.20%,0.00%,81.10%,0.61%,2.88%,4.34,1.01M,287.1,-0.19%,1798441
587,588,PSTG,11.55B,303.61M,280.25M,3.60%,-1.39%,88.00%,3.38%,3.37%,1.9,4.97M,37.74,0.37%,5880773
588,589,PSX,44.52B,464.81M,458.56M,0.20%,1.13%,73.50%,-1.76%,2.08%,2.67,3.57M,97.13,0.11%,4962188
589,590,PTC,16.99B,118.26M,105.26M,1.00%,-58.07%,91.10%,-0.96%,1.13%,1.66,716.96K,143.15,-0.31%,1514625
590,591,PUK,39.56B,1.38B,1.38B,1.20%,0.00%,1.90%,6.08%,0.03%,0.76,510.84K,28.89,-1.06%,289563
591,592,PWR,26.97B,144.47M,141.17M,0.20%,-56.13%,94.40%,-1.40%,2.87%,4.99,812.80K,185.95,0.08%,1751534
592,593,PXD,47.52B,235.00M,233.31M,0.69%,0.00%,92.50%,-1.23%,1.87%,1.95,2.23M,206.8,1.73%,4239170
593,594,PYPL,73.47B,1.13B,1.11B,0.20%,1.16%,76.00%,1.41%,1.88%,1.32,15.85M,66.43,0.88%,29672744
594,595,QCOM,137.70B,1.12B,1.11B,0.10%,-3.83%,74.10%,-0.30%,0.89%,1.23,8.01M,122.68,-0.75%,12886685
595,596,QGEN,10.62B,229.82M,226.94M,3.60%,0.00%,71.40%,0.59%,1.30%,3.45,856.69K,46.76,0.39%,723331
596,597,QRVO,10.12B,99.71M,98.08M,0.50%,-9.15%,89.40%,-3.26%,2.63%,2.13,1.21M,102.62,0.11%,3467042
597,598,QSR,23.81B,309.00M,302.22M,0.40%,-34.64%,86.20%,-0.43%,3.05%,8.06,1.14M,76.43,-0.09%,732681
598,599,RACE,55.87B,181.37M,115.88M,33.82%,0.00%,39.07%,-,1.58%,5.41,339.38K,308.02,0.62%,294920
599,600,RBA,10.37B,120.49M,110.78M,14.30%,0.11%,84.90%,0.52%,5.39%,2.78,2.15M,57.09,0.07%,12523543
600,601,RBLX,24.81B,606.64M,524.95M,0.50%,-37.83%,75.00%,6.69%,3.55%,1.99,9.35M,41.8,2.88%,15243676
601,602,RCI,23.37B,505.00M,352.98M,0.80%,0.00%,79.00%,-0.24%,1.89%,20.47,326.52K,43.97,-0.52%,479517
602,603,RCL,24.53B,255.47M,219.97M,0.20%,-65.10%,73.90%,1.72%,8.74%,5.22,3.68M,95.3,-0.64%,3901028
603,604,RE,14.76B,38.70M,38.55M,0.50%,-1.64%,96.50%,0.21%,1.14%,1.18,374.14K,352.35,2.35%,587120
604,605,REG,10.40B,171.21M,169.68M,0.40%,-2.65%,101.10%,-1.59%,1.98%,3.76,892.43K,61.14,0.49%,1101866
605,606,REGN,85.91B,107.10M,104.32M,0.50%,-8.25%,89.50%,-0.34%,1.09%,2.02,566.47K,783.05,-0.00%,993137
606,607,RELX,63.49B,1.91B,1.88B,4.50%,0.00%,3.60%,-1.19%,0.06%,1.58,755.50K,34.04,1.64%,2030391
607,608,REXR,11.53B,195.37M,187.22M,0.28%,-7.87%,98.10%,1.06%,6.73%,7.2,1.75M,53.72,-0.09%,4014994
608,609,RF,17.19B,935.00M,929.75M,0.24%,-4.32%,77.50%,0.72%,3.16%,2.44,12.04M,18.12,-1.09%,17517692
609,610,RIO,114.32B,1.62B,1.43B,6.50%,0.00%,11.10%,4.87%,0.51%,2.07,3.51M,67.55,-1.17%,3722183
610,611,RIVN,14.32B,930.00M,801.37M,0.10%,-6.03%,69.40%,7.99%,9.50%,3.13,24.32M,14.88,-2.36%,92074575
611,612,RJF,21.23B,214.30M,193.54M,0.40%,-1.99%,77.50%,0.71%,2.24%,2.93,1.48M,100.09,-0.08%,2048186
612,613,RKT,18.43B,124.73M,115.94M,5.90%,0.01%,65.20%,-0.23%,25.39%,14.98,1.96M,9.19,-1.50%,2835054
613,614,RMD,32.17B,146.91M,144.57M,0.70%,-7.69%,67.40%,-0.38%,1.00%,2.42,596.67K,219.04,0.03%,734121
614,615,ROK,36.69B,114.80M,114.66M,0.20%,-18.39%,82.60%,-1.28%,2.49%,3.85,739.97K,315.8,-1.13%,1431118
615,616,ROKU,10.10B,140.33M,121.47M,0.10%,-35.78%,77.80%,5.02%,10.69%,1.67,7.76M,70.69,-1.48%,5787356
616,617,ROL,20.52B,492.52M,242.16M,44.10%,-0.03%,43.40%,1.77%,3.72%,6.04,1.49M,41.09,-1.32%,2399819
617,618,ROP,49.15B,106.30M,105.62M,0.30%,-1.52%,97.10%,-3.03%,0.84%,1.61,555.22K,458.78,-0.51%,1014913
618,619,ROST,36.75B,338.05M,333.83M,0.10%,-18.61%,92.50%,-0.33%,1.08%,1.56,2.31M,107.84,-0.04%,3476998
619,620,RPM,10.95B,127.50M,127.29M,1.20%,-1.19%,84.20%,-3.39%,1.36%,2.55,678.26K,85.22,0.29%,957677
620,621,RPRX,19.55B,445.61M,426.21M,0.10%,-74.32%,68.40%,1.50%,1.78%,3.55,2.14M,31.9,-0.93%,4651436
621,622,RRX,10.07B,66.20M,65.91M,0.20%,0.00%,100.27%,1.88%,1.45%,2.25,423.20K,151.24,-0.49%,561306
622,623,RS,15.04B,58.83M,58.22M,0.50%,-18.43%,84.20%,-4.46%,1.36%,1.88,421.76K,256.07,0.07%,809344
623,624,RSG,45.72B,316.70M,276.85M,0.10%,-1.34%,95.80%,-0.15%,0.88%,2.12,1.15M,145.73,0.82%,1515007
624,625,RTO,20.38B,504.01M,365.09M,1.20%,0.00%,0.60%,8.55%,0.22%,2.34,345.50K,40.65,-0.02%,839858
625,626,RTX,143.19B,1.46B,1.46B,0.09%,-0.27%,80.90%,-0.99%,0.73%,2.55,4.17M,97.74,-0.27%,9029088
626,627,RVTY,14.76B,126.28M,125.09M,0.10%,0.00%,88.40%,-9.85%,2.66%,4.18,796.52K,119.26,1.35%,1309272
627,628,RY,131.89B,1.39B,1.37B,0.10%,0.00%,52.30%,-0.96%,0.54%,9.1,814.43K,95.45,0.23%,757883
628,629,RYAAY,20.76B,227.60M,215.29M,9.10%,0.00%,44.50%,-1.98%,0.47%,2.71,370.88K,107.89,0.87%,406703
629,630,RYAN,11.10B,111.03M,96.58M,0.20%,-94.70%,75.80%,-0.79%,4.92%,7.06,672.96K,42.97,0.54%,747175
630,631,SAN,58.00B,16.27B,16.27B,21.00%,0.00%,1.90%,-4.68%,0.06%,2.55,3.76M,3.49,-0.29%,7201905
631,632,SAP,166.03B,1.17B,1.09B,25.50%,0.00%,5.40%,2.96%,0.15%,1.78,943.80K,137.28,0.18%,983343
632,633,SBAC,25.35B,108.13M,106.59M,0.40%,0.00%,97.20%,-0.20%,1.10%,1.61,727.67K,230.57,-1.44%,1017989
633,634,SBUX,116.22B,1.15B,1.15B,0.10%,-0.67%,72.10%,2.12%,1.19%,2.18,6.26M,101.87,0.48%,11700812
634,635,SCCO,57.33B,773.10M,85.22M,0.10%,-0.39%,7.30%,-2.48%,7.90%,5.67,1.19M,74.44,0.38%,1610628
635,636,SCHW,101.03B,1.83B,1.69B,6.34%,-0.65%,88.50%,-0.57%,1.65%,1.22,22.85M,54.4,-2.00%,19332186
636,637,SCI,10.01B,153.12M,149.23M,1.10%,-17.88%,89.20%,-1.67%,4.90%,7.6,963.31K,66.21,-0.05%,1946576
637,638,SE,35.63B,563.56M,462.51M,11.27%,0.00%,80.20%,5.08%,4.38%,4.33,4.68M,62.08,-1.26%,4705731
638,639,SEDG,15.63B,56.22M,55.33M,0.60%,-6.99%,90.30%,1.74%,5.69%,2.98,1.06M,276.7,-0.27%,1054118
639,640,SGEN,37.04B,186.89M,183.63M,0.30%,-39.14%,89.30%,-2.11%,3.37%,4.25,1.45M,198.32,0.39%,1570596
640,641,SHEL,202.00B,3.46B,3.38B,0.20%,0.00%,8.10%,0.22%,0.15%,1.02,4.93M,60.35,-0.54%,6410215
641,642,SHG,14.27B,525.14M,428.43M,5.00%,0.00%,2.70%,-0.25%,0.08%,2.44,146.63K,27.33,-0.73%,96377
642,643,SHOP,84.54B,1.28B,1.14B,0.19%,0.00%,65.80%,2.68%,3.37%,2.4,15.97M,64.71,-2.10%,13535781
643,644,SHW,64.33B,256.70M,237.16M,0.10%,-0.21%,79.20%,-0.67%,1.24%,2.12,1.39M,247.89,-0.63%,2243733
644,645,SIRI,14.82B,3.89B,658.59M,0.30%,-0.22%,10.70%,-5.16%,31.36%,13.15,15.70M,3.94,2.87%,57935776
645,646,SJM,16.30B,106.50M,101.92M,1.30%,-8.88%,82.70%,-1.02%,3.45%,3.85,911.74K,153.1,0.14%,1064623
646,647,SLB,68.27B,1.43B,1.42B,0.19%,-10.18%,85.80%,3.87%,1.34%,1.9,9.99M,47.78,-0.25%,14733232
647,648,SLF,29.84B,587.00M,585.93M,0.08%,0.00%,54.40%,3.54%,2.30%,29.5,456.23K,50.91,0.10%,414746
648,649,SMCI,12.80B,53.28M,45.85M,12.80%,-5.26%,74.30%,2.33%,10.53%,2.12,2.28M,230.77,-5.39%,3029255
649,650,SMFG,57.55B,6.75B,6.53B,-,-,1.70%,-4.99%,0.04%,0.97,2.72M,8.26,-1.31%,2066410
650,651,SNA,14.52B,53.02M,52.24M,1.50%,-18.23%,89.50%,-0.03%,4.05%,6.85,309.26K,273.87,-0.15%,481886
651,652,SNAP,17.07B,1.58B,1.23B,8.50%,-1.91%,55.00%,-12.24%,4.88%,2.24,26.72M,10.68,0.19%,28822677
652,653,SNN,13.83B,436.39M,219.19M,0.60%,0.00%,9.80%,9.01%,0.86%,1.92,981.47K,32.16,0.50%,2029472
653,654,SNOW,62.24B,324.16M,291.42M,0.10%,-62.50%,68.40%,1.63%,4.94%,2.42,5.95M,184.18,-3.56%,6579936
654,655,SNPS,67.92B,152.19M,151.48M,0.20%,-33.86%,92.70%,0.55%,1.14%,1.88,916.34K,441.19,-1.16%,1889110
655,656,SNY,130.24B,2.52B,2.24B,16.40%,0.00%,10.30%,-1.65%,0.17%,2.31,1.65M,52.04,0.48%,1142213
656,657,SO,77.16B,1.09B,1.09B,0.10%,-20.66%,63.50%,2.62%,1.24%,3.12,4.33M,71.76,1.41%,9344807
657,658,SONY,125.58B,1.23B,1.23B,-,-,7.80%,3.14%,0.11%,1.69,816.95K,97.57,-2.11%,777968
658,659,SPG,36.27B,326.95M,325.77M,0.10%,2.23%,83.00%,-1.84%,1.81%,3.93,1.50M,112.79,1.69%,3045164
659,660,SPGI,128.31B,321.30M,318.68M,0.10%,-8.58%,91.70%,-3.61%,1.28%,3.47,1.17M,395.21,-1.19%,1881802
660,661,SPLK,18.30B,164.99M,162.96M,0.30%,-4.70%,88.20%,1.67%,2.92%,3.29,1.45M,108.02,-2.23%,2884860
661,662,SPOT,29.43B,193.56M,140.77M,27.63%,0.00%,56.40%,-2.33%,1.87%,1.75,1.50M,159.99,5.13%,3530028
662,663,SQ,40.04B,602.23M,531.01M,0.30%,-27.64%,67.50%,-0.12%,4.57%,1.66,14.60M,66.51,0.48%,12225184
663,664,SQM,19.37B,285.64M,147.47M,72.40%,0.00%,40.80%,-5.81%,2.54%,1.85,2.02M,72.16,0.22%,1638035
664,665,SRE,46.75B,314.92M,310.86M,0.03%,-32.86%,89.10%,-0.48%,0.86%,2.06,1.30M,148.2,-0.26%,2258696
665,666,SRPT,12.26B,88.19M,83.68M,0.20%,0.00%,89.10%,6.39%,5.28%,2.82,1.57M,130.44,-0.89%,1550736
666,667,SSNC,15.00B,250.40M,219.75M,0.10%,0.00%,86.00%,-2.30%,1.23%,2.34,1.15M,60.12,-0.13%,2023954
667,668,STE,21.06B,99.06M,98.41M,0.10%,-20.10%,95.90%,0.33%,1.72%,3.92,430.98K,213.61,0.04%,1057938
668,669,STLA,54.23B,3.13B,2.13B,24.11%,0.00%,49.36%,-,1.37%,6.3,4.63M,17.34,1.05%,4579144
669,670,STLD,17.91B,171.60M,165.28M,5.80%,0.00%,85.70%,-3.29%,4.04%,3.78,1.76M,102.53,-3.24%,7401493
670,671,STM,45.37B,945.30M,661.94M,28.40%,0.00%,6.80%,40.99%,1.43%,2.67,3.55M,49.99,0.28%,5019370
671,672,STT,24.95B,341.11M,332.75M,0.10%,-12.72%,91.60%,-0.58%,1.45%,1.71,2.81M,73.77,-1.18%,7079859
672,673,STX,13.70B,207.00M,205.30M,0.40%,-4.52%,87.80%,-0.76%,4.87%,4.12,2.43M,64.3,-2.78%,4022708
673,674,STZ,45.66B,206.84M,149.77M,7.80%,-53.83%,73.70%,1.76%,1.67%,2.18,1.15M,246.03,-1.27%,1503044
674,675,SU,39.61B,1.33B,1.31B,0.01%,0.00%,68.50%,3.25%,8.13%,22.27,4.78M,30.14,-0.33%,4200323
675,676,SUI,16.66B,123.30M,122.13M,1.20%,-0.07%,97.70%,-0.23%,1.24%,2.44,622.37K,134.87,0.72%,1109954
676,677,SUZ,13.27B,1.32B,1.32B,-,-,2.97%,-,0.13%,1.12,1.48M,10.01,0.10%,5564275
677,678,SWAV,10.85B,36.43M,35.72M,1.90%,-12.22%,92.60%,-3.99%,3.38%,2.14,562.36K,294.37,-0.60%,557938
678,679,SWK,14.01B,149.57M,147.16M,0.20%,-0.83%,91.80%,1.84%,5.25%,4.62,1.67M,90.9,-0.63%,2677182
679,680,SWKS,17.44B,159.10M,158.33M,0.20%,-1.76%,78.90%,1.46%,2.86%,2.46,1.84M,109.26,-0.28%,3652068
680,681,SYF,14.33B,434.40M,425.45M,0.40%,-9.62%,100.83%,-4.53%,3.83%,2.69,6.05M,32.9,-1.61%,8459772
681,682,SYK,112.23B,379.00M,371.63M,0.10%,-59.97%,79.80%,1.53%,0.84%,2.46,1.27M,294.35,-0.44%,2429656
682,683,SYM,27.02B,60.50M,43.71M,1.60%,-2.56%,39.60%,0.09%,9.16%,5.27,759.93K,51.22,5.30%,1929486
683,684,SYY,37.19B,507.72M,506.18M,0.20%,-0.24%,84.30%,-1.08%,1.96%,4.0,2.47M,73.39,-0.01%,4396581
684,685,T,114.60B,7.17B,7.12B,0.08%,0.00%,54.40%,-0.90%,1.32%,2.48,37.96M,16.06,0.19%,64091844
685,686,TAK,51.25B,3.11B,3.11B,-,-,2.10%,11.67%,0.26%,3.63,2.18M,16.09,-0.37%,3243622
686,687,TAP,13.52B,216.50M,166.48M,0.10%,-0.89%,87.20%,-2.53%,5.38%,4.0,2.24M,66.28,-0.48%,2521434
687,688,TCOM,24.60B,651.85M,646.05M,4.00%,0.00%,53.00%,-2.56%,3.04%,3.89,5.05M,36.0,0.39%,4066634
688,689,TD,111.02B,1.83B,1.79B,0.10%,0.00%,66.70%,0.14%,0.63%,4.44,2.54M,61.16,0.30%,1978473
689,690,TDG,45.30B,57.10M,52.69M,0.30%,-78.05%,98.00%,1.65%,2.06%,4.18,259.09K,815.89,-1.06%,402828
690,691,TDY,19.24B,46.90M,46.26M,0.30%,-18.96%,93.90%,-1.55%,0.98%,1.83,249.04K,406.43,-0.63%,371773
691,692,TEAM,46.82B,256.82M,143.44M,0.60%,-58.27%,82.60%,-4.49%,3.83%,2.68,2.05M,177.8,-2.41%,2681970
692,693,TECH,12.06B,157.31M,155.74M,0.80%,-0.03%,97.90%,2.02%,1.95%,2.93,1.04M,78.49,2.45%,2738282
693,694,TECK,22.47B,514.10M,503.95M,1.40%,0.00%,73.50%,-1.05%,2.42%,2.33,5.24M,41.96,-3.05%,5793344
694,695,TEF,23.00B,5.68B,5.29B,5.60%,0.00%,1.20%,-4.20%,0.05%,3.1,901.41K,3.86,-3.26%,8259581
695,696,TEL,42.05B,316.00M,312.26M,0.20%,-5.26%,95.50%,-4.18%,1.20%,2.6,1.45M,135.65,1.66%,3289220
696,697,TER,17.07B,155.90M,154.85M,0.30%,-19.29%,104.37%,-1.36%,2.61%,2.49,1.62M,111.06,0.88%,3380416
697,698,TFC,42.91B,1.33B,1.32B,0.10%,-1.26%,75.30%,-0.14%,2.52%,2.11,15.80M,31.9,-0.99%,21743230
698,699,TFII,12.04B,86.58M,77.17M,10.95%,0.00%,67.78%,-,1.10%,3.64,232.90K,106.25,0.09%,497704
699,700,TFX,11.69B,46.95M,46.81M,0.22%,-15.91%,97.20%,-10.15%,3.38%,5.37,294.87K,252.4,1.45%,443037
700,701,TGT,63.62B,460.90M,459.38M,0.20%,-7.01%,81.90%,1.83%,2.10%,2.0,4.83M,133.81,-2.92%,9828359
701,702,TJX,93.64B,1.15B,1.15B,0.10%,-2.23%,94.80%,0.62%,0.69%,1.67,4.72M,81.26,-0.27%,8389040
702,703,TLK,26.32B,990.62M,990.62M,-,-,3.72%,-,0.14%,6.99,193.17K,26.71,-1.37%,191206
703,704,TM,270.25B,1.36B,1.36B,8.50%,0.00%,1.30%,-1.76%,0.07%,3.21,283.38K,164.35,-2.28%,420417
704,705,TME,14.29B,1.56B,883.60M,-,-,47.60%,-1.58%,2.25%,2.93,6.79M,8.03,-3.60%,12469524
705,706,TMO,206.40B,386.00M,384.43M,0.10%,-20.52%,91.00%,0.05%,0.81%,2.12,1.46M,537.3,0.41%,3423931
706,707,TMUS,159.30B,1.22B,589.74M,0.30%,-10.95%,42.60%,-1.01%,4.94%,4.46,6.54M,130.93,-1.38%,13010625
707,708,TOST,12.22B,524.10M,342.47M,2.30%,-30.85%,79.10%,5.82%,5.70%,3.13,6.23M,21.71,-5.73%,10594518
708,709,TPL,10.47B,7.69M,7.64M,0.81%,1.54%,59.40%,2.07%,3.68%,7.0,40.17K,1358.6,-0.26%,61981
709,710,TPR,10.07B,234.60M,229.48M,0.50%,0.00%,96.70%,3.67%,3.88%,2.74,3.24M,43.37,-0.16%,3637112
710,711,TRGP,16.25B,226.40M,222.93M,0.70%,-7.26%,90.80%,1.38%,1.28%,1.72,1.65M,71.79,-0.17%,2758195
711,712,TRI,60.44B,473.27M,155.40M,55.00%,0.00%,38.10%,-1.71%,2.03%,7.83,402.05K,129.79,1.10%,477517
712,713,TRMB,13.11B,247.20M,245.71M,0.20%,-1.96%,95.70%,-0.82%,0.91%,1.89,1.18M,52.67,-0.47%,1927766
713,714,TROW,25.76B,224.40M,219.11M,0.80%,-1.53%,79.40%,1.55%,8.63%,13.15,1.44M,114.18,-0.44%,2841191
714,715,TRP,41.93B,1.02B,1.01B,0.06%,0.00%,60.20%,5.19%,2.81%,16.66,1.70M,40.59,-1.53%,3513223
715,716,TRU,14.70B,193.00M,192.10M,0.20%,-15.63%,98.70%,-10.06%,4.12%,4.72,1.68M,75.47,-0.80%,2190130
716,717,TRV,40.65B,231.70M,230.20M,0.20%,-37.78%,85.10%,-0.71%,1.25%,2.15,1.34M,176.75,0.44%,2317854
717,718,TS,16.65B,590.27M,590.27M,60.60%,0.00%,12.70%,1.26%,1.36%,3.33,2.42M,28.25,-0.88%,2825215
718,719,TSCO,24.18B,110.05M,108.77M,0.10%,-41.26%,88.70%,2.08%,5.78%,5.36,1.17M,218.93,-0.80%,1558121
719,720,TSLA,811.08B,3.17B,2.64B,0.10%,-6.69%,44.80%,2.03%,3.45%,0.68,133.83M,260.54,1.81%,167208920
720,721,TSM,498.66B,5.19B,4.86B,-,-,17.50%,0.97%,0.52%,2.09,12.00M,104.57,-0.58%,11421795
721,722,TSN,17.86B,354.00M,283.29M,1.20%,1.15%,86.30%,-0.77%,3.10%,2.37,3.71M,50.39,0.36%,4114947
722,723,TT,42.25B,229.30M,227.99M,0.10%,-20.55%,88.40%,1.05%,1.33%,1.84,1.64M,187.06,0.98%,2099893
723,724,TTC,10.15B,104.65M,103.86M,0.40%,-25.35%,88.50%,-0.64%,1.68%,3.53,495.01K,97.43,-0.27%,1315737
724,725,TTD,37.77B,489.71M,441.17M,0.20%,-63.55%,77.20%,-0.25%,3.43%,4.17,3.63M,76.43,-1.09%,2921283
725,726,TTE,146.97B,2.46B,2.43B,8.30%,0.00%,7.00%,-5.15%,0.11%,1.77,1.50M,58.04,-1.17%,1517747
726,727,TTWO,23.23B,168.00M,164.85M,0.10%,-49.22%,92.50%,2.01%,3.63%,3.55,1.69M,138.64,1.05%,2375485
727,728,TU,27.43B,1.44B,1.41B,0.20%,0.00%,57.23%,-,0.82%,8.33,1.39M,19.5,1.30%,2264683
728,729,TW,15.07B,208.10M,114.58M,0.20%,-56.92%,97.80%,-4.11%,2.85%,3.56,918.57K,70.79,-0.59%,1337179
729,730,TWLO,12.52B,186.40M,173.28M,0.40%,7.12%,85.20%,1.49%,4.12%,1.52,4.71M,67.65,-0.62%,3283058
730,731,TXN,161.64B,907.00M,905.72M,0.21%,-0.21%,86.70%,-1.35%,2.04%,3.71,4.98M,176.76,-0.75%,10168802
731,732,TXT,13.40B,204.84M,200.71M,0.45%,-23.88%,86.80%,-13.51%,2.71%,4.07,1.34M,66.64,0.32%,2970835
732,733,TYL,16.54B,41.83M,41.18M,0.30%,-43.20%,93.00%,1.20%,2.21%,3.74,243.29K,393.8,-0.20%,776887
733,734,U,15.78B,375.91M,323.20M,1.90%,-7.78%,57.30%,-0.36%,6.39%,2.0,10.33M,42.56,2.14%,32789081
734,735,UAL,17.57B,327.40M,325.89M,0.30%,-2.28%,60.70%,-5.73%,6.52%,2.96,7.17M,53.5,-0.15%,6804471
735,736,UBER,87.75B,2.01B,1.99B,0.10%,10.31%,73.90%,1.25%,2.31%,1.98,23.20M,43.52,0.37%,27938167
736,737,UBS,70.87B,3.07B,3.04B,0.08%,0.00%,56.39%,-,0.64%,3.83,5.09M,20.41,-0.05%,2524973
737,738,UDR,14.16B,328.79M,323.63M,0.30%,0.00%,101.52%,-2.28%,1.88%,2.7,2.26M,43.42,0.91%,3777969
738,739,UHS,10.38B,70.53M,61.83M,1.70%,-6.13%,102.54%,-3.07%,3.37%,3.29,634.37K,148.62,0.55%,1485098
739,740,UI,11.30B,60.44M,4.14M,93.13%,0.00%,3.90%,-9.97%,5.71%,3.44,68.71K,186.3,-0.40%,150837
740,741,UL,128.12B,2.52B,2.52B,2.90%,0.00%,10.90%,6.62%,0.09%,1.06,2.10M,51.93,1.07%,2911364
741,742,ULTA,22.47B,50.15M,49.36M,0.10%,-13.38%,96.80%,1.42%,4.91%,2.63,923.32K,447.91,-0.72%,1864711
742,743,UMC,22.17B,2.47B,2.25B,-,-,5.40%,5.19%,2.40%,8.17,6.60M,8.75,-1.91%,9943340
743,744,UNH,433.76B,933.00M,929.88M,0.10%,-1.01%,89.70%,-0.68%,0.59%,1.69,3.27M,458.49,-1.59%,7653910
744,745,UNP,125.55B,610.60M,607.80M,0.10%,-0.41%,80.60%,-1.11%,0.68%,1.45,2.85M,204.67,-0.61%,4136995
745,746,UPS,153.74B,862.00M,720.52M,-,-,72.50%,-0.45%,1.54%,3.21,3.46M,178.58,-0.23%,8463807
746,747,URI,28.18B,69.41M,68.36M,0.20%,-18.34%,93.90%,-0.66%,4.07%,2.68,1.04M,403.09,-1.68%,1132909
747,748,USB,51.03B,1.53B,1.53B,0.15%,3.47%,74.10%,-0.67%,2.51%,1.98,19.36M,33.45,0.48%,30107769
748,749,UTHR,10.76B,46.30M,44.76M,0.20%,-89.92%,98.92%,1.04%,2.32%,2.36,440.33K,230.26,0.29%,658765
749,750,V,463.46B,2.06B,1.61B,0.12%,-11.69%,98.90%,0.71%,1.95%,4.65,6.76M,228.91,1.21%,13291117
750,751,VALE,65.64B,4.45B,3.93B,38.50%,0.00%,21.40%,-4.15%,1.17%,1.96,23.51M,14.44,-0.21%,20756653
751,752,VEEV,32.26B,159.85M,139.50M,0.10%,-94.80%,93.10%,-1.07%,1.89%,2.58,1.02M,200.05,-0.63%,1509124
752,753,VICI,32.68B,1.00B,993.63M,0.42%,0.00%,98.60%,-4.50%,2.23%,4.39,5.04M,32.34,-0.61%,7535957
753,754,VIPS,10.32B,579.65M,476.81M,1.74%,0.00%,72.00%,-0.76%,2.72%,2.33,5.58M,17.79,-2.95%,6414563
754,755,VIV,15.25B,1.66B,428.32M,88.00%,0.00%,7.40%,-3.95%,0.93%,2.21,1.81M,8.99,-2.07%,4340727
755,756,VLO,41.22B,369.00M,359.46M,0.20%,0.00%,82.50%,-1.46%,2.94%,2.25,4.70M,114.21,0.16%,9936576
756,757,VMC,27.80B,133.20M,132.62M,0.17%,-3.30%,92.20%,0.45%,1.07%,1.79,788.35K,207.31,-0.78%,1258642
757,758,VMW,61.27B,428.19M,227.28M,0.20%,-4.66%,49.10%,1.47%,1.19%,1.87,1.44M,141.36,-0.72%,3006736
758,759,VOD,25.24B,2.73B,2.17B,0.20%,0.00%,9.50%,0.19%,0.21%,0.81,5.50M,9.47,-0.11%,4151841
759,760,VRSK,32.51B,152.03M,143.34M,0.30%,-6.34%,93.80%,-3.42%,6.43%,9.07,1.02M,224.52,-0.02%,4246538
760,761,VRSN,23.39B,104.90M,103.22M,1.10%,-12.37%,95.50%,-2.14%,0.81%,1.71,488.02K,223.69,-0.45%,1050686
761,762,VRTX,89.91B,257.40M,256.21M,0.10%,-36.16%,95.70%,1.21%,1.20%,2.55,1.20M,347.89,-0.34%,2613300
762,763,VTR,18.45B,399.99M,397.86M,0.54%,-1.57%,95.10%,-0.58%,1.94%,3.17,2.43M,46.08,-0.11%,2974702
763,764,VTRS,11.92B,1.20B,1.19B,0.28%,-0.35%,77.10%,2.18%,2.06%,2.59,9.48M,10.29,3.52%,23640566
764,765,VZ,153.19B,4.21B,4.20B,0.03%,-2.63%,63.80%,-1.63%,1.20%,2.53,19.91M,36.46,0.05%,36072184
765,766,WAB,18.39B,179.90M,174.07M,0.50%,-9.33%,94.70%,-0.09%,1.11%,2.02,957.28K,103.64,1.37%,2174887
766,767,WAT,15.83B,59.02M,58.60M,0.10%,5.73%,91.40%,-0.12%,4.03%,4.62,512.33K,269.2,0.41%,1648333
767,768,WBA,27.63B,862.60M,714.48M,0.30%,0.40%,59.80%,-0.07%,4.76%,4.77,7.13M,32.67,2.03%,16013422
768,769,WBD,31.99B,2.43B,1.87B,0.60%,0.10%,56.30%,-0.00%,4.93%,4.61,19.97M,12.8,-2.51%,46108592
769,770,WCN,35.39B,257.37M,256.52M,1.00%,-0.41%,70.30%,3.25%,0.96%,2.9,849.69K,137.54,0.08%,934625
770,771,WDAY,58.41B,258.82M,199.74M,0.90%,-12.67%,89.00%,-0.26%,2.42%,2.33,2.07M,222.4,-0.85%,3312226
771,772,WDC,13.14B,319.00M,316.77M,0.70%,0.00%,89.60%,2.89%,2.33%,1.89,3.90M,40.47,-1.48%,5538206
772,773,WDS,46.58B,1.90B,1.90B,-,-,1.88%,-,0.06%,2.44,488.37K,24.73,2.91%,1078992
773,774,WEC,28.89B,315.40M,315.03M,0.14%,-0.34%,76.50%,-0.09%,1.24%,2.75,1.43M,91.43,-0.16%,1965530
774,775,WELL,39.84B,492.06M,472.18M,0.06%,0.00%,99.92%,0.96%,2.94%,5.98,2.32M,80.41,0.32%,11636337
775,776,WES,10.43B,384.47M,380.77M,0.10%,0.00%,92.30%,-3.92%,1.46%,6.48,860.00K,27.15,0.11%,2806118
776,777,WFC,158.94B,3.79B,3.75B,0.09%,-0.98%,74.60%,1.30%,0.96%,1.5,24.01M,42.18,-0.42%,36399112
777,778,WIT,26.02B,5.48B,5.48B,79.00%,0.00%,2.20%,4.03%,0.30%,8.69,1.90M,4.67,-0.64%,3247138
778,779,WLK,14.77B,127.55M,32.36M,0.10%,0.00%,28.10%,-2.48%,7.14%,4.71,490.33K,114.7,-0.85%,676610
779,780,WM,66.80B,407.40M,405.67M,0.10%,-8.37%,87.80%,5.35%,1.15%,2.89,1.62M,165.03,0.51%,2417208
780,781,WMB,37.24B,1.22B,1.14B,0.35%,-0.05%,88.10%,0.89%,1.79%,3.0,6.84M,30.53,-0.13%,14128112
781,782,WMG,13.86B,515.91M,114.33M,0.30%,-3.16%,89.40%,0.80%,2.24%,1.51,1.70M,27.16,1.12%,2024042
782,783,WMT,424.74B,2.69B,1.38B,0.90%,-74.62%,32.90%,-0.54%,1.05%,2.31,6.31M,155.53,-1.39%,11531691
783,784,WPC,15.03B,211.95M,205.92M,0.60%,0.06%,65.20%,4.97%,2.82%,5.58,1.04M,70.34,0.13%,1728071
784,785,WPM,20.22B,452.37M,450.01M,0.20%,0.00%,64.10%,1.07%,2.81%,6.08,2.08M,44.87,0.43%,3414523
785,786,WPP,11.84B,214.97M,212.83M,2.80%,0.00%,3.90%,0.92%,0.06%,1.4,90.40K,56.31,0.88%,345666
786,787,WRB,15.23B,274.98M,202.26M,5.70%,0.00%,71.00%,1.05%,1.75%,1.97,1.80M,59.28,1.51%,3783795
787,788,WSO,16.21B,36.19M,33.17M,0.75%,-1.20%,106.24%,2.12%,12.17%,11.0,366.93K,366.58,-0.17%,461141
788,789,WST,26.71B,74.50M,73.57M,0.20%,-43.31%,95.50%,-1.63%,1.17%,2.04,420.83K,362.04,0.62%,1129299
789,790,WTRG,11.01B,264.19M,261.88M,0.10%,15.67%,78.00%,0.42%,1.18%,2.79,1.11M,41.43,-0.50%,2128171
790,791,WTW,24.76B,107.00M,105.76M,0.30%,-6.78%,98.40%,-0.47%,0.86%,1.84,492.56K,235.0,1.00%,1719948
791,792,WY,22.53B,733.16M,725.47M,0.10%,-1.26%,85.20%,0.18%,1.29%,2.35,3.99M,31.0,0.78%,15280621
792,793,WYNN,11.90B,112.75M,96.11M,0.30%,-9.63%,66.40%,-0.76%,6.38%,2.51,2.45M,103.73,-0.80%,2265369
793,794,XEL,35.40B,551.00M,546.12M,0.10%,-7.72%,79.90%,0.35%,1.12%,1.98,3.09M,63.92,-0.62%,6368672
794,795,XM,10.95B,599.31M,153.40M,18.40%,-3.36%,78.50%,0.14%,1.90%,0.79,3.70M,18.07,0.11%,4475947
795,796,XOM,428.11B,4.10B,4.02B,0.10%,-0.12%,59.80%,0.68%,0.86%,2.15,15.99M,105.13,-0.72%,43103014
796,797,XP,12.25B,536.10M,420.51M,19.35%,0.00%,63.10%,-1.58%,5.01%,3.41,6.18M,22.13,1.24%,4860742
797,798,XPEV,10.01B,861.04M,670.16M,1.29%,0.00%,33.10%,-1.04%,6.32%,3.13,13.53M,11.38,-1.81%,17459063
798,799,XYL,27.13B,180.40M,178.75M,0.10%,-23.71%,91.70%,0.64%,4.63%,3.69,2.25M,113.44,0.09%,3473229
799,800,YPF,10.74B,391.49M,387.46M,99.50%,0.00%,50.80%,3.53%,1.15%,2.41,1.84M,14.55,8.18%,4696623
800,801,YUM,38.99B,281.00M,277.20M,0.10%,-11.83%,80.10%,-7.97%,1.83%,3.14,1.61M,138.58,-0.45%,3747820
801,802,YUMC,24.70B,418.00M,403.57M,0.19%,-75.71%,84.90%,0.23%,2.02%,5.0,1.63M,59.4,0.44%,2503321
802,803,Z,10.87B,170.62M,153.56M,9.67%,-0.66%,104.06%,-,13.61%,8.8,2.38M,46.68,-3.07%,10275926
803,804,ZBH,29.74B,209.40M,208.34M,0.10%,-9.78%,92.10%,-0.06%,1.44%,2.17,1.38M,144.1,1.07%,2812522
804,805,ZBRA,14.63B,51.42M,51.34M,0.60%,-0.51%,91.00%,0.26%,1.92%,3.05,322.57K,282.4,-0.76%,636690
805,806,ZG,11.21B,234.43M,213.09M,3.49%,-1.72%,85.90%,-0.40%,0.54%,2.92,396.30K,45.76,-2.95%,432473
806,807,ZI,11.43B,403.41M,295.74M,1.50%,-33.19%,90.10%,-3.39%,3.02%,1.96,4.55M,26.82,-5.56%,58345498
807,808,ZM,20.81B,295.41M,214.78M,9.34%,-0.55%,64.30%,-0.55%,7.72%,3.96,4.19M,70.06,0.17%,4728349
808,809,ZS,23.10B,145.35M,86.47M,1.00%,-2.55%,49.60%,5.60%,8.28%,2.35,3.05M,154.01,-2.73%,3207002
809,810,ZTO,22.85B,808.87M,391.01M,0.79%,0.00%,31.60%,3.52%,4.01%,5.69,2.76M,27.46,-1.79%,5890676
810,811,ZTS,79.22B,463.50M,461.18M,0.20%,-3.17%,94.50%,0.02%,0.78%,1.86,1.94M,170.74,-0.40%,3285481
