,No.,Ticker,Perf Week,Perf Month,Perf Quart,Perf Half,Perf Year,Perf YTD,Volatility W,Volatility M,Recom,Avg Volume,Rel Volume,Price,Change,Volume
0,1,A,4.61%,-5.20%,-9.05%,-21.76%,4.00%,-19.06%,2.18%,2.35%,2.00,1.93M,2.05,121.13,-0.08%,3939930
1,2,AAL,5.84%,10.53%,17.88%,23.45%,23.82%,29.56%,2.25%,2.82%,2.90,24.66M,0.92,16.48,-1.02%,22625167
2,3,AAPL,2.19%,7.08%,19.30%,29.13%,36.54%,42.32%,1.36%,1.50%,2.00,58.59M,1.63,184.92,-0.59%,95747006
3,4,ABBV,0.33%,-3.29%,-10.10%,-15.90%,0.40%,-14.21%,1.62%,1.76%,2.40,5.86M,2.49,138.64,2.02%,14593437
4,5,ABC,2.69%,4.70%,20.39%,10.73%,28.60%,10.44%,1.60%,1.84%,2.10,1.21M,1.65,183.01,0.62%,2000327
5,6,ABEV,-0.32%,6.19%,14.87%,8.42%,21.65%,13.60%,2.30%,2.23%,2.50,16.03M,1.27,3.09,-1.28%,20356797
6,7,ABNB,9.18%,18.79%,8.91%,37.00%,26.82%,50.50%,3.33%,3.59%,2.60,6.41M,1.07,128.68,0.65%,6883826
7,8,ABT,4.44%,-2.41%,9.47%,-4.55%,1.34%,-3.27%,1.36%,1.46%,2.10,5.09M,1.97,106.2,1.12%,10012623
8,9,ACGL,-0.39%,-2.57%,12.68%,17.97%,61.76%,13.35%,1.75%,2.03%,1.80,1.93M,1.71,71.16,1.44%,3296161
9,10,ACGLN,-0.03%,-3.82%,2.51%,3.81%,3.64%,13.67%,2.13%,1.55%,-,89.89K,0.32,19.63,-0.10%,28769
10,11,ACI,2.69%,5.84%,9.59%,2.64%,-0.81%,3.04%,1.43%,1.29%,2.60,4.59M,3.05,21.37,0.61%,13976210
11,12,ACM,3.71%,8.53%,5.23%,1.94%,34.46%,2.05%,1.76%,1.89%,1.60,898.52K,2.32,86.67,0.42%,2080228
12,13,ACN,3.50%,12.27%,27.82%,9.64%,13.64%,19.75%,2.04%,2.09%,2.10,2.77M,1.9,319.54,-1.31%,5259178
13,14,ADBE,9.07%,38.85%,38.26%,45.68%,31.38%,47.14%,4.02%,3.33%,2.20,3.63M,3.67,495.18,0.87%,13324076
14,15,ADI,3.23%,0.21%,1.35%,9.72%,25.51%,14.83%,1.80%,2.61%,2.00,3.45M,1.99,188.36,-0.69%,6886920
15,16,ADM,4.05%,3.33%,1.64%,-18.66%,-8.26%,-18.71%,2.31%,2.22%,2.20,2.78M,1.99,75.48,1.23%,5522403
16,17,ADP,2.83%,3.44%,3.80%,-14.90%,6.84%,-7.34%,1.94%,1.51%,3.00,1.85M,1.81,221.32,0.16%,3335514
17,18,ADSK,6.01%,7.58%,7.23%,6.72%,20.82%,14.25%,3.70%,3.19%,2.10,1.43M,2.31,213.5,-3.58%,3287110
18,19,AEE,0.86%,0.90%,-1.11%,-6.36%,0.98%,-5.44%,1.51%,1.69%,2.20,1.30M,2.16,84.08,0.13%,2812984
19,20,AEG,-0.83%,2.35%,16.83%,-2.84%,1.05%,-4.96%,1.43%,1.45%,2.50,1.91M,0.71,4.79,-2.44%,1361677
20,21,AEM,0.06%,-7.46%,0.31%,-3.08%,3.62%,-1.90%,2.37%,2.39%,1.80,2.95M,1.06,51.0,1.15%,3136496
21,22,AEP,1.49%,-2.46%,-6.36%,-13.77%,-6.31%,-10.55%,1.22%,1.69%,2.50,2.74M,1.94,84.93,0.06%,5314597
22,23,AER,2.70%,3.20%,20.64%,3.40%,49.74%,4.94%,1.94%,2.27%,1.60,1.14M,1.05,61.2,-0.67%,1192506
23,24,AES,6.22%,1.86%,-4.69%,-27.02%,9.16%,-25.80%,2.74%,2.47%,1.90,5.73M,2.14,21.34,-0.70%,12276062
24,25,AESC,5.32%,1.86%,-2.80%,-19.49%,0.62%,-18.60%,1.73%,1.53%,-,41.89K,1.19,83.04,-0.29%,49825
25,26,AFL,0.67%,4.89%,13.28%,-1.36%,28.03%,-3.49%,1.94%,1.59%,2.70,2.39M,2.34,69.43,-0.47%,5584958
26,27,AGR,1.39%,-0.31%,-2.25%,-11.19%,-11.47%,-10.05%,1.51%,1.79%,3.30,600.85K,1.49,38.66,-0.18%,893338
27,28,AIG,0.74%,6.62%,21.30%,-8.55%,10.09%,-9.39%,2.74%,2.32%,2.10,4.64M,2.22,57.3,1.20%,10315800
28,29,AJG,3.34%,-0.58%,18.77%,10.70%,39.95%,13.39%,1.84%,1.56%,1.90,925.90K,1.68,213.78,0.07%,1553878
29,30,AKAM,-1.06%,5.45%,24.30%,2.99%,0.51%,8.54%,1.42%,1.49%,2.70,1.49M,2.48,91.5,-0.62%,3710643
30,31,ALB,3.48%,9.70%,9.44%,-7.94%,6.09%,5.22%,3.11%,3.37%,2.20,2.29M,1.02,228.17,-1.19%,2347804
31,32,ALC,2.82%,1.14%,24.27%,14.16%,22.23%,18.56%,1.18%,1.32%,2.00,1.20M,0.78,81.27,0.47%,929124
32,33,ALGN,8.49%,13.36%,2.94%,68.68%,35.49%,56.61%,3.74%,3.34%,2.20,748.32K,1.68,330.29,-0.87%,1257852
33,34,ALL,-0.71%,-6.58%,5.77%,-14.42%,-8.63%,-18.02%,1.91%,2.00%,2.20,2.00M,1.89,111.17,0.57%,3777524
34,35,ALLE,5.13%,8.60%,14.62%,7.89%,17.62%,12.51%,2.48%,2.23%,2.50,814.69K,3.54,118.43,-0.43%,2881474
35,36,ALNY,5.63%,4.32%,8.69%,-13.83%,48.82%,-15.18%,2.55%,2.48%,1.90,679.25K,1.25,201.57,-0.38%,847459
36,37,AMAT,2.06%,10.53%,13.32%,26.71%,42.61%,42.67%,2.31%,2.64%,2.10,6.08M,1.45,138.93,-0.84%,8842976
37,38,AMCR,3.40%,0.98%,-3.27%,-17.07%,-14.46%,-13.10%,1.50%,1.76%,2.90,7.86M,2.47,10.35,0.68%,19427395
38,39,AMD,-3.87%,15.74%,22.73%,74.21%,34.47%,85.39%,4.53%,4.37%,2.10,69.71M,1.17,120.08,-3.35%,81648013
39,40,AME,3.74%,6.84%,15.50%,9.99%,38.86%,11.59%,1.70%,1.53%,2.40,1.02M,1.71,155.91,-0.50%,1748880
40,41,AMGN,4.98%,2.06%,-0.06%,-15.30%,-2.51%,-12.56%,1.99%,1.99%,2.7,2.34M,2.89,229.66,0.53%,6760699
41,42,AMH,0.74%,4.06%,17.96%,9.46%,5.70%,17.45%,1.94%,1.80%,2.4,2.32M,2.05,35.4,0.28%,4753384
42,43,AMP,3.39%,7.92%,15.48%,0.95%,31.86%,4.38%,2.14%,2.17%,2.2,636.30K,1.47,325.0,-0.18%,936930
43,44,AMT,2.98%,-0.96%,-4.20%,-12.26%,-20.10%,-8.95%,2.03%,2.43%,1.9,2.01M,1.63,192.89,-0.71%,3281162
44,45,AMX,-1.43%,-3.29%,10.65%,20.00%,21.10%,20.99%,2.02%,2.73%,2.6,1.18M,0.94,22.02,-0.90%,1114980
45,46,AMZN,1.67%,8.65%,26.82%,37.03%,16.55%,49.39%,2.46%,2.62%,1.8,62.51M,1.34,125.49,-1.27%,83469181
46,47,ANET,-2.91%,16.17%,-3.35%,20.46%,69.90%,30.03%,4.18%,3.92%,2.3,3.30M,1.36,157.79,-3.47%,4497419
47,48,ANSS,2.72%,10.82%,7.48%,30.56%,40.05%,38.40%,1.98%,2.32%,2.3,467.47K,1.9,334.37,-0.72%,886679
48,49,AON,4.79%,2.22%,11.06%,7.59%,30.12%,9.74%,2.03%,1.65%,2.9,848.83K,1.72,329.38,-0.51%,1463286
49,50,AOS,3.21%,3.98%,8.45%,20.58%,26.70%,24.04%,1.76%,2.04%,2.9,1.08M,1.63,71.0,0.69%,1763806
50,51,APA,2.90%,5.59%,8.32%,-23.67%,-24.65%,-26.35%,3.52%,3.59%,2.3,6.09M,1.49,34.38,-0.84%,9091358
51,52,APD,5.23%,6.14%,6.71%,-9.83%,22.52%,-4.90%,1.69%,1.78%,2.3,871.93K,2.08,293.17,0.83%,1809753
52,53,APH,5.01%,8.85%,6.98%,0.53%,24.24%,7.89%,1.69%,1.71%,2.3,2.92M,1.27,82.15,0.34%,3715840
53,54,APLS,-0.82%,0.02%,41.65%,69.46%,116.83%,72.64%,3.69%,3.37%,1.8,1.57M,1.28,89.27,-0.37%,2001521
54,55,APO,5.62%,21.54%,36.35%,16.65%,52.48%,20.83%,1.83%,2.05%,2.1,2.62M,1.57,77.08,-0.40%,4105090
55,56,APTV,3.52%,8.08%,-5.37%,5.01%,6.26%,8.92%,2.12%,2.40%,2.1,2.12M,1.53,101.44,0.16%,3239850
56,57,ARCC,-2.25%,1.52%,7.17%,-0.05%,4.39%,1.14%,1.11%,1.18%,1.8,3.05M,2.94,18.68,0.16%,8978360
57,58,ARE,-4.26%,-3.01%,-4.48%,-24.53%,-14.34%,-20.75%,2.75%,2.60%,1.6,1.09M,2.67,115.45,-4.70%,2916077
58,59,ARES,2.40%,13.50%,25.82%,30.90%,62.38%,37.97%,2.16%,2.27%,2.2,1.09M,1.65,94.43,-0.88%,1798428
59,60,ARGX,2.39%,-3.14%,11.20%,3.49%,15.70%,5.57%,1.75%,1.80%,1.6,212.30K,0.88,399.94,0.99%,187463
60,61,ARMK,0.57%,4.76%,20.37%,-4.97%,30.15%,-1.96%,1.73%,1.96%,2.5,3.45M,0.95,40.53,0.77%,3285311
61,62,ASML,0.84%,7.66%,13.92%,17.21%,42.85%,32.12%,2.08%,2.09%,1.8,972.95K,1.37,721.88,-2.28%,1336013
62,63,ASX,1.96%,22.41%,18.63%,33.69%,29.39%,41.15%,1.84%,2.20%,2.3,5.25M,1.33,8.85,-1.01%,6981151
63,64,ATO,-0.28%,0.19%,2.01%,-1.13%,10.28%,4.40%,1.19%,1.69%,2.3,978.31K,1.54,117.0,-0.42%,1510044
64,65,ATVI,1.98%,5.24%,3.77%,6.40%,8.79%,7.08%,1.34%,1.28%,2.0,7.58M,1.61,81.97,0.64%,12232423
65,66,AU,-0.12%,-2.19%,17.05%,23.83%,51.66%,24.41%,2.74%,2.40%,2.8,3.22M,1.38,24.16,-1.63%,4446923
66,67,AVB,2.20%,8.62%,19.16%,11.84%,2.60%,19.15%,1.32%,1.69%,2.5,771.62K,2.12,192.45,1.01%,1635482
67,68,AVGO,7.89%,32.04%,37.58%,51.12%,64.82%,55.26%,3.62%,3.85%,1.9,2.80M,2.44,868.11,-1.73%,6824997
68,69,AVTR,1.63%,-1.63%,-3.86%,-5.76%,-34.83%,-5.41%,3.16%,2.77%,2.0,6.16M,1.39,19.95,0.25%,8557076
69,70,AVY,5.27%,0.49%,2.78%,-5.92%,6.20%,-5.48%,2.22%,2.17%,1.8,566.66K,1.63,171.09,1.19%,921733
70,71,AWK,1.58%,3.74%,5.06%,-5.92%,10.34%,-2.26%,1.72%,1.71%,2.5,884.91K,2.31,148.98,0.60%,2040747
71,72,AXON,3.87%,2.37%,-5.05%,16.62%,122.67%,21.96%,2.37%,2.52%,1.7,1.09M,2.92,202.36,0.13%,3199447
72,73,AXP,0.29%,13.23%,10.02%,11.74%,17.77%,16.55%,1.81%,1.98%,2.4,3.26M,1.42,172.21,-0.92%,4613584
73,74,AZN,1.57%,0.70%,14.65%,6.79%,24.19%,10.94%,1.21%,1.39%,1.8,4.15M,1.18,75.22,0.80%,4899807
74,75,AZO,5.53%,-6.93%,5.45%,5.65%,23.84%,1.12%,2.13%,2.27%,2.0,171.55K,2.43,2493.83,-0.14%,417251
75,76,AZPN,2.22%,-0.77%,-16.12%,-20.94%,-9.66%,-18.53%,2.03%,2.10%,2.4,232.39K,2.1,167.33,0.31%,488136
76,77,BA,1.23%,6.34%,9.42%,16.86%,64.52%,15.49%,2.47%,2.48%,2.1,5.48M,1.42,219.99,0.26%,7771621
77,78,BABA,7.72%,1.57%,12.77%,1.31%,-14.75%,4.55%,2.47%,2.95%,1.8,23.75M,1.05,92.1,-0.11%,24987197
78,79,BAC,-0.27%,2.17%,4.92%,-9.57%,-8.92%,-11.87%,2.39%,2.16%,2.4,56.33M,0.92,29.19,-0.61%,51849290
79,80,BAH,4.93%,16.70%,22.71%,2.66%,30.56%,3.91%,1.65%,2.02%,2.3,944.10K,1.24,108.61,1.15%,1171995
80,81,BALL,11.13%,5.49%,13.50%,7.29%,-11.83%,14.25%,4.12%,3.08%,2.70,1.71M,6.75,58.43,7.23%,11536699
81,82,BAM,4.46%,5.22%,8.27%,12.75%,-,16.01%,2.14%,2.08%,2.60,1.45M,1.42,33.26,-1.77%,2063425
82,83,BAP,6.26%,9.36%,19.81%,9.95%,17.26%,10.05%,2.18%,2.11%,2.30,356.42K,1.71,149.29,0.60%,610284
83,84,BATRA,4.87%,6.06%,26.58%,25.05%,60.75%,26.51%,2.89%,2.25%,2.00,49.97K,3.69,41.33,-0.12%,184625
84,85,BATRK,3.98%,4.39%,23.96%,21.95%,60.14%,23.27%,3.13%,2.45%,2.30,115.96K,2.16,39.73,-0.95%,250946
85,86,BAX,8.08%,6.03%,20.70%,-13.27%,-33.13%,-11.01%,2.38%,2.23%,2.60,5.67M,1.4,45.36,2.02%,7916070
86,87,BBD,1.15%,9.82%,39.30%,39.55%,1.29%,27.92%,1.91%,2.43%,2.70,26.72M,0.82,3.51,-0.28%,21857921
87,88,BBVA,5.37%,6.89%,16.59%,26.92%,66.67%,23.96%,1.26%,1.35%,1.00,1.90M,0.57,7.45,0.81%,1079221
88,89,BBY,6.05%,7.91%,3.99%,-1.27%,11.19%,-0.52%,2.31%,2.70%,3.00,2.41M,2.67,79.79,1.03%,6434063
89,90,BCE,-0.59%,-2.77%,4.62%,0.33%,-7.66%,3.98%,1.00%,1.06%,2.70,1.27M,1.43,45.7,0.64%,1814152
90,91,BCH,-1.02%,-2.70%,17.34%,9.09%,6.89%,2.07%,1.98%,2.18%,2.90,145.32K,3.03,21.25,0.24%,440888
91,92,BCS,0.63%,0.13%,17.48%,-0.63%,-0.75%,1.67%,1.53%,1.51%,3.50,9.67M,0.91,7.93,0.13%,8804747
92,93,BDX,2.83%,2.93%,9.78%,1.81%,9.22%,1.70%,1.40%,1.57%,2.10,1.12M,1.32,258.63,0.96%,1481696
93,94,BEKE,1.68%,4.17%,-10.54%,17.92%,8.78%,21.63%,4.09%,5.14%,1.80,7.71M,1.03,16.98,-0.59%,7937395
94,95,BEN,2.28%,10.26%,2.66%,-0.48%,13.41%,2.24%,2.57%,2.16%,3.50,3.19M,1.02,26.97,-1.21%,3236943
95,96,BF-A,1.61%,4.25%,7.73%,-2.80%,5.04%,1.75%,2.16%,1.73%,-,41.89K,8.38,66.91,-0.93%,351009
96,97,BF-B,1.65%,3.32%,6.07%,-5.13%,-2.52%,-0.43%,1.69%,1.81%,3.20,1.35M,1.97,65.4,0.31%,2667339
97,98,BG,3.00%,7.51%,4.69%,0.21%,-7.21%,-3.35%,3.32%,3.48%,1.80,1.31M,2.13,96.43,2.37%,2803253
98,99,BGNE,-7.33%,-13.33%,-10.35%,-4.32%,46.42%,-8.97%,4.52%,3.90%,1.70,195.03K,2.82,200.21,-0.41%,550005
99,100,BHP,5.88%,6.81%,9.67%,1.22%,1.97%,1.80%,1.46%,1.36%,1.70,2.82M,1.02,63.17,-1.27%,2867132
100,101,BIDU,7.33%,11.18%,-1.18%,21.72%,0.20%,26.87%,3.26%,3.35%,1.8,2.98M,0.95,145.11,-2.42%,2842350
101,102,BIIB,-3.69%,-3.29%,12.15%,2.14%,53.20%,7.42%,3.26%,2.29%,2.0,984.25K,1.94,297.48,-0.12%,1914252
102,103,BILL,-3.47%,15.51%,51.09%,-10.17%,-1.81%,2.11%,3.90%,4.92%,2.1,1.99M,1.09,111.26,-2.80%,2161262
103,104,BIO,4.30%,-1.02%,-19.86%,-12.41%,-21.62%,-10.45%,3.03%,2.62%,1.7,196.43K,2.61,376.56,-0.66%,513109
104,105,BIP,-4.12%,-3.33%,9.09%,4.30%,-10.87%,14.26%,2.20%,1.91%,2.2,339.97K,1.47,35.41,-3.30%,499307
105,106,BK,0.50%,9.81%,4.86%,-0.65%,6.64%,-1.91%,2.21%,2.01%,2.2,5.29M,2.39,44.65,-0.49%,12628224
106,107,BKNG,1.34%,-2.07%,8.20%,31.60%,33.84%,31.05%,2.29%,2.50%,2.3,319.32K,2.59,2640.99,-1.15%,828632
107,108,BKR,1.87%,11.24%,13.56%,5.49%,-3.69%,3.52%,2.62%,2.79%,2.1,7.22M,1.73,30.57,1.09%,12498282
108,109,BLDR,-0.55%,1.08%,51.59%,79.47%,118.91%,87.13%,3.29%,3.06%,2.0,2.43M,3.22,121.41,-1.30%,7814256
109,110,BLK,2.69%,8.01%,10.38%,-1.23%,17.15%,-0.83%,1.88%,1.86%,2.0,638.76K,2.01,702.78,-1.18%,1280969
110,111,BMO,3.49%,1.36%,5.82%,0.02%,-10.10%,-0.43%,1.50%,1.71%,2.7,589.47K,0.83,90.21,0.55%,489824
111,112,BMRN,5.38%,4.36%,5.04%,-11.16%,29.86%,-6.96%,1.80%,2.10%,2.2,1.09M,1.31,96.29,0.47%,1423791
112,113,BMY,2.10%,-0.56%,-0.56%,-14.23%,-9.39%,-8.05%,1.64%,1.64%,2.4,7.94M,2.44,66.16,2.30%,19344176
113,114,BN,6.07%,7.98%,17.19%,-0.12%,-9.94%,6.61%,1.71%,2.14%,2.2,2.32M,1.14,33.54,0.27%,2642681
114,115,BNS,1.25%,0.72%,4.67%,1.97%,-20.14%,2.41%,1.32%,1.40%,2.9,1.30M,0.88,50.16,-0.59%,1147773
115,116,BNTX,3.02%,7.04%,-13.18%,-39.51%,-18.44%,-25.08%,3.73%,3.28%,2.1,717.05K,0.93,112.55,-0.40%,663599
116,117,BP,-0.34%,-1.81%,0.51%,1.58%,13.96%,1.20%,1.73%,1.54%,2.1,8.64M,0.79,35.35,-0.08%,6858310
117,118,BR,4.52%,5.28%,18.97%,14.16%,16.56%,19.88%,1.68%,1.83%,2.8,643.12K,1.8,160.8,0.69%,1159028
118,119,BRK-A,0.62%,2.68%,16.09%,9.82%,22.79%,9.66%,2.08%,1.67%,2.5,5.73K,1.14,514000.0,-0.46%,6534
119,120,BRK-B,0.90%,3.34%,15.26%,9.38%,21.29%,9.52%,1.41%,1.25%,2.7,3.49M,2.43,338.31,-0.44%,8461113
120,121,BRKR,0.91%,1.64%,4.57%,13.69%,23.33%,10.43%,3.44%,3.06%,2.10,902.55K,1.72,75.48,0.19%,1553683
121,122,BRO,3.47%,1.36%,23.14%,13.89%,20.59%,16.29%,1.62%,1.59%,2.40,1.26M,1.55,66.25,0.30%,1946063
122,123,BSBR,0.47%,4.93%,33.26%,34.51%,12.09%,22.28%,2.70%,2.21%,3.20,1.06M,0.93,6.39,-0.16%,989826
123,124,BSX,5.93%,1.70%,13.28%,15.13%,50.76%,17.40%,1.60%,1.72%,1.80,9.25M,1.41,54.32,0.63%,13015827
124,125,BSY,5.23%,16.74%,30.04%,35.36%,64.83%,44.18%,2.12%,2.26%,1.90,909.72K,1.9,53.29,-1.35%,1724131
125,126,BTI,0.92%,-1.77%,-8.30%,-20.17%,-23.73%,-17.91%,1.32%,1.17%,1.00,4.76M,1.01,32.82,-0.15%,4818460
126,127,BTO,-2.35%,10.56%,-1.24%,-13.53%,-18.54%,-16.36%,4.07%,4.37%,-,96.27K,1.49,27.86,1.90%,143247
127,128,BUD,5.53%,-0.94%,-2.84%,-4.79%,10.16%,-3.05%,1.51%,1.31%,2.60,2.60M,1.36,58.21,-0.61%,3547631
128,129,BWA,6.00%,9.43%,6.25%,18.08%,35.83%,20.75%,2.17%,2.63%,2.30,2.37M,2.0,48.6,0.66%,4733941
129,130,BX,3.33%,8.85%,7.35%,13.06%,-5.47%,22.83%,2.64%,3.03%,2.00,4.65M,1.22,91.13,-1.64%,5652892
130,131,C,-0.23%,2.36%,8.90%,4.81%,1.28%,6.54%,2.05%,2.02%,2.50,16.97M,1.07,48.19,-0.76%,18204030
131,132,CAG,0.76%,-5.59%,-2.48%,-9.98%,8.32%,-10.49%,1.71%,1.86%,2.60,4.48M,1.03,34.64,-0.43%,4595105
132,133,CAH,5.16%,5.42%,31.07%,16.17%,78.78%,18.71%,1.97%,1.91%,2.70,2.21M,2.32,91.25,2.34%,5132748
133,134,CARR,3.49%,9.28%,7.15%,7.03%,27.50%,13.65%,2.33%,2.49%,2.40,5.76M,1.66,46.88,0.73%,9582853
134,135,CAT,4.36%,15.64%,14.07%,4.60%,19.06%,2.38%,2.51%,2.62%,2.70,3.26M,1.6,245.27,-0.97%,5209376
135,136,CB,1.98%,-2.01%,4.36%,-10.09%,-2.18%,-11.63%,1.89%,1.67%,2.10,1.78M,1.9,194.94,1.92%,3376661
136,137,CBOE,-0.77%,0.58%,9.41%,12.89%,25.19%,9.48%,2.22%,1.91%,2.50,668.27K,1.66,137.36,-0.52%,1108959
137,138,CBRE,-1.43%,3.25%,5.33%,-2.01%,8.98%,1.10%,2.19%,2.30%,2.20,1.91M,1.78,77.81,-1.09%,3406437
138,139,CCEP,2.54%,-1.42%,18.62%,18.93%,27.91%,18.13%,1.61%,1.48%,2.10,1.09M,1.8,65.35,-0.41%,1962455
139,140,CCI,0.57%,0.14%,-12.01%,-16.64%,-28.00%,-15.50%,2.07%,2.20%,2.50,2.24M,1.78,114.61,-1.95%,3981529
140,141,CCJ,3.25%,16.42%,27.35%,43.45%,41.09%,40.10%,3.79%,4.20%,1.40,4.18M,1.03,31.76,0.38%,4296991
141,142,CCK,6.02%,9.12%,15.85%,6.35%,-7.33%,8.03%,2.69%,2.71%,2.10,985.31K,20.78,88.81,2.37%,20478600
142,143,CCL,20.70%,43.12%,84.80%,76.93%,60.57%,96.03%,5.34%,4.26%,2.40,39.42M,1.29,15.8,-1.99%,50985481
143,144,CDAY,5.74%,10.40%,-3.57%,-2.99%,42.09%,4.57%,3.48%,3.27%,2.30,1.38M,1.64,67.08,-1.06%,2256607
144,145,CDNS,2.85%,15.52%,14.00%,42.53%,59.65%,46.81%,2.47%,2.95%,1.90,1.88M,2.66,235.84,-0.81%,5005890
145,146,CDW,4.52%,2.83%,-5.26%,-7.23%,8.73%,-0.24%,1.70%,1.79%,2.00,962.19K,1.59,178.15,-0.03%,1527771
146,147,CE,0.33%,7.84%,10.68%,7.57%,-15.17%,11.50%,2.89%,2.81%,2.50,1.33M,1.69,114.0,-2.40%,2258082
147,148,CEG,-0.43%,15.55%,21.00%,2.25%,59.60%,7.75%,1.65%,2.12%,2.20,2.21M,2.25,92.89,-0.61%,4961890
148,149,CELH,3.77%,8.50%,72.40%,24.47%,155.19%,38.83%,4.20%,4.35%,1.50,1.07M,0.8,144.44,-0.21%,861068
149,150,CF,4.86%,11.15%,0.48%,-23.37%,-22.59%,-16.35%,2.82%,3.50%,2.50,2.77M,2.12,71.27,1.70%,5873223
150,151,CFG,-3.81%,3.34%,-11.67%,-30.21%,-24.88%,-30.76%,6.31%,4.36%,2.30,9.37M,1.25,27.26,-1.55%,11758540
151,152,CFLT,-4.65%,29.49%,58.55%,45.88%,77.90%,55.98%,5.56%,6.08%,2.30,3.90M,2.04,34.69,0.58%,7960687
152,153,CG,4.43%,16.01%,3.16%,3.50%,-8.81%,5.16%,2.47%,2.49%,2.30,3.09M,1.13,31.38,-0.73%,3510520
153,154,CHD,2.19%,1.45%,12.52%,16.97%,17.99%,19.29%,1.11%,1.28%,2.80,1.44M,1.27,96.16,0.33%,1825099
154,155,CHDN,-2.30%,-4.30%,10.48%,20.48%,46.86%,29.02%,1.64%,2.28%,1.70,403.55K,1.59,136.39,-0.95%,642757
155,156,CHK,3.08%,5.24%,15.19%,-15.54%,-0.79%,-11.25%,2.42%,2.94%,2.00,1.37M,0.77,82.36,1.02%,1056924
156,157,CHKP,3.78%,9.69%,1.35%,-1.66%,8.07%,3.77%,1.48%,1.64%,2.60,913.53K,1.74,130.91,0.35%,1587270
157,158,CHRW,5.45%,-6.05%,-1.35%,-1.65%,-8.26%,3.34%,2.34%,2.44%,3.20,1.16M,1.58,94.62,-0.78%,1840603
158,159,CHT,0.34%,-0.27%,6.46%,12.59%,-3.04%,11.72%,0.62%,0.61%,-,95.77K,1.45,40.88,-0.29%,138395
159,160,CHTR,3.88%,0.80%,-2.51%,3.93%,-24.00%,0.63%,2.36%,2.67%,2.60,1.05M,1.64,341.24,-0.47%,1720985
160,161,CHWY,7.72%,16.55%,2.67%,-7.49%,35.57%,6.90%,4.40%,4.82%,2.2,4.59M,0.87,39.64,-2.17%,3982761
161,162,CI,1.11%,2.13%,-0.23%,-19.68%,8.79%,-18.87%,2.61%,2.38%,2.2,1.88M,1.54,268.83,-0.24%,2894785
162,163,CINF,-1.01%,-1.74%,-3.82%,-5.18%,-14.14%,-1.46%,2.07%,2.08%,2.7,673.84K,3.73,100.9,0.50%,2512223
163,164,CL,2.56%,-3.39%,7.73%,-1.97%,4.88%,-1.28%,1.24%,1.32%,2.6,5.12M,1.44,77.78,1.28%,7364899
164,165,CLX,-0.08%,-6.25%,1.66%,5.58%,27.13%,11.55%,1.71%,1.61%,3.5,1.21M,1.34,156.54,1.02%,1620715
165,166,CM,3.23%,4.57%,6.33%,6.67%,-13.36%,9.15%,1.29%,1.55%,2.9,1.20M,2.47,44.15,0.59%,2956385
166,167,CMCSA,2.41%,2.26%,14.35%,16.55%,2.67%,17.82%,1.59%,1.88%,2.3,19.23M,1.76,41.2,-0.65%,33882710
167,168,CME,-0.39%,0.88%,-1.01%,8.06%,-5.91%,9.49%,2.04%,1.73%,2.4,1.55M,2.35,184.11,1.04%,3637833
168,169,CMG,-0.37%,-1.41%,26.36%,32.15%,60.56%,46.52%,1.33%,1.48%,1.9,286.58K,1.2,2032.92,-0.91%,343603
169,170,CMI,4.05%,9.32%,4.71%,-2.49%,18.40%,-2.67%,2.67%,2.46%,2.5,1.06M,1.69,235.81,-0.58%,1788610
170,171,CMS,0.08%,3.25%,-0.98%,-4.74%,-3.06%,-4.09%,1.43%,1.69%,2.4,2.27M,1.17,60.74,-0.46%,2644767
171,172,CNA,-2.63%,-2.26%,4.70%,-3.91%,-8.46%,-6.41%,2.37%,2.01%,2.8,172.17K,2.96,38.51,0.71%,508950
172,173,CNC,-4.84%,-2.29%,4.97%,-20.89%,-15.23%,-19.94%,2.57%,2.49%,2.0,3.50M,1.6,65.66,-0.70%,5622573
173,174,CNHI,6.14%,4.46%,5.83%,-10.42%,10.49%,-9.53%,1.61%,2.20%,2.1,5.33M,0.86,14.53,-0.21%,4575350
174,175,CNI,4.17%,-0.18%,3.22%,-5.47%,7.82%,0.06%,1.43%,1.75%,2.5,1.19M,1.37,118.95,0.84%,1637766
175,176,CNP,0.79%,1.60%,0.45%,-5.72%,3.77%,-2.70%,1.45%,1.54%,2.1,3.81M,1.74,29.18,-0.31%,6640359
176,177,CNQ,-2.43%,-1.82%,10.02%,-1.73%,-6.19%,-0.94%,2.35%,2.23%,2.0,2.12M,0.73,55.01,-1.06%,1546003
177,178,COF,-1.27%,16.24%,22.70%,13.94%,1.76%,18.41%,2.55%,2.82%,2.7,3.35M,1.28,110.07,-1.42%,4275906
178,179,COIN,4.34%,-8.93%,-25.86%,38.32%,1.05%,57.08%,5.55%,7.06%,2.0,15.58M,0.88,55.59,2.47%,13699144
179,180,COO,6.14%,-4.75%,7.59%,13.10%,16.51%,11.11%,2.11%,1.86%,2.4,300.73K,2.09,367.41,-0.04%,628289
180,181,COP,0.99%,4.18%,11.84%,-5.88%,-0.67%,-10.53%,2.27%,2.22%,2.1,6.30M,1.57,104.92,0.74%,9904786
181,182,COST,1.23%,5.79%,7.51%,8.30%,14.14%,14.71%,1.05%,1.65%,2.0,1.85M,1.7,523.65,-1.05%,3140937
182,183,COTY,5.33%,10.09%,14.44%,52.45%,70.64%,45.33%,2.78%,2.85%,2.4,5.10M,1.31,12.44,-0.08%,6694373
183,184,CP,2.72%,-4.71%,1.59%,0.15%,13.80%,5.27%,1.57%,2.11%,2.3,1.90M,0.96,78.52,0.11%,1816780
184,185,CPB,0.80%,-13.36%,-13.04%,-18.56%,2.45%,-18.20%,1.36%,1.85%,3.3,2.42M,1.52,46.42,-0.04%,3679510
185,186,CPNG,7.93%,7.73%,31.31%,-0.06%,47.82%,17.47%,2.93%,3.70%,2.2,7.28M,1.29,17.28,1.83%,9375071
186,187,CPRT,1.80%,6.44%,25.19%,39.72%,63.98%,43.34%,1.56%,1.96%,1.8,2.14M,1.95,87.28,0.20%,4188973
187,188,CPT,-0.11%,5.93%,11.20%,-3.14%,-10.70%,1.10%,1.61%,1.94%,2.4,789.81K,1.59,113.11,0.86%,1257790
188,189,CQP,6.37%,0.26%,9.73%,-18.62%,2.81%,-16.31%,2.50%,3.08%,3.5,179.87K,3.29,47.07,2.73%,592169
189,190,CRBG,2.59%,-0.86%,9.35%,-15.97%,-,-14.80%,2.89%,3.24%,1.9,2.52M,1.14,16.47,-1.44%,2869032
190,191,CRH,9.14%,6.96%,10.43%,30.73%,46.96%,33.55%,2.51%,1.67%,1.0,792.17K,2.2,53.14,0.78%,1746004
191,192,CRL,6.23%,6.71%,8.85%,-2.02%,-1.36%,-3.63%,2.67%,2.97%,1.7,530.71K,1.26,209.99,0.49%,667462
192,193,CRM,-1.65%,1.14%,14.56%,57.15%,25.64%,59.71%,3.09%,2.84%,2.1,6.54M,2.09,211.76,-0.08%,13661531
193,194,CRWD,3.75%,13.05%,16.54%,28.67%,-5.60%,47.35%,3.47%,4.17%,1.8,4.06M,1.56,155.14,-2.92%,6340498
194,195,CSCO,4.85%,9.32%,3.75%,5.62%,18.88%,9.30%,1.44%,1.66%,2.3,19.34M,1.92,52.07,0.27%,37112242
195,196,CSGP,4.99%,10.71%,25.71%,3.54%,49.32%,8.88%,2.05%,1.98%,1.8,1.84M,4.13,84.14,0.08%,7613417
196,197,CSL,2.97%,13.92%,9.79%,-3.91%,-3.62%,1.67%,2.17%,2.34%,1.7,431.06K,2.27,239.58,-0.37%,979992
197,198,CSX,2.79%,3.94%,14.87%,1.65%,12.88%,7.20%,2.05%,2.04%,2.1,12.71M,2.36,33.21,-1.04%,30031174
198,199,CTAS,2.28%,5.59%,13.55%,6.98%,38.47%,8.80%,1.33%,1.56%,2.3,344.87K,1.81,491.36,-0.21%,625449
199,200,CTRA,2.60%,2.31%,8.71%,3.60%,-13.48%,4.15%,2.56%,2.56%,2.6,7.79M,2.8,25.21,0.52%,21771520
200,201,CTSH,4.88%,3.70%,12.61%,11.76%,-4.98%,13.80%,1.91%,1.77%,3.10,3.57M,1.64,65.08,0.53%,5836794
201,202,CTVA,1.40%,2.27%,1.10%,-7.24%,3.06%,-2.64%,1.84%,2.02%,2.20,2.97M,3.4,57.23,-0.78%,10088758
202,203,CUK,22.59%,44.51%,82.78%,78.20%,58.00%,97.77%,5.17%,4.05%,-,1.91M,1.28,14.22,-1.46%,2442347
203,204,CVE,-4.26%,2.84%,7.21%,-9.90%,-22.17%,-14.22%,3.50%,2.98%,1.90,8.02M,0.96,16.65,-1.83%,7694540
204,205,CVS,-5.63%,-2.46%,-8.94%,-32.74%,-25.95%,-27.33%,2.68%,2.03%,2.20,8.52M,2.13,67.72,-2.56%,18190479
205,206,CVX,-1.01%,1.00%,3.23%,-8.74%,-4.26%,-12.39%,1.85%,1.82%,2.30,7.82M,2.92,157.26,-0.64%,22851275
206,207,CX,3.45%,8.60%,49.07%,72.25%,102.82%,77.78%,2.42%,3.08%,2.30,6.32M,1.13,7.2,-1.37%,7170956
207,208,CZR,0.70%,12.51%,13.08%,-1.71%,18.00%,17.40%,3.20%,3.89%,2.10,2.91M,1.3,48.84,-2.75%,3795437
208,209,D,0.45%,0.21%,-3.74%,-10.02%,-28.78%,-13.03%,1.63%,2.09%,2.70,3.87M,2.55,53.33,0.87%,9863989
209,210,DAL,8.94%,19.09%,29.82%,24.72%,33.89%,30.22%,2.37%,2.47%,1.60,10.64M,1.15,42.79,-0.21%,12204599
210,211,DAR,3.22%,3.14%,23.10%,4.90%,-10.44%,4.04%,3.13%,3.05%,1.70,1.39M,1.49,65.12,0.95%,2068010
211,212,DASH,2.06%,12.33%,22.84%,25.23%,15.15%,50.06%,2.92%,3.89%,2.50,3.50M,1.05,73.26,2.09%,3657957
212,213,DB,-1.79%,-1.70%,5.36%,-2.34%,4.30%,-9.55%,1.31%,1.35%,4.00,4.26M,0.86,10.42,-1.79%,3683169
213,214,DD,-0.37%,5.81%,2.75%,-0.33%,15.01%,1.14%,1.86%,1.96%,2.20,3.46M,2.28,69.41,-0.43%,7874417
214,215,DDOG,0.13%,4.90%,39.54%,18.97%,7.16%,30.27%,3.57%,4.13%,2.00,5.10M,0.85,95.75,-2.48%,4338584
215,216,DE,7.59%,10.75%,5.74%,-7.03%,23.31%,-4.93%,2.12%,2.59%,2.10,1.80M,1.17,407.63,0.27%,2118653
216,217,DECK,4.99%,9.00%,24.37%,31.46%,98.83%,28.45%,3.14%,3.36%,1.80,445.16K,1.1,512.72,0.14%,490384
217,218,DELL,4.33%,8.33%,33.45%,19.17%,3.67%,23.50%,1.72%,3.01%,2.20,4.58M,2.04,49.67,-1.06%,9351738
218,219,DEO,2.56%,-2.09%,0.93%,-8.15%,1.05%,-2.65%,1.12%,0.97%,2.10,343.03K,1.72,173.46,-0.25%,590539
219,220,DFS,1.03%,16.97%,25.02%,11.47%,21.80%,17.88%,2.15%,2.05%,2.40,2.09M,2.83,115.32,-1.65%,5916613
220,221,DG,7.36%,-24.04%,-21.31%,-33.60%,-29.25%,-33.27%,2.50%,2.81%,2.3,2.68M,1.79,164.32,0.39%,4779634
221,222,DGX,3.01%,4.88%,5.38%,-8.28%,7.63%,-11.40%,1.23%,1.64%,2.7,1.04M,2.57,138.6,1.02%,2672989
222,223,DHI,2.10%,3.66%,19.46%,33.18%,77.87%,30.58%,2.20%,2.15%,2.4,2.96M,2.13,116.4,0.86%,6316988
223,224,DHR,2.73%,7.35%,-0.48%,-11.83%,-1.28%,-8.90%,2.68%,2.14%,2.0,3.12M,2.05,241.8,-0.70%,6380330
224,225,DIS,-0.66%,-1.56%,-2.02%,-3.01%,-4.76%,5.11%,1.98%,1.86%,2.1,11.47M,1.97,91.32,-1.74%,22641615
225,226,DKNG,-1.72%,7.22%,37.16%,80.89%,100.41%,115.19%,3.58%,4.56%,2.3,11.58M,1.22,24.51,-1.29%,14098348
226,227,DKS,-0.46%,-0.27%,-6.61%,15.48%,80.83%,12.31%,1.80%,2.64%,2.3,1.51M,0.97,135.1,0.02%,1463642
227,228,DLR,0.89%,10.00%,4.45%,0.52%,-18.42%,4.90%,2.66%,3.59%,2.3,3.05M,1.5,105.18,-0.20%,4568562
228,229,DLTR,3.38%,-14.28%,-0.68%,-7.02%,-11.85%,-3.69%,1.85%,2.68%,2.5,2.23M,1.16,136.22,-1.60%,2591443
229,230,DOCU,-5.56%,2.98%,-7.98%,-9.57%,-10.95%,-2.83%,4.20%,4.56%,2.8,3.93M,1.46,53.85,-0.79%,5750262
230,231,DOV,4.67%,5.63%,8.17%,5.00%,19.08%,9.10%,1.68%,2.04%,2.3,838.99K,1.82,147.73,0.44%,1529268
231,232,DOW,2.74%,3.26%,6.28%,3.50%,-7.40%,5.50%,2.20%,2.16%,2.8,4.68M,2.04,53.16,-0.60%,9530598
232,233,DOX,3.48%,3.55%,7.25%,8.80%,23.47%,7.37%,1.30%,1.43%,2.0,628.76K,1.47,97.6,0.95%,926017
233,234,DPZ,11.19%,8.64%,6.68%,-9.63%,-14.01%,-4.33%,2.54%,2.28%,2.3,687.38K,3.0,331.41,1.83%,2064234
234,235,DRI,2.53%,4.61%,11.79%,15.32%,42.44%,20.01%,1.41%,1.61%,2.0,1.37M,1.41,166.01,-0.51%,1926328
235,236,DT,0.49%,8.80%,32.12%,25.48%,27.42%,33.71%,2.36%,2.97%,2.1,2.81M,1.28,51.21,-2.18%,3588547
236,237,DTE,2.41%,4.60%,6.61%,-5.37%,-4.27%,-2.90%,1.70%,1.65%,1.9,1.22M,4.01,114.12,0.18%,4874008
237,238,DUK,0.72%,-0.90%,-4.37%,-10.76%,-7.99%,-10.50%,1.40%,1.68%,2.4,3.02M,2.88,92.18,0.53%,8690182
238,239,DVN,0.90%,5.47%,9.03%,-17.60%,-22.53%,-17.05%,2.54%,2.64%,2.2,8.60M,1.89,49.8,0.40%,16246841
239,240,DXCM,4.63%,9.71%,14.19%,7.09%,81.93%,14.89%,2.78%,3.19%,1.5,2.31M,1.87,130.1,-0.67%,4306193
240,241,E,1.61%,-2.27%,10.19%,-1.25%,2.75%,-0.80%,1.55%,1.40%,2.3,313.57K,2.66,28.43,-0.56%,834863
241,242,EA,2.16%,2.99%,13.51%,3.21%,-0.46%,5.30%,1.24%,1.40%,2.2,2.09M,1.5,128.66,-0.26%,3122195
242,243,EBAY,-1.64%,2.69%,7.13%,2.99%,3.56%,8.66%,2.12%,2.12%,2.7,4.78M,1.8,45.06,-1.23%,8588093
243,244,EBR,2.04%,14.27%,30.46%,1.78%,-5.43%,1.01%,2.81%,2.76%,1.0,1.45M,2.1,8.01,-3.03%,3037527
244,245,EBR-B,0.00%,12.75%,41.84%,6.55%,9.95%,9.15%,3.45%,2.98%,1.0,27.04K,8.2,8.95,-5.29%,221753
245,246,EC,0.48%,10.58%,7.04%,15.45%,-23.52%,1.11%,2.39%,2.74%,2.7,2.08M,0.66,10.45,0.19%,1365594
246,247,ECL,2.57%,4.35%,17.76%,21.01%,21.33%,25.06%,1.71%,1.76%,2.5,1.06M,2.36,182.04,-0.10%,2509734
247,248,ED,-0.56%,-3.06%,-2.78%,-5.56%,5.35%,-2.46%,1.53%,1.62%,3.3,1.90M,2.46,92.97,-0.05%,4677104
248,249,EDR,0.00%,-3.46%,-2.87%,3.96%,9.62%,-0.93%,1.84%,2.00%,1.6,2.91M,0.8,22.33,-1.11%,2333094
249,250,EFX,2.65%,11.78%,14.38%,13.22%,28.84%,18.22%,2.61%,2.26%,2.4,708.42K,1.94,229.77,-1.13%,1373090
250,251,EIX,3.63%,0.63%,3.57%,3.74%,14.80%,10.31%,1.61%,2.02%,2.4,1.67M,2.25,70.18,2.01%,3756051
251,252,EL,15.53%,3.49%,-13.05%,-18.16%,-16.11%,-17.80%,2.70%,2.41%,2.2,2.13M,2.46,203.95,2.28%,5233445
252,253,ELS,5.59%,3.92%,5.84%,3.76%,-2.09%,6.35%,1.74%,1.99%,2.2,803.24K,1.81,68.7,0.94%,1457025
253,254,ELV,-5.73%,-3.60%,-4.31%,-14.79%,-4.25%,-13.60%,3.00%,2.40%,1.8,1.18M,2.11,443.21,-1.89%,2485995
254,255,EMR,3.81%,6.27%,8.13%,-10.55%,2.28%,-9.00%,1.99%,1.84%,2.1,3.29M,1.68,87.41,-0.70%,5519605
255,256,ENB,-1.21%,0.78%,2.52%,-5.62%,-12.18%,-4.14%,1.74%,1.50%,2.3,3.38M,1.07,37.48,0.62%,3618921
256,257,ENPH,4.14%,11.04%,-1.00%,-45.37%,-3.54%,-31.38%,4.25%,3.79%,2.1,3.90M,1.19,181.81,0.72%,4622896
257,258,ENTG,-2.36%,13.80%,30.43%,45.72%,4.68%,62.39%,2.78%,3.48%,2.2,1.63M,1.95,106.51,-2.85%,3172118
258,259,EOG,-2.44%,2.36%,10.37%,-9.11%,-8.01%,-11.63%,2.83%,2.45%,1.9,3.59M,1.7,113.41,1.53%,6109452
259,260,EPAM,3.87%,-5.76%,-21.54%,-38.14%,-24.25%,-33.02%,4.15%,3.87%,2.3,650.87K,2.25,219.51,-3.66%,1465093
260,261,EPD,1.46%,1.46%,5.27%,8.42%,3.65%,9.41%,1.26%,1.14%,1.8,4.44M,0.84,26.39,0.27%,3729158
261,262,EQIX,4.70%,6.93%,12.70%,10.69%,21.42%,18.87%,1.91%,2.39%,1.9,430.54K,2.1,778.61,-0.13%,904142
262,263,EQNR,3.15%,7.88%,13.60%,-15.20%,-10.54%,-12.17%,2.09%,2.06%,1.7,3.34M,1.36,30.13,-2.02%,4548741
263,264,EQR,0.82%,8.36%,15.87%,4.36%,-3.51%,13.08%,1.29%,1.71%,2.7,1.76M,2.16,66.72,0.56%,3799493
264,265,EQT,2.83%,13.88%,34.97%,4.84%,-3.88%,17.17%,2.42%,3.39%,2.2,6.44M,1.8,39.64,1.77%,11567296
265,266,ERIC,5.03%,3.23%,2.65%,-16.72%,-28.08%,-7.02%,1.67%,1.42%,3.2,9.08M,1.08,5.43,0.18%,9769865
266,267,ERIE,-0.55%,-5.00%,-5.34%,-19.93%,24.10%,-12.76%,1.46%,2.29%,2.0,94.26K,1.92,216.99,-0.33%,180786
267,268,ES,2.43%,-2.71%,-5.05%,-16.04%,-10.55%,-14.03%,1.40%,1.97%,2.3,1.92M,2.23,72.08,1.51%,4268061
268,269,ESS,1.12%,12.30%,14.35%,7.23%,-7.90%,11.80%,1.61%,2.00%,2.9,395.88K,1.84,236.92,0.90%,728773
269,270,ET,0.63%,2.31%,6.92%,8.74%,19.59%,8.00%,1.51%,1.56%,1.5,9.95M,0.93,12.82,-0.16%,9260684
270,271,ETN,2.11%,11.85%,19.43%,18.53%,45.99%,21.86%,2.64%,2.59%,2.2,2.12M,2.94,191.26,-2.86%,6246828
271,272,ETR,0.56%,-0.11%,-2.45%,-13.87%,-5.34%,-9.32%,1.26%,1.78%,2.2,1.21M,3.11,102.01,-0.18%,3772342
272,273,ETSY,3.68%,-0.41%,-10.20%,-28.35%,24.39%,-21.02%,3.81%,4.00%,2.5,3.30M,1.28,94.6,-1.43%,4232949
273,274,EVRG,-0.15%,-1.22%,-0.94%,-5.93%,-3.26%,-5.75%,1.34%,1.66%,2.6,1.20M,2.26,59.31,-0.50%,2716179
274,275,EW,9.32%,4.88%,13.87%,21.26%,3.56%,23.23%,2.48%,2.34%,2.4,2.76M,2.39,91.94,0.71%,6594329
275,276,EXAS,6.39%,18.81%,47.26%,105.14%,141.46%,88.69%,2.84%,3.27%,1.9,1.80M,1.26,93.42,0.03%,2269490
276,277,EXC,2.82%,4.97%,-2.21%,-3.76%,-2.48%,-4.67%,1.34%,1.64%,2.3,7.08M,1.35,41.21,0.96%,9590593
277,278,EXPD,3.05%,4.74%,11.65%,5.36%,21.32%,14.35%,1.92%,2.04%,3.3,1.23M,2.64,118.83,-0.37%,3246628
278,279,EXPE,-4.17%,11.18%,13.33%,14.10%,1.40%,20.86%,2.21%,3.21%,2.5,2.58M,1.47,105.87,-1.16%,3788663
279,280,EXR,0.54%,-2.63%,-8.93%,-6.88%,-10.04%,-1.29%,2.42%,2.23%,2.5,1.37M,1.15,145.28,-0.34%,1572912
280,281,F,4.95%,25.39%,27.61%,12.39%,23.47%,30.27%,2.38%,2.89%,2.70,64.60M,1.16,14.42,-0.21%,75215766
281,282,FANG,-2.68%,0.91%,4.59%,-4.48%,-8.54%,-4.44%,3.23%,2.53%,2.00,1.98M,2.04,128.74,1.64%,4052750
282,283,FAST,3.30%,4.35%,8.52%,14.12%,14.05%,19.57%,1.87%,1.91%,2.90,3.16M,2.07,56.58,0.60%,6521724
283,284,FCNCA,-0.15%,-2.71%,152.03%,72.26%,103.59%,69.18%,2.91%,2.77%,2.00,231.74K,0.79,1282.99,-1.21%,182279
284,285,FCNCO,-1.09%,-0.66%,12.88%,-1.91%,-8.00%,-0.27%,1.67%,1.97%,-,30.91K,0.27,20.3,-1.00%,8366
285,286,FCNCP,-0.70%,-3.19%,-0.30%,-1.60%,-9.24%,1.33%,1.14%,1.61%,-,42.16K,0.14,19.74,0.41%,6075
286,287,FCX,5.28%,11.36%,10.30%,1.52%,9.07%,5.34%,2.43%,2.43%,2.30,12.79M,1.26,39.89,-0.47%,16104764
287,288,FDS,5.87%,6.76%,3.72%,-6.32%,18.28%,4.91%,2.23%,1.94%,2.80,266.23K,1.93,420.91,-0.33%,512862
288,289,FDX,4.34%,3.35%,5.97%,31.11%,0.29%,34.79%,2.24%,1.83%,2.20,2.04M,1.59,233.46,-1.26%,3246718
289,290,FE,1.19%,1.93%,-1.78%,-7.72%,4.91%,-6.84%,1.29%,1.67%,2.40,4.02M,1.71,39.07,-0.10%,6885722
290,291,FERG,4.50%,2.96%,17.68%,14.82%,36.44%,18.98%,1.62%,1.94%,2.30,1.28M,1.65,151.07,-0.53%,2121886
291,292,FI,2.69%,0.23%,10.90%,17.71%,31.15%,18.69%,1.45%,1.75%,2.10,3.87M,1.66,119.96,-0.32%,6416508
292,293,FICO,3.26%,6.77%,22.14%,31.86%,102.11%,33.64%,2.22%,2.43%,2.30,285.93K,0.92,799.96,-0.27%,262831
293,294,FIS,0.22%,-2.14%,6.08%,-24.35%,-42.62%,-19.26%,2.10%,2.34%,2.20,5.65M,1.08,54.78,1.35%,6073957
294,295,FITB,0.49%,5.03%,6.37%,-17.81%,-23.58%,-19.11%,4.44%,3.61%,2.00,8.81M,1.27,26.54,-0.82%,11155224
295,296,FIVE,2.82%,-2.83%,-1.54%,6.29%,54.54%,7.67%,2.61%,3.29%,1.90,810.62K,0.66,190.43,-2.16%,534700
296,297,FLEX,1.67%,11.82%,29.14%,16.64%,69.32%,24.74%,1.75%,2.11%,1.80,4.44M,0.84,26.77,-0.30%,3750427
297,298,FLT,1.78%,4.96%,30.14%,27.62%,6.15%,32.64%,2.14%,2.20%,2.10,588.53K,1.14,243.63,-0.34%,672390
298,299,FMC,1.08%,-1.16%,-8.01%,-15.79%,-0.36%,-14.45%,1.98%,2.10%,2.20,931.52K,1.72,106.77,0.82%,1604693
299,300,FMS,3.11%,1.68%,21.24%,45.58%,-10.58%,44.25%,1.24%,1.21%,4.00,710.78K,2.62,23.57,0.00%,1865156
300,301,FMX,3.68%,10.82%,27.47%,42.62%,59.00%,42.33%,1.46%,1.95%,2.10,448.36K,0.63,111.19,0.66%,280850
301,302,FND,0.27%,5.35%,5.18%,21.11%,43.54%,38.25%,2.93%,3.31%,2.10,1.28M,0.69,96.26,-0.83%,885245
302,303,FNV,-0.05%,-5.13%,1.56%,1.34%,5.03%,6.78%,1.89%,2.02%,3.00,521.77K,2.51,145.74,0.57%,1308340
303,304,FOX,0.32%,8.88%,4.65%,5.81%,3.48%,10.72%,1.84%,1.80%,-,1.23M,1.41,31.5,-0.16%,1734483
304,305,FOXA,0.30%,7.20%,2.78%,5.79%,2.47%,10.77%,1.93%,1.86%,2.80,3.83M,2.68,33.64,-0.09%,10264521
305,306,FSLR,-1.57%,-9.90%,-5.33%,18.05%,195.16%,26.17%,3.57%,3.53%,2.40,2.49M,1.25,188.99,-2.02%,3105346
306,307,FTNT,7.01%,6.36%,18.88%,34.11%,31.13%,48.86%,2.91%,3.24%,2.00,4.73M,2.31,72.78,-1.10%,10912404
307,308,FTS,-0.35%,-1.65%,1.68%,4.15%,-6.40%,7.07%,1.01%,1.28%,3.00,593.48K,1.12,42.87,0.47%,663239
308,309,FTV,5.39%,10.31%,12.34%,7.42%,26.80%,11.78%,2.05%,2.05%,2.10,2.27M,1.62,71.82,-0.21%,3688131
309,310,FWONA,3.72%,6.00%,7.95%,30.13%,25.68%,31.61%,2.72%,2.45%,2.10,114.55K,2.45,70.32,-1.68%,280884
310,311,FWONK,3.24%,5.47%,8.99%,29.18%,27.72%,30.63%,2.82%,2.59%,2.00,811.22K,2.0,78.09,-2.34%,1625131
311,312,GD,2.39%,2.85%,-0.37%,-12.72%,-0.27%,-12.40%,1.23%,1.45%,2.00,1.23M,1.27,217.34,1.11%,1560349
312,313,GDDY,4.03%,3.60%,2.42%,-2.27%,9.53%,0.12%,2.15%,1.90%,2.00,1.28M,2.57,74.91,-1.41%,3275093
313,314,GE,-0.01%,2.73%,17.72%,67.19%,97.12%,62.56%,1.91%,2.04%,2.00,5.93M,1.79,106.29,0.83%,10619041
314,315,GEHC,2.01%,-2.05%,3.71%,-,-,34.72%,1.82%,2.45%,2.50,2.71M,1.99,78.65,-0.57%,5384994
315,316,GEN,4.55%,16.15%,14.15%,-18.96%,-15.32%,-13.07%,2.73%,2.51%,2.60,4.66M,2.18,18.63,-1.17%,10172338
316,317,GFI,-3.29%,-3.17%,29.70%,39.22%,58.85%,44.73%,2.99%,2.84%,2.70,5.74M,6.6,14.98,-0.93%,37900230
317,318,GFL,0.05%,-0.24%,13.69%,28.51%,39.73%,27.54%,2.34%,2.19%,1.80,1.08M,0.65,37.28,-0.48%,696328
318,319,GFS,5.10%,12.06%,-6.02%,-4.64%,26.28%,15.90%,2.88%,3.20%,1.90,1.40M,1.89,62.46,-0.76%,2639601
319,320,GGG,4.32%,11.27%,28.06%,25.48%,46.71%,28.04%,1.87%,1.95%,2.60,916.68K,1.91,86.12,0.84%,1752900
320,321,GIB,0.67%,0.54%,14.92%,19.62%,37.44%,21.42%,1.13%,1.35%,1.9,151.19K,1.23,104.58,-0.56%,185572
321,322,GILD,0.95%,0.06%,2.00%,-10.79%,35.06%,-8.14%,1.66%,1.88%,2.5,5.53M,2.53,78.86,-0.18%,13975915
322,323,GIS,-1.93%,-10.17%,1.15%,-7.58%,21.66%,-3.74%,1.32%,1.67%,3.0,3.17M,1.69,80.71,0.00%,5344518
323,324,GL,0.07%,0.07%,2.82%,-8.53%,15.82%,-10.40%,1.77%,1.51%,2.7,549.86K,1.6,108.01,-0.29%,877458
324,325,GLPI,0.08%,1.53%,0.06%,-4.77%,11.97%,-3.90%,1.48%,1.51%,2.1,1.08M,1.57,49.83,-0.24%,1686676
325,326,GLW,9.37%,16.32%,9.23%,6.29%,9.50%,12.24%,1.94%,2.07%,1.9,4.57M,4.65,35.85,5.94%,21244427
326,327,GM,4.78%,17.02%,13.72%,-1.04%,11.06%,12.84%,2.30%,2.82%,2.2,14.51M,1.0,37.96,-0.18%,14509190
327,328,GMAB,0.68%,-6.35%,8.15%,-15.44%,40.07%,-8.52%,1.50%,1.52%,2.6,390.16K,1.54,38.77,0.05%,600709
328,329,GOLD,-1.71%,-9.33%,-7.78%,-3.91%,-13.73%,-2.74%,2.01%,2.09%,2.2,15.82M,1.34,16.71,1.33%,21130784
329,330,GOOG,0.97%,2.12%,21.08%,30.16%,12.38%,39.82%,2.11%,2.30%,1.5,27.30M,2.07,124.06,-1.38%,56622622
330,331,GOOGL,1.06%,2.23%,21.56%,29.94%,12.54%,40.01%,2.10%,2.34%,1.8,35.03M,1.27,123.53,-1.25%,44465949
331,332,GPC,3.63%,-2.94%,-0.37%,-9.83%,21.94%,-6.94%,1.59%,1.75%,2.6,1.05M,1.32,161.47,-0.11%,1381324
332,333,GPN,0.59%,-2.99%,2.16%,3.02%,-10.78%,1.37%,2.26%,2.52%,2.0,2.33M,1.61,100.68,-1.25%,3751644
333,334,GRAB,-0.58%,6.21%,19.58%,3.32%,36.80%,6.21%,4.04%,5.75%,1.9,17.10M,1.39,3.42,-0.58%,23693368
334,335,GRMN,0.63%,2.96%,10.39%,10.66%,9.30%,14.86%,1.55%,1.47%,2.6,742.65K,1.86,106.0,-0.14%,1380234
335,336,GS,0.68%,2.46%,11.45%,-6.12%,16.63%,-1.48%,1.94%,1.92%,2.3,2.23M,2.01,338.31,-0.42%,4481390
336,337,GSK,1.12%,-2.74%,3.17%,-2.14%,-17.69%,0.03%,1.30%,1.24%,2.8,2.82M,2.11,35.15,-0.34%,5945434
337,338,GWW,3.67%,9.11%,10.39%,27.15%,54.83%,31.67%,2.54%,2.01%,2.6,279.77K,1.5,732.43,-1.54%,419238
338,339,H,-2.11%,0.43%,6.62%,13.60%,38.11%,25.12%,2.46%,2.68%,2.5,829.35K,0.84,113.17,0.40%,694206
339,340,HAL,0.74%,12.58%,8.78%,-10.86%,-8.51%,-17.20%,3.21%,3.40%,1.8,10.07M,1.03,32.58,-0.40%,10388206
340,341,HBAN,-0.27%,8.76%,5.61%,-21.61%,-12.92%,-22.55%,4.19%,3.52%,2.70,18.75M,1.37,10.92,0.28%,25608002
341,342,HBANL,-0.56%,3.80%,19.00%,-,-,-1.27%,0.92%,1.29%,-,186.64K,0.12,24.86,0.12%,22085
342,343,HBANP,1.46%,5.94%,20.05%,2.97%,0.20%,10.50%,3.04%,3.49%,-,76.31K,0.53,18.74,-1.11%,40466
343,344,HCA,6.73%,5.31%,15.73%,18.55%,59.66%,20.89%,2.22%,2.02%,1.80,1.24M,2.39,290.08,1.47%,2962332
344,345,HD,1.02%,2.73%,4.16%,-9.91%,7.38%,-4.90%,1.81%,2.05%,2.30,4.35M,2.48,300.38,-0.54%,10795560
345,346,HDB,1.22%,-0.67%,5.23%,-4.06%,25.76%,-2.87%,1.93%,1.41%,1.50,1.59M,1.78,66.45,2.86%,2832053
346,347,HEI,1.39%,-6.61%,1.55%,5.93%,23.67%,7.97%,1.34%,2.42%,2.30,341.10K,0.82,165.89,-0.23%,278943
347,348,HEI-A,1.40%,-5.34%,2.12%,7.41%,21.98%,10.59%,1.21%,2.51%,-,193.78K,1.87,132.54,-0.15%,361767
348,349,HES,-0.61%,2.55%,14.56%,-0.44%,15.71%,-4.41%,2.71%,2.59%,2.30,1.64M,1.56,135.56,-0.18%,2568214
349,350,HIG,0.79%,2.26%,9.37%,-4.43%,7.24%,-5.21%,1.54%,1.72%,2.10,2.08M,1.26,71.88,1.15%,2607683
350,351,HLN,3.31%,-2.77%,6.85%,7.26%,-,5.25%,1.07%,1.26%,-,4.30M,0.49,8.42,0.96%,2096395
351,352,HLT,-0.51%,-2.35%,3.13%,3.50%,15.52%,11.44%,1.72%,2.13%,2.40,1.66M,1.61,140.81,0.10%,2668234
352,353,HMC,1.89%,10.99%,25.63%,30.12%,25.68%,37.01%,0.93%,0.97%,1.70,1.08M,2.4,31.32,-2.13%,2601854
353,354,HOLX,4.42%,0.21%,5.36%,7.00%,18.85%,8.54%,2.24%,1.58%,2.40,1.37M,3.02,81.2,0.20%,4133676
354,355,HON,2.57%,3.55%,9.93%,-5.47%,9.73%,-5.29%,1.73%,1.69%,2.30,2.47M,2.02,202.97,-0.37%,5002796
355,356,HPE,11.27%,22.78%,24.61%,8.46%,24.88%,10.09%,3.16%,2.87%,2.60,13.19M,1.86,17.57,0.69%,24479472
356,357,HPQ,4.03%,2.41%,10.56%,9.31%,-9.91%,15.37%,1.76%,2.46%,2.90,7.22M,1.93,31.0,-0.32%,13959223
357,358,HRL,0.98%,4.88%,7.61%,-11.27%,-8.06%,-9.40%,1.03%,1.54%,3.40,2.35M,1.42,41.27,-0.07%,3332910
358,359,HSBC,1.90%,3.19%,18.44%,27.96%,21.83%,25.74%,0.95%,0.94%,1.00,1.90M,0.9,39.18,0.33%,1701440
359,360,HST,-3.84%,0.06%,11.15%,-1.77%,-1.94%,6.23%,2.38%,2.25%,2.20,6.73M,1.35,17.05,-0.35%,9087653
360,361,HSY,1.92%,-2.53%,7.23%,10.47%,26.45%,12.59%,1.41%,1.54%,2.7,1.03M,1.54,260.72,-0.05%,1576480
361,362,HTHT,-0.16%,1.73%,-9.36%,-0.60%,36.16%,1.37%,2.89%,3.94%,1.6,1.55M,1.16,43.0,-2.89%,1796423
362,363,HUBB,4.41%,16.50%,36.35%,28.74%,76.35%,36.52%,1.99%,2.09%,2.8,392.05K,2.11,320.38,-0.20%,828246
363,364,HUBS,0.47%,7.02%,30.65%,65.63%,68.86%,79.61%,3.85%,3.55%,1.9,588.29K,1.22,519.32,-0.13%,720542
364,365,HUM,-13.19%,-14.35%,-10.07%,-14.55%,2.87%,-12.99%,3.18%,2.27%,2.0,1.02M,5.19,445.65,-3.92%,5292762
365,366,HWM,0.09%,2.93%,17.27%,17.90%,40.57%,16.67%,1.58%,1.88%,1.9,2.95M,1.01,45.98,-0.13%,2976300
366,367,HZNP,2.40%,1.11%,-6.81%,-10.17%,23.23%,-10.69%,0.82%,0.93%,2.7,2.26M,1.23,101.63,0.32%,2796558
367,368,IBKR,0.60%,7.73%,5.92%,12.64%,41.96%,10.96%,2.91%,2.15%,1.6,948.33K,1.02,80.28,-0.82%,962595
368,369,IBM,1.61%,9.36%,11.15%,-8.26%,0.31%,-2.42%,1.26%,1.46%,2.6,4.89M,1.53,137.48,-0.66%,7468309
369,370,IBN,-0.48%,-0.44%,13.78%,2.74%,28.77%,4.48%,0.87%,0.79%,1.3,4.21M,1.46,22.87,0.00%,6173247
370,371,ICE,1.56%,2.84%,15.13%,7.46%,16.78%,8.86%,1.83%,1.59%,2.0,2.40M,1.59,111.68,-0.62%,3803685
371,372,ICLR,5.49%,11.14%,12.69%,20.19%,13.88%,20.53%,2.39%,2.76%,1.9,616.03K,0.89,234.12,0.21%,551071
372,373,IDXX,7.13%,-0.84%,2.48%,12.32%,44.65%,18.40%,2.52%,2.48%,2.2,390.33K,1.81,483.03,0.33%,706647
373,374,IEP,-0.18%,-19.43%,-45.12%,-44.68%,-43.96%,-44.84%,7.21%,9.16%,1.0,2.77M,1.11,27.94,-2.38%,3081634
374,375,IEX,1.40%,2.42%,-2.78%,-12.07%,16.75%,-8.14%,1.54%,1.77%,2.1,425.79K,2.05,209.75,-0.31%,872664
375,376,IFF,2.70%,-2.33%,-2.91%,-23.93%,-30.99%,-23.36%,2.61%,2.46%,2.3,1.80M,2.8,80.35,1.07%,5049504
376,377,IHG,2.49%,4.61%,9.50%,15.54%,30.22%,22.09%,0.89%,1.29%,1.0,147.60K,0.61,71.23,-0.45%,90758
377,378,ILMN,2.66%,4.25%,-8.32%,-1.96%,6.32%,1.82%,3.58%,3.78%,2.7,1.24M,1.97,205.87,-1.94%,2441990
378,379,IMO,-1.05%,7.80%,10.91%,2.22%,-5.35%,2.03%,2.51%,2.81%,2.5,479.71K,0.88,49.73,-0.66%,424380
379,380,INCY,3.59%,-2.04%,-14.11%,-23.52%,-7.76%,-21.28%,2.02%,1.87%,2.4,1.81M,4.66,63.23,1.04%,8439018
380,381,INFY,2.46%,4.21%,-6.28%,-15.44%,-13.45%,-12.10%,1.70%,1.43%,2.80,11.30M,1.61,15.83,1.34%,18245147
381,382,ING,3.40%,3.00%,19.54%,11.57%,30.10%,10.11%,1.06%,1.15%,2.00,3.82M,0.64,13.4,0.30%,2432514
382,383,INTC,16.05%,25.98%,22.01%,28.70%,-5.90%,37.61%,4.19%,3.97%,3.10,45.64M,2.41,36.37,1.54%,110103134
383,384,INTU,5.44%,5.37%,9.99%,8.62%,20.21%,16.91%,2.94%,3.22%,2.00,1.83M,1.43,455.03,-0.28%,2618104
384,385,INVH,0.32%,2.38%,12.82%,7.47%,0.47%,16.06%,2.10%,1.85%,2.40,2.91M,1.63,34.4,0.17%,4749352
385,386,IOT,-0.28%,44.86%,51.95%,114.23%,153.95%,132.50%,4.87%,6.05%,2.30,3.79M,2.32,28.9,-0.52%,8777117
386,387,IP,0.95%,-0.37%,-6.11%,-13.80%,-27.40%,-7.65%,1.71%,2.02%,3.00,3.19M,2.23,31.98,0.53%,7097952
387,388,IPG,1.03%,7.92%,18.71%,19.70%,42.75%,20.20%,1.95%,2.03%,2.40,4.89M,1.27,40.04,-1.36%,6230899
388,389,IQV,4.56%,11.90%,13.16%,0.84%,6.87%,5.43%,2.42%,2.17%,1.70,1.16M,1.02,216.02,-0.35%,1181617
389,390,IR,3.30%,9.30%,22.99%,17.89%,44.79%,23.48%,1.76%,2.35%,2.20,2.30M,1.94,64.52,-0.29%,4460532
390,391,IRM,1.23%,2.70%,12.87%,3.28%,18.58%,13.86%,1.57%,1.63%,2.20,1.33M,1.79,56.76,-0.70%,2379242
391,392,ISRG,5.31%,6.86%,38.50%,17.36%,67.93%,24.12%,2.00%,2.11%,2.10,1.61M,1.93,329.36,0.33%,3109805
392,393,IT,3.48%,10.28%,17.87%,2.68%,51.24%,6.07%,1.92%,2.13%,2.20,541.20K,2.49,356.54,0.10%,1345885
393,394,ITUB,4.06%,7.54%,35.64%,37.49%,33.90%,27.18%,2.11%,2.18%,2.30,24.95M,0.73,5.9,0.00%,18295547
394,395,ITW,4.41%,8.13%,7.91%,10.60%,33.03%,12.57%,1.70%,1.98%,3.00,1.14M,1.91,247.99,0.48%,2186397
395,396,IX,0.96%,0.43%,11.45%,8.87%,2.90%,10.94%,1.04%,0.92%,-,25.68K,4.27,89.33,-1.36%,109609
396,397,J,0.29%,0.75%,3.10%,-4.90%,-6.50%,-2.91%,1.25%,1.72%,1.70,616.35K,2.07,116.57,0.29%,1273237
397,398,JBHT,3.90%,2.65%,5.48%,-5.65%,9.39%,1.33%,2.66%,2.56%,2.20,700.78K,1.41,176.68,-0.14%,986858
398,399,JBL,11.37%,27.32%,33.43%,45.12%,79.15%,54.49%,3.37%,2.48%,1.90,1.10M,2.1,105.36,0.69%,2298166
399,400,JCI,3.09%,5.65%,14.26%,-1.62%,31.31%,2.30%,1.67%,2.01%,2.10,3.96M,0.99,65.47,-0.27%,3935136
400,401,JD,8.94%,6.72%,2.63%,-31.96%,-38.04%,-29.00%,2.68%,3.21%,1.9,11.71M,0.94,39.85,-0.28%,11044925
401,402,JHX,7.21%,10.70%,37.41%,36.19%,28.07%,53.34%,1.46%,1.59%,1.0,50.41K,0.66,27.51,-0.72%,33427
402,403,JKHY,3.58%,10.32%,11.66%,-9.44%,-8.77%,-6.85%,1.88%,2.03%,2.6,750.55K,0.98,163.54,-1.11%,732858
403,404,JNJ,2.64%,3.30%,7.78%,-8.64%,-3.39%,-7.03%,0.98%,1.18%,2.4,7.04M,1.9,164.23,0.31%,13397390
404,405,JNPR,7.55%,13.02%,3.64%,-1.84%,13.61%,1.60%,2.28%,2.07%,2.6,3.94M,1.55,32.47,0.09%,6112114
405,406,JPM,1.60%,3.47%,13.87%,7.38%,24.13%,6.83%,1.71%,1.60%,2.1,12.65M,1.09,143.26,0.12%,13797886
406,407,K,-1.30%,-4.15%,2.39%,-10.08%,-2.23%,-6.95%,1.79%,1.70%,3.2,2.26M,1.73,66.29,0.53%,3914303
407,408,KB,-1.40%,2.10%,6.24%,-6.20%,-10.38%,-1.78%,1.22%,1.25%,1.0,249.55K,0.79,37.97,-0.94%,196184
408,409,KDP,2.75%,0.16%,-7.72%,-13.85%,-7.69%,-9.79%,1.24%,1.27%,2.4,9.23M,1.68,32.17,1.29%,15542447
409,410,KEYS,2.04%,4.57%,6.25%,-9.90%,19.06%,-3.63%,1.47%,1.54%,2.1,1.12M,1.71,164.86,-0.33%,1926856
410,411,KHC,0.30%,-4.93%,-1.70%,-7.89%,2.24%,-9.14%,1.45%,1.45%,2.7,6.77M,1.81,36.99,0.33%,12246357
411,412,KIM,0.26%,4.80%,10.07%,-11.63%,1.11%,-8.17%,1.78%,2.08%,2.3,4.48M,1.02,19.45,0.36%,4544902
412,413,KKR,3.66%,15.81%,18.08%,15.91%,17.48%,23.22%,2.23%,2.28%,1.8,2.77M,1.67,57.2,-2.41%,4647441
413,414,KLAC,-0.16%,11.53%,19.89%,14.45%,43.58%,23.30%,2.07%,2.86%,2.1,1.08M,1.87,464.89,-1.63%,2010679
414,415,KMB,2.36%,-4.95%,9.82%,-1.02%,12.47%,1.42%,0.94%,1.34%,3.2,1.71M,1.52,137.68,1.00%,2592967
415,416,KMI,0.06%,3.59%,4.67%,-5.91%,-3.18%,-5.75%,1.40%,1.56%,2.8,12.68M,1.89,17.04,0.18%,24016493
416,417,KMX,1.04%,10.67%,41.54%,17.60%,-13.01%,30.78%,2.73%,2.98%,2.6,2.03M,1.14,79.63,-1.51%,2313502
417,418,KO,1.98%,-2.34%,2.75%,-3.63%,3.35%,-3.05%,1.12%,1.14%,2.1,12.98M,2.06,61.67,0.72%,26713400
418,419,KOF,-0.53%,-0.42%,18.12%,31.81%,57.96%,29.85%,1.57%,1.82%,2.2,187.88K,0.46,88.14,-0.23%,85541
419,420,KR,0.00%,-6.25%,-1.30%,3.15%,-9.26%,3.57%,2.40%,2.00%,2.4,5.71M,1.85,46.17,0.50%,10573424
420,421,KVUE,4.58%,-3.56%,-,-,-,-2.42%,1.91%,2.49%,2.60,6.52M,0.36,26.25,1.94%,2332994
421,422,L,-1.30%,0.57%,9.29%,4.12%,-0.58%,0.41%,1.87%,1.68%,3.00,834.43K,3.58,58.57,-0.46%,2987355
422,423,LBRDA,3.63%,-0.25%,-3.53%,-0.10%,-29.90%,0.55%,2.69%,2.61%,2.00,148.37K,0.63,76.27,-0.65%,93636
423,424,LBRDK,3.72%,-0.64%,-3.87%,-0.56%,-32.12%,0.43%,2.69%,2.77%,1.70,788.52K,1.24,76.6,-0.53%,974997
424,425,LCID,4.35%,-10.37%,-15.73%,-15.62%,-63.01%,-5.12%,5.63%,5.65%,2.50,23.06M,1.95,6.48,-1.67%,44962025
425,426,LDOS,3.59%,9.34%,-5.05%,-19.58%,-13.06%,-18.35%,1.69%,1.89%,2.10,1.03M,2.69,85.89,0.76%,2760421
426,427,LECO,2.84%,15.85%,22.01%,34.06%,53.44%,35.60%,1.68%,2.12%,2.30,388.22K,1.72,195.93,-0.08%,666014
427,428,LEGN,3.62%,-1.79%,53.26%,35.06%,60.86%,40.36%,3.52%,3.88%,1.90,884.11K,1.01,70.07,-1.66%,897357
428,429,LEN,5.10%,4.74%,15.96%,32.15%,74.02%,32.62%,2.21%,2.26%,2.40,2.20M,2.08,120.02,0.18%,4573885
429,430,LEN-B,5.34%,4.82%,21.32%,42.31%,81.68%,41.37%,2.48%,2.23%,-,66.94K,2.42,105.72,1.39%,161741
430,431,LH,7.68%,7.92%,9.82%,1.58%,6.99%,-0.51%,2.36%,1.88%,1.90,579.01K,1.82,234.27,1.61%,1053862
431,432,LHX,3.70%,5.24%,0.16%,-10.31%,-13.73%,-6.07%,1.57%,1.74%,2.40,1.07M,1.66,195.57,1.13%,1772134
432,433,LI,8.28%,19.27%,52.32%,69.67%,5.91%,68.68%,3.37%,3.75%,1.70,7.21M,1.0,34.41,-0.15%,7234383
433,434,LII,2.52%,8.50%,27.48%,20.21%,57.59%,30.02%,1.93%,2.38%,2.90,336.90K,1.13,311.04,0.74%,379364
434,435,LIN,4.03%,2.82%,13.56%,9.73%,25.10%,15.06%,1.51%,1.55%,1.90,1.58M,2.77,375.29,-0.31%,4364364
435,436,LKQ,-0.13%,-3.35%,0.35%,0.80%,11.24%,1.54%,1.50%,1.80%,1.80,1.17M,2.25,54.23,-0.53%,2631234
436,437,LLY,0.37%,2.34%,36.01%,23.17%,52.81%,22.38%,1.67%,2.11%,2.00,3.07M,1.4,447.71,-1.37%,4283691
437,438,LMT,-0.76%,0.41%,-1.44%,-5.36%,10.88%,-5.62%,1.35%,1.39%,2.70,1.17M,1.4,459.17,0.71%,1641733
438,439,LNG,1.05%,4.42%,3.34%,-8.90%,13.96%,-0.85%,1.86%,2.36%,1.60,1.57M,1.27,148.68,1.02%,1987540
439,440,LNT,0.96%,1.86%,1.07%,-4.12%,-3.59%,-2.66%,1.25%,1.65%,2.60,1.48M,1.59,53.74,-0.02%,2353284
440,441,LOW,3.81%,4.77%,9.99%,2.34%,21.27%,8.95%,1.78%,2.10%,2.3,2.87M,2.39,217.08,-0.85%,6855455
441,442,LPLA,2.18%,6.87%,6.91%,-2.55%,10.75%,-3.33%,3.65%,2.84%,2.0,931.83K,0.99,208.98,-2.33%,918708
442,443,LRCX,1.00%,6.71%,20.52%,30.84%,35.05%,45.76%,2.46%,2.77%,2.3,1.37M,1.96,612.65,-1.34%,2678036
443,444,LSCC,10.07%,8.49%,-0.89%,21.29%,82.32%,36.65%,4.35%,4.30%,2.2,2.27M,1.32,88.66,-1.10%,2997244
444,445,LSI,1.63%,-1.23%,7.09%,22.58%,21.29%,31.76%,2.29%,2.19%,2.6,1.07M,0.76,129.78,-0.34%,805307
445,446,LSXMA,4.22%,8.16%,17.76%,-24.58%,-15.69%,-21.39%,2.45%,2.62%,1.9,1.11M,0.7,30.9,0.10%,772486
446,447,LSXMK,4.25%,8.42%,18.02%,-24.26%,-15.64%,-21.01%,2.50%,2.59%,2.2,1.15M,0.99,30.91,0.39%,1140794
447,448,LULU,6.28%,2.90%,29.95%,14.91%,34.05%,19.55%,2.19%,2.38%,2.1,1.96M,0.92,383.02,0.10%,1802691
448,449,LUV,11.85%,14.63%,14.05%,-10.20%,-8.00%,1.72%,2.48%,2.28%,2.4,6.91M,1.26,34.25,0.82%,8737060
449,450,LVS,-0.05%,-2.00%,6.88%,19.90%,79.07%,21.59%,1.87%,2.73%,2.1,4.16M,1.17,58.45,-0.36%,4881882
450,451,LW,0.63%,0.63%,17.50%,31.30%,75.58%,27.95%,1.32%,1.65%,2.1,1.30M,1.18,114.34,-0.35%,1529063
451,452,LYB,3.62%,3.45%,8.93%,10.23%,-4.06%,11.09%,2.19%,2.15%,2.8,2.06M,2.01,92.24,0.51%,4144097
452,453,LYG,0.89%,-1.73%,4.13%,0.44%,7.08%,3.18%,1.70%,1.60%,2.0,11.68M,0.73,2.27,-0.87%,8564546
453,454,LYV,7.17%,9.91%,35.94%,23.38%,4.04%,29.31%,2.23%,1.99%,2.1,1.79M,1.74,90.18,-0.18%,3106510
454,455,MA,1.98%,-2.71%,7.68%,5.32%,15.72%,8.28%,1.90%,1.79%,1.8,2.85M,2.06,376.53,-0.66%,5886891
455,456,MAA,0.66%,4.21%,6.88%,-5.58%,-4.38%,-1.08%,1.67%,1.69%,2.7,645.67K,1.85,155.29,0.73%,1196027
456,457,MANH,3.23%,11.39%,33.70%,55.19%,68.82%,58.00%,1.86%,2.16%,2.2,311.57K,2.28,191.81,-0.99%,711363
457,458,MAR,-1.48%,-0.42%,11.08%,10.69%,13.93%,18.45%,1.94%,2.28%,2.7,1.73M,2.73,176.36,-0.18%,4717893
458,459,MAS,2.85%,5.01%,12.53%,10.69%,8.93%,18.92%,2.33%,2.42%,2.5,1.87M,1.87,55.5,-0.93%,3486825
459,460,MBLY,-6.25%,2.33%,-10.14%,10.53%,-,11.69%,3.89%,4.25%,1.8,3.19M,1.15,39.16,-1.43%,3679880
460,461,MCD,2.41%,0.08%,9.92%,6.98%,22.94%,11.45%,1.06%,1.28%,2.0,2.53M,1.93,293.7,0.37%,4885811
461,462,MCHP,6.77%,11.61%,5.92%,12.32%,38.90%,21.69%,2.31%,3.21%,2.1,4.95M,1.86,85.49,0.14%,9202383
462,463,MCK,3.12%,1.31%,19.70%,9.10%,32.02%,8.29%,1.90%,1.96%,1.9,950.71K,1.57,406.2,1.53%,1488747
463,464,MCO,1.90%,10.46%,16.18%,14.86%,30.33%,22.69%,1.95%,1.84%,2.3,746.32K,1.66,341.85,-1.85%,1242615
464,465,MDB,1.44%,34.48%,72.86%,80.35%,49.38%,93.00%,3.75%,4.54%,1.9,1.74M,0.93,379.9,-1.43%,1613136
465,466,MDLZ,0.82%,-4.74%,10.80%,9.38%,24.61%,10.38%,1.09%,1.40%,2.0,6.05M,1.8,73.57,0.15%,10878563
466,467,MDT,6.47%,0.64%,13.87%,13.15%,-0.22%,14.71%,1.68%,1.66%,2.5,6.04M,1.5,89.15,1.02%,9043743
467,468,MELI,-1.14%,-9.50%,-0.53%,37.75%,77.61%,41.18%,3.39%,3.50%,1.8,415.62K,1.87,1194.74,-2.37%,779212
468,469,MET,3.03%,7.35%,1.15%,-23.81%,-10.93%,-23.31%,2.66%,2.60%,2.1,5.99M,1.71,55.5,0.62%,10275175
469,470,META,6.06%,15.88%,43.65%,131.10%,65.93%,133.51%,2.95%,2.76%,1.9,23.53M,1.83,281.0,-0.29%,43001938
470,471,MFC,-1.35%,-1.96%,8.33%,6.45%,9.83%,6.45%,1.51%,1.48%,3.2,3.14M,1.47,18.99,-1.61%,4603642
471,472,MFG,-1.97%,-2.61%,8.36%,20.65%,34.84%,4.93%,1.33%,1.71%,1.0,926.64K,0.35,2.98,-0.67%,325976
472,473,MGA,7.04%,8.99%,13.57%,-4.57%,-4.38%,1.44%,2.36%,2.36%,2.4,1.08M,0.85,56.99,0.41%,915195
473,474,MGM,3.17%,1.07%,3.37%,15.46%,41.85%,27.17%,2.55%,2.51%,2.2,4.37M,1.81,42.64,-2.47%,7900910
474,475,MKC,2.18%,4.36%,27.58%,7.40%,10.65%,11.77%,1.12%,1.53%,2.8,1.47M,1.17,92.65,0.73%,1712860
475,476,MKL,0.11%,-0.33%,12.78%,3.97%,3.42%,1.99%,1.42%,1.75%,1.9,35.42K,1.52,1343.69,0.39%,53665
476,477,MKTX,0.18%,-4.32%,-28.89%,-2.93%,2.63%,-0.62%,3.16%,2.63%,2.8,361.30K,3.34,277.15,-1.09%,1206502
477,478,MLM,-0.17%,4.71%,33.04%,16.64%,33.94%,26.21%,1.39%,1.77%,2.1,359.92K,1.71,426.54,-0.68%,614593
478,479,MMC,1.63%,1.71%,16.27%,5.09%,22.08%,9.47%,1.39%,1.41%,2.7,1.74M,1.64,181.15,0.34%,2850674
479,480,MMM,4.64%,4.35%,1.48%,-17.09%,-22.18%,-12.83%,2.22%,2.84%,3.3,3.54M,1.75,104.54,0.70%,6192663
480,481,MMP,0.07%,-3.10%,14.26%,19.32%,21.68%,19.70%,1.92%,1.61%,2.7,1.51M,3.08,60.1,-0.13%,4657114
481,482,MNST,2.10%,-2.01%,13.51%,14.72%,33.04%,15.14%,1.35%,1.51%,2.2,4.16M,1.85,58.45,-0.60%,7688721
482,483,MO,-2.54%,-2.80%,-2.76%,-6.49%,-3.50%,-3.59%,1.26%,1.25%,2.7,8.22M,1.66,44.07,-0.18%,13649728
483,484,MOH,-2.22%,-5.90%,5.43%,-20.45%,6.79%,-15.81%,3.78%,2.74%,2.5,488.61K,1.56,278.02,-2.04%,763075
484,485,MOS,2.11%,1.67%,-16.87%,-20.70%,-32.83%,-17.92%,3.35%,3.49%,2.8,4.29M,2.85,35.82,1.53%,12257793
485,486,MPC,0.25%,2.40%,-8.39%,2.12%,14.55%,-2.66%,2.53%,2.47%,1.9,4.16M,2.59,113.29,-0.47%,10768231
486,487,MPLX,1.67%,0.21%,1.43%,5.35%,12.41%,3.75%,0.93%,0.97%,2.2,1.74M,2.44,34.07,0.50%,4238976
487,488,MPWR,3.14%,24.51%,6.00%,30.91%,24.37%,46.38%,3.34%,4.57%,1.9,595.76K,1.86,517.61,-0.32%,1110036
488,489,MRK,-1.26%,-4.74%,5.01%,-2.00%,29.17%,-1.47%,1.76%,2.05%,2.0,7.14M,2.22,109.32,-0.07%,15830593
489,490,MRNA,4.44%,2.52%,-14.19%,-38.39%,0.16%,-28.33%,3.78%,3.83%,2.4,3.30M,1.66,128.73,-0.96%,5496062
490,491,MRO,-0.21%,3.48%,10.85%,-14.45%,-16.28%,-13.19%,3.21%,3.17%,2.2,11.33M,1.62,23.5,0.90%,18394763
491,492,MRVL,1.85%,40.22%,52.91%,43.31%,24.23%,65.01%,2.85%,4.85%,1.8,14.64M,1.22,61.12,-1.47%,17815753
492,493,MS,2.18%,4.98%,4.64%,-2.66%,15.88%,3.61%,1.95%,2.05%,2.4,7.23M,1.82,88.09,-1.08%,13141638
493,494,MSCI,0.82%,3.57%,-11.05%,-4.16%,20.22%,2.70%,2.49%,2.27%,2.5,513.95K,1.22,477.73,-2.01%,628092
494,495,MSFT,4.76%,9.02%,22.51%,33.09%,35.97%,42.74%,2.51%,2.01%,1.8,29.36M,1.58,342.33,-1.66%,46393046
495,496,MSI,0.81%,-4.24%,6.06%,5.42%,37.98%,8.75%,1.62%,1.48%,2.0,780.18K,1.67,280.25,-0.72%,1302324
496,497,MT,3.00%,6.31%,6.31%,5.63%,1.63%,7.25%,1.60%,1.57%,2.0,2.49M,0.71,28.12,-0.11%,1770252
497,498,MTB,-2.96%,2.65%,0.54%,-14.35%,-25.58%,-15.10%,4.08%,3.40%,2.0,1.80M,1.47,123.16,-1.29%,2639862
498,499,MTCH,1.59%,33.74%,15.06%,-5.18%,-45.17%,1.83%,3.27%,3.70%,2.1,5.11M,1.15,42.25,-2.42%,5853503
499,500,MTD,2.31%,-3.45%,-9.15%,-10.36%,13.26%,-8.54%,2.62%,2.38%,2.6,104.63K,1.8,1321.97,-1.07%,188749
500,501,MU,3.41%,4.22%,19.41%,23.94%,14.45%,35.37%,3.09%,3.40%,2.30,18.78M,1.71,67.66,-1.69%,32169642
501,502,MUFG,0.00%,0.00%,12.87%,26.00%,25.09%,3.90%,1.05%,1.35%,1.00,4.17M,0.43,6.93,-1.28%,1788033
502,503,NDAQ,-11.43%,-6.75%,-2.90%,-19.45%,2.49%,-16.51%,3.53%,2.10%,2.40,2.96M,2.5,51.22,-2.01%,7413080
503,504,NDSN,2.14%,9.27%,16.22%,0.51%,17.56%,-0.26%,1.49%,2.10%,2.10,231.68K,1.56,237.11,0.22%,360292
504,505,NEE,2.05%,0.33%,-0.11%,-13.16%,1.89%,-9.58%,1.68%,1.79%,2.00,6.95M,3.32,75.59,1.65%,23040560
505,506,NEM,5.72%,-2.06%,-9.01%,-6.96%,-30.07%,-7.14%,2.18%,2.23%,2.60,8.51M,2.02,43.83,2.65%,17156301
506,507,NET,5.97%,24.78%,24.02%,29.26%,55.26%,49.59%,4.48%,5.52%,2.50,5.80M,0.86,67.63,-3.73%,4966284
507,508,NFLX,2.84%,27.06%,42.33%,35.91%,139.83%,46.49%,2.63%,3.43%,2.30,7.06M,1.24,431.96,-2.99%,8731801
508,509,NGG,1.00%,-6.23%,6.66%,7.59%,4.81%,12.62%,1.07%,1.07%,2.00,372.58K,1.64,67.93,1.01%,609499
509,510,NI,1.07%,-0.18%,-0.33%,-1.58%,-1.23%,-0.15%,1.21%,1.57%,1.70,3.79M,1.44,27.38,0.15%,5454390
510,511,NICE,3.56%,18.96%,5.12%,8.16%,15.90%,16.28%,2.60%,2.86%,1.60,398.02K,0.86,223.6,-2.20%,341950
511,512,NIMC,0.77%,-1.56%,-1.78%,-3.85%,-11.08%,-1.96%,0.31%,0.74%,-,33.44K,0.05,101.24,0.21%,1706
512,513,NIO,21.60%,17.06%,13.80%,-22.31%,-53.26%,-3.59%,7.00%,6.23%,-,49.98M,1.62,9.4,-3.98%,81068201
513,514,NKE,7.30%,-2.90%,-5.65%,1.92%,0.13%,-2.92%,2.54%,2.07%,2.30,7.16M,2.0,113.59,1.05%,14337878
514,515,NLY,2.95%,8.48%,11.90%,-6.32%,-11.25%,-2.32%,2.06%,2.27%,2.60,4.60M,2.2,20.59,-1.44%,10140555
515,516,NMR,5.88%,7.61%,10.00%,9.39%,8.49%,5.60%,1.31%,1.42%,-,1.04M,1.13,3.96,0.00%,1175594
516,517,NOC,0.90%,2.46%,3.33%,-13.81%,-0.02%,-15.99%,1.61%,1.61%,2.50,719.66K,1.64,458.35,1.21%,1178360
517,518,NOK,7.00%,6.47%,-5.31%,-14.23%,-10.08%,-7.76%,1.61%,1.42%,2.30,16.33M,1.23,4.28,0.94%,20144274
518,519,NOW,5.89%,14.72%,28.23%,35.16%,21.36%,45.64%,2.30%,2.77%,1.70,1.65M,1.26,565.48,-1.55%,2086255
519,520,NSC,3.68%,4.26%,9.93%,-13.27%,-0.16%,-9.04%,1.91%,2.06%,2.40,1.51M,1.32,224.14,0.38%,1995668
520,521,NTAP,6.68%,13.70%,20.99%,15.50%,13.66%,23.83%,1.88%,2.21%,2.70,2.22M,1.41,74.37,0.83%,3140499
521,522,NTES,6.66%,11.66%,14.65%,34.90%,-4.23%,35.55%,2.05%,2.96%,1.70,1.17M,1.17,98.45,0.32%,1372434
522,523,NTR,2.18%,-1.69%,-17.38%,-21.02%,-31.72%,-17.75%,2.26%,3.08%,2.40,2.72M,0.81,60.07,0.74%,2204887
523,524,NTRS,-0.16%,3.61%,-8.59%,-15.33%,-19.91%,-15.57%,2.76%,2.29%,2.90,1.25M,1.6,74.71,-1.23%,1991273
524,525,NU,0.67%,22.01%,60.77%,97.38%,114.20%,85.26%,3.55%,4.04%,2.40,24.39M,0.91,7.54,1.75%,22099888
525,526,NUE,4.03%,8.43%,5.06%,2.35%,30.01%,14.87%,3.23%,2.77%,2.70,1.72M,1.85,151.41,0.15%,3177400
526,527,NVDA,10.12%,41.47%,65.96%,141.55%,158.32%,192.13%,3.40%,3.84%,1.90,48.20M,1.36,426.92,0.09%,65402829
527,528,NVO,2.05%,-3.48%,15.67%,19.72%,51.69%,19.17%,1.69%,1.55%,1.70,1.39M,0.76,161.29,-0.76%,1051568
528,529,NVR,2.96%,2.70%,8.86%,26.20%,53.21%,29.87%,1.61%,1.86%,2.70,23.66K,2.15,5990.38,0.76%,50762
529,530,NVS,0.89%,0.60%,23.90%,10.05%,25.16%,12.25%,0.98%,1.13%,2.20,2.20M,1.22,101.83,0.43%,2683278
530,531,NWG,0.00%,-2.23%,5.95%,-0.15%,17.78%,2.01%,1.16%,1.17%,1.00,1.79M,0.99,6.59,0.00%,1775795
531,532,NWS,1.96%,5.21%,23.29%,4.32%,25.32%,7.38%,2.00%,1.88%,-,811.34K,1.84,19.8,0.20%,1496592
532,533,NWSA,1.87%,4.54%,23.00%,4.76%,25.93%,7.53%,2.06%,1.93%,2.00,2.56M,1.53,19.57,0.31%,3908237
533,534,NXPI,6.95%,15.53%,11.60%,15.32%,17.11%,25.20%,2.74%,3.11%,2.30,2.20M,2.05,197.85,1.07%,4512624
534,535,O,0.79%,1.22%,0.02%,-5.06%,-5.26%,-3.22%,1.08%,1.32%,2.30,3.67M,5.03,61.39,0.26%,18463207
535,536,OC,3.39%,11.98%,36.04%,30.17%,47.00%,43.21%,2.19%,2.44%,2.50,874.44K,2.72,122.16,-0.62%,2378288
536,537,ODFL,6.29%,7.14%,-1.84%,5.19%,34.35%,14.69%,2.98%,2.89%,2.80,783.26K,1.7,325.46,-0.89%,1332931
537,538,OKE,1.85%,6.56%,2.45%,-8.47%,2.11%,-7.23%,1.55%,1.91%,2.40,3.06M,2.49,60.95,-0.26%,7630644
538,539,OKTA,6.09%,-5.72%,-9.64%,6.83%,-11.83%,10.86%,3.49%,3.68%,2.30,2.50M,1.57,75.75,-0.56%,3921285
539,540,OMC,0.70%,2.39%,10.42%,17.63%,45.42%,16.65%,1.78%,1.88%,2.60,1.79M,1.45,95.15,-0.47%,2585462
540,541,ON,1.27%,5.28%,15.16%,33.38%,55.32%,44.54%,2.35%,3.69%,2.10,6.67M,4.22,90.15,-0.93%,28115614
541,542,ORAN,-0.62%,-8.96%,-0.35%,14.40%,-0.70%,14.17%,0.90%,0.87%,4.00,396.93K,5.72,11.28,-0.79%,2272107
542,543,ORCL,14.21%,25.75%,47.15%,53.34%,80.00%,53.49%,4.42%,2.77%,2.50,9.39M,2.07,125.46,-0.86%,19438215
543,544,ORLY,1.33%,-2.17%,15.18%,12.83%,53.42%,8.88%,1.79%,2.09%,2.20,417.29K,2.12,919.02,-0.91%,885195
544,545,OTEX,-1.40%,1.52%,13.11%,40.98%,9.33%,39.98%,2.09%,2.09%,2.30,569.43K,1.36,41.49,-1.07%,773874
545,546,OTIS,3.46%,5.81%,10.72%,10.43%,27.04%,13.17%,1.52%,1.82%,2.50,1.88M,1.63,88.62,0.09%,3052289
546,547,OWL,3.03%,14.02%,12.90%,-1.11%,9.07%,8.96%,2.86%,3.21%,1.90,3.38M,0.96,11.55,-1.45%,3237196
547,548,OXY,-1.97%,-1.31%,-0.56%,-8.68%,-3.53%,-7.68%,1.84%,1.89%,2.50,11.77M,1.17,58.15,-0.46%,13715211
548,549,PAG,2.58%,9.30%,18.16%,24.73%,34.79%,33.75%,2.89%,2.98%,2.60,308.20K,1.28,153.72,-1.80%,394729
549,550,PANW,12.01%,28.72%,30.36%,53.86%,51.86%,76.67%,3.05%,3.13%,1.80,4.29M,12.77,246.53,1.12%,54804402
550,551,PARA,1.12%,4.56%,-17.36%,-15.91%,-36.53%,-3.55%,3.56%,4.44%,3.10,14.96M,0.87,16.28,-1.51%,12996149
551,552,PATH,5.42%,19.71%,6.16%,38.27%,-5.43%,42.41%,4.83%,6.57%,2.50,9.64M,1.49,18.1,-3.47%,14361977
552,553,PAYC,5.00%,17.27%,15.52%,-2.38%,16.84%,3.10%,2.95%,2.86%,1.90,550.33K,1.22,319.92,-1.24%,671869
553,554,PAYX,1.70%,5.85%,5.64%,-7.40%,-3.70%,-1.70%,1.76%,1.92%,3.00,2.28M,1.68,113.59,0.25%,3842225
554,555,PBA,-1.48%,-0.32%,2.66%,-9.11%,-17.27%,-8.01%,1.53%,1.66%,2.20,740.43K,1.03,31.23,0.42%,763399
555,556,PBR,3.00%,20.62%,41.87%,55.07%,14.28%,33.08%,3.05%,2.58%,2.60,21.51M,0.71,13.9,0.80%,15216152
556,557,PBR-A,1.60%,20.83%,43.13%,55.84%,13.42%,36.05%,3.39%,2.68%,2.70,9.36M,1.67,12.37,0.49%,15659513
557,558,PCAR,2.34%,9.93%,14.47%,17.99%,41.23%,19.17%,2.18%,2.18%,2.80,2.80M,1.41,78.63,-0.57%,3943723
558,559,PCG,3.08%,3.57%,8.07%,6.10%,69.26%,7.01%,1.31%,1.97%,2.10,16.02M,1.35,17.4,0.87%,21673674
559,560,PCGU,2.77%,3.47%,6.89%,3.79%,53.49%,4.44%,0.90%,1.31%,-,43.91K,1.16,150.65,0.41%,50940
560,561,PCTY,1.39%,8.31%,2.48%,-11.86%,12.57%,-4.78%,3.29%,2.99%,1.9,486.51K,1.2,184.98,-2.52%,585530
561,562,PDD,4.95%,20.20%,-13.13%,-11.27%,32.70%,-2.06%,4.36%,5.29%,1.6,10.11M,1.24,79.87,-1.18%,12500401
562,563,PEAK,-0.10%,1.27%,-0.34%,-18.91%,-14.63%,-17.55%,1.91%,2.29%,2.1,4.69M,1.53,20.67,-0.43%,7153600
563,564,PEG,0.76%,1.64%,6.85%,2.22%,3.34%,2.07%,1.19%,1.48%,2.3,2.49M,2.14,62.54,0.45%,5330707
564,565,PEN,4.42%,7.52%,28.28%,49.96%,176.28%,51.65%,2.14%,2.43%,1.7,346.47K,1.61,337.37,-0.27%,558848
565,566,PEP,2.02%,-3.13%,6.23%,1.46%,17.90%,2.98%,1.08%,1.32%,2.4,4.28M,2.08,186.04,0.18%,8912369
566,567,PFE,2.80%,9.01%,-0.10%,-26.47%,-17.42%,-21.82%,2.08%,2.45%,2.4,24.38M,2.47,40.06,0.78%,60290730
567,568,PFG,4.75%,7.77%,6.84%,-15.19%,15.12%,-10.89%,2.75%,2.38%,3.5,1.76M,1.77,74.78,0.92%,3110138
568,569,PG,2.03%,-3.57%,4.62%,-2.16%,12.85%,-1.33%,1.31%,1.37%,2.3,6.10M,1.84,149.54,0.73%,11229476
569,570,PGR,-0.70%,-4.84%,-4.64%,2.69%,15.47%,0.22%,1.63%,1.65%,2.6,2.96M,1.13,129.99,1.27%,3352610
570,571,PH,3.64%,11.54%,21.05%,24.28%,44.86%,26.84%,2.29%,2.48%,2.2,902.52K,1.15,369.1,-1.32%,1037095
571,572,PHG,4.45%,-1.59%,29.93%,45.94%,-5.70%,42.24%,1.53%,1.28%,3.7,1.35M,0.72,20.41,-0.39%,972932
572,573,PHM,2.11%,5.77%,32.64%,58.67%,86.43%,61.45%,2.11%,2.11%,2.1,2.93M,1.98,73.51,-0.61%,5781284
573,574,PINS,6.24%,15.54%,-3.83%,-3.28%,32.98%,4.45%,2.79%,3.31%,2.6,11.30M,1.15,25.36,1.60%,12959099
574,575,PKG,1.24%,2.68%,4.01%,-2.15%,-10.06%,3.53%,2.09%,1.97%,3.1,702.69K,2.47,132.42,-0.18%,1737723
575,576,PKX,-0.09%,9.18%,24.93%,39.85%,48.63%,39.49%,1.04%,1.06%,1.0,291.75K,1.51,75.98,-0.61%,439110
576,577,PLD,1.09%,-0.06%,5.69%,0.86%,6.55%,8.78%,2.02%,2.18%,1.8,3.13M,1.86,122.63,0.75%,5830935
577,578,PLTR,8.52%,59.02%,106.85%,121.77%,100.74%,153.89%,6.15%,8.02%,3.3,63.52M,1.42,16.3,-1.81%,90235561
578,579,PM,2.48%,1.50%,0.11%,-7.39%,-3.38%,-6.24%,1.29%,1.34%,2.1,4.50M,2.11,94.89,0.17%,9474971
579,580,PNC,-0.36%,7.73%,3.84%,-14.14%,-17.92%,-18.66%,2.69%,2.72%,2.5,4.00M,0.87,128.47,-0.25%,3460613
580,581,PNR,2.77%,2.96%,19.42%,32.66%,32.11%,35.19%,1.91%,2.23%,2.5,1.30M,1.22,60.81,-0.33%,1593838
581,582,PODD,0.50%,-9.15%,-7.96%,-8.77%,39.26%,-3.36%,2.31%,2.80%,2.2,595.68K,1.22,284.5,-0.92%,727495
582,583,POOL,9.66%,4.27%,4.72%,6.91%,1.17%,18.40%,2.91%,3.06%,2.2,409.65K,1.36,357.95,0.12%,556376
583,584,PPG,2.44%,0.47%,16.81%,7.77%,25.93%,13.79%,1.63%,1.89%,2.4,1.41M,1.89,143.08,1.28%,2673810
584,585,PPL,0.63%,-2.21%,0.60%,-8.26%,2.74%,-7.63%,1.26%,1.50%,2.1,5.11M,1.63,26.99,-0.07%,8309809
585,586,PRU,2.93%,7.34%,11.55%,-14.73%,-8.24%,-12.50%,2.21%,2.23%,3.1,2.59M,1.54,87.03,0.31%,3973720
586,587,PSA,0.09%,0.03%,-2.90%,-4.36%,-1.78%,2.47%,2.21%,2.11%,2.0,1.01M,1.78,287.1,-0.19%,1798441
587,588,PSTG,6.70%,56.92%,56.92%,23.13%,46.96%,41.03%,2.39%,3.85%,2.0,4.97M,1.18,37.74,0.37%,5880773
588,589,PSX,-1.65%,2.47%,2.54%,-4.10%,-5.13%,-6.68%,2.32%,2.36%,2.3,3.57M,1.39,97.13,0.11%,4962188
589,590,PTC,3.31%,8.76%,20.59%,12.45%,38.42%,19.25%,1.58%,1.81%,2.0,716.96K,2.11,143.15,-0.31%,1514625
590,591,PUK,2.59%,-0.55%,18.06%,7.48%,17.92%,5.13%,1.54%,1.50%,1.0,510.84K,0.57,28.89,-1.06%,289563
591,592,PWR,1.71%,9.54%,19.89%,22.26%,49.81%,30.49%,1.56%,2.05%,2.0,812.80K,2.15,185.95,0.08%,1751534
592,593,PXD,0.98%,2.43%,14.76%,-5.17%,-13.12%,-6.53%,2.33%,2.25%,2.4,2.23M,1.9,206.8,1.73%,4239170
593,594,PYPL,4.63%,8.09%,-8.99%,-8.54%,-12.40%,-6.73%,3.11%,2.71%,2.1,15.85M,1.87,66.43,0.88%,29672744
594,595,QCOM,3.00%,17.05%,1.62%,0.80%,-6.37%,11.59%,2.41%,2.72%,2.1,8.01M,1.61,122.68,-0.75%,12886685
595,596,QGEN,3.25%,4.03%,1.39%,-6.03%,6.18%,-6.24%,1.03%,1.15%,2.5,856.69K,0.84,46.76,0.39%,723331
596,597,QRVO,4.33%,10.96%,6.18%,1.66%,4.16%,13.22%,2.12%,2.87%,2.9,1.21M,2.87,102.62,0.11%,3467042
597,598,QSR,1.69%,4.74%,25.46%,13.55%,57.07%,18.18%,1.52%,1.92%,2.5,1.14M,0.64,76.43,-0.09%,732681
598,599,RACE,3.43%,5.01%,18.83%,36.79%,74.15%,43.79%,1.03%,1.13%,2.3,339.38K,0.87,308.02,0.62%,294920
599,600,RBA,3.29%,10.11%,10.30%,2.12%,-4.49%,0.78%,1.55%,2.41%,1.9,2.15M,5.84,57.09,0.07%,12523543
600,601,RBLX,8.04%,-0.07%,-4.33%,26.17%,44.64%,46.87%,4.00%,4.37%,2.6,9.35M,1.63,41.8,2.88%,15243676
601,602,RCI,1.99%,-10.30%,-1.74%,-2.85%,-5.05%,-6.13%,1.44%,1.74%,2.2,326.52K,1.47,43.97,-0.52%,479517
602,603,RCL,4.47%,19.74%,54.01%,72.40%,140.11%,92.80%,3.08%,2.65%,2.0,3.68M,1.06,95.3,-0.64%,3901028
603,604,RE,2.25%,-4.51%,5.44%,8.29%,28.01%,6.36%,2.19%,2.55%,1.9,374.14K,1.57,352.35,2.35%,587120
604,605,REG,0.87%,4.01%,7.93%,-6.70%,4.94%,-2.18%,1.46%,2.01%,2.3,892.43K,1.23,61.14,0.49%,1101866
605,606,REGN,4.89%,4.46%,4.73%,4.41%,39.53%,8.53%,1.69%,1.65%,2.1,566.47K,1.75,783.05,-0.00%,993137
606,607,RELX,6.71%,10.38%,10.95%,17.66%,32.30%,22.80%,0.82%,0.84%,2.0,755.50K,2.69,34.04,1.64%,2030391
607,608,REXR,4.55%,-1.05%,-6.53%,-4.72%,-10.21%,-1.68%,2.68%,2.27%,1.9,1.75M,2.3,53.72,-0.09%,4014994
608,609,RF,-1.89%,7.47%,1.29%,-14.20%,-6.50%,-15.96%,3.62%,3.25%,2.3,12.04M,1.45,18.12,-1.09%,17517692
609,610,RIO,4.62%,7.84%,4.45%,-4.48%,-2.83%,-5.13%,1.37%,1.36%,1.7,3.51M,1.06,67.55,-1.17%,3722183
610,611,RIVN,7.28%,10.96%,14.37%,-39.36%,-48.83%,-19.26%,8.22%,6.32%,2.3,24.32M,3.79,14.88,-2.36%,92074575
611,612,RJF,4.61%,14.62%,13.71%,-9.24%,13.76%,-6.33%,2.01%,2.19%,2.2,1.48M,1.39,100.09,-0.08%,2048186
612,613,RKT,2.68%,12.62%,6.12%,12.21%,31.66%,31.29%,3.28%,3.74%,3.2,1.96M,1.44,9.19,-1.50%,2835054
613,614,RMD,2.58%,-2.20%,5.77%,-0.82%,7.75%,5.24%,1.79%,1.85%,2.2,596.67K,1.23,219.04,0.03%,734121
614,615,ROK,3.37%,14.99%,15.80%,17.32%,53.55%,22.61%,2.43%,2.54%,2.8,739.97K,1.93,315.8,-1.13%,1431118
615,616,ROKU,1.74%,34.49%,10.04%,39.98%,-14.83%,73.69%,4.30%,5.41%,2.7,7.76M,0.75,70.69,-1.48%,5787356
616,617,ROL,0.71%,-1.37%,13.92%,7.76%,25.39%,12.45%,1.66%,1.45%,2.5,1.49M,1.61,41.09,-1.32%,2399819
617,618,ROP,1.54%,0.96%,7.78%,4.56%,19.38%,6.18%,1.43%,1.49%,2.1,555.22K,1.83,458.78,-0.51%,1014913
618,619,ROST,4.41%,3.90%,5.66%,-8.16%,41.89%,-7.09%,1.70%,2.22%,2.0,2.31M,1.5,107.84,-0.04%,3476998
619,620,RPM,2.76%,7.34%,1.04%,-16.17%,9.40%,-12.55%,1.64%,1.74%,2.7,678.26K,1.41,85.22,0.29%,957677
620,621,RPRX,-3.07%,-3.19%,-7.91%,-23.06%,-17.21%,-19.28%,2.43%,2.14%,1.7,2.14M,2.18,31.9,-0.93%,4651436
621,622,RRX,4.07%,19.07%,10.24%,24.46%,27.05%,26.05%,2.54%,2.88%,1.9,423.20K,1.33,151.24,-0.49%,561306
622,623,RS,3.83%,5.11%,6.48%,25.51%,42.44%,26.49%,2.37%,2.43%,2.4,421.76K,1.92,256.07,0.07%,809344
623,624,RSG,1.70%,0.13%,11.47%,7.21%,18.13%,12.98%,1.11%,1.19%,2.2,1.15M,1.31,145.73,0.82%,1515007
624,625,RTO,0.27%,0.05%,23.29%,23.67%,46.28%,31.94%,0.89%,0.92%,1.7,345.50K,2.43,40.65,-0.02%,839858
625,626,RTX,-1.61%,1.21%,2.08%,-2.21%,5.92%,-3.15%,1.79%,1.60%,2.1,4.17M,2.17,97.74,-0.27%,9029088
626,627,RVTY,7.35%,3.45%,-2.69%,-17.01%,-15.06%,-14.95%,2.18%,2.14%,2.4,796.52K,1.64,119.26,1.35%,1309272
627,628,RY,2.82%,-0.23%,3.02%,-0.03%,-2.80%,1.52%,1.22%,1.46%,2.3,814.43K,0.93,95.45,0.23%,757883
628,629,RYAAY,0.41%,2.68%,22.95%,38.82%,51.17%,44.32%,1.64%,2.00%,1.2,370.88K,1.1,107.89,0.87%,406703
629,630,RYAN,1.78%,-2.58%,12.63%,4.55%,21.08%,3.52%,1.48%,2.09%,2.2,672.96K,1.11,42.97,0.54%,747175
630,631,SAN,1.75%,2.05%,6.08%,19.93%,24.20%,18.31%,1.69%,1.59%,3.0,3.76M,1.92,3.49,-0.29%,7201905
631,632,SAP,3.44%,3.51%,15.15%,25.13%,47.14%,33.04%,1.55%,1.17%,2.4,943.80K,1.04,137.28,0.18%,983343
632,633,SBAC,2.88%,-1.72%,-9.93%,-21.68%,-23.50%,-17.74%,2.69%,2.49%,2.1,727.67K,1.4,230.57,-1.44%,1017989
633,634,SBUX,3.99%,-3.61%,3.21%,-0.31%,37.31%,2.69%,1.30%,1.65%,2.5,6.26M,1.87,101.87,0.48%,11700812
634,635,SCCO,4.43%,4.85%,9.29%,21.46%,29.12%,23.27%,1.93%,2.23%,3.5,1.19M,1.36,74.44,0.38%,1610628
635,636,SCHW,-1.09%,4.98%,-3.56%,-29.64%,-11.56%,-34.66%,3.03%,2.49%,2.0,22.85M,0.85,54.4,-2.00%,19332186
636,637,SCI,3.34%,1.25%,1.61%,-4.53%,-0.17%,-4.24%,2.24%,1.77%,1.6,963.31K,2.02,66.21,-0.05%,1946576
637,638,SE,-2.05%,-14.24%,-20.82%,-4.46%,-17.97%,19.32%,3.75%,4.11%,2.0,4.68M,1.01,62.08,-1.26%,4705731
638,639,SEDG,-1.99%,-8.70%,3.55%,-17.55%,0.94%,-2.32%,4.51%,4.02%,2.1,1.06M,1.0,276.7,-0.27%,1054118
639,640,SGEN,0.87%,2.73%,-0.99%,50.19%,34.69%,54.32%,0.93%,1.12%,2.7,1.45M,1.08,198.32,0.39%,1570596
640,641,SHEL,3.29%,-0.72%,11.86%,6.32%,9.81%,5.97%,1.60%,1.43%,1.9,4.93M,1.3,60.35,-0.54%,6410215
641,642,SHG,-1.48%,4.31%,6.80%,-6.02%,-13.68%,-2.15%,0.98%,1.07%,3.0,146.63K,0.66,27.33,-0.73%,96377
642,643,SHOP,5.46%,6.50%,44.83%,69.22%,98.48%,86.43%,4.72%,4.96%,2.6,15.97M,0.85,64.71,-2.10%,13535781
643,644,SHW,2.96%,8.90%,14.07%,-0.32%,8.25%,4.45%,1.82%,2.03%,2.4,1.39M,1.61,247.89,-0.63%,2243733
644,645,SIRI,3.41%,8.54%,8.24%,-35.62%,-34.44%,-32.53%,3.45%,3.56%,3.1,15.70M,3.69,3.94,2.87%,57935776
645,646,SJM,-0.31%,-1.04%,0.80%,-0.69%,22.31%,-3.38%,1.55%,2.12%,3.1,911.74K,1.17,153.1,0.14%,1064623
646,647,SLB,0.53%,7.37%,6.94%,-5.25%,15.08%,-10.62%,2.43%,2.83%,1.8,9.99M,1.47,47.78,-0.25%,14733232
647,648,SLF,0.81%,2.95%,15.47%,9.37%,9.91%,9.67%,1.20%,1.27%,3.0,456.23K,0.91,50.91,0.10%,414746
648,649,SMCI,-11.81%,49.55%,141.64%,156.30%,388.82%,181.08%,7.52%,7.13%,2.7,2.28M,1.33,230.77,-5.39%,3029255
649,650,SMFG,-0.12%,-2.82%,7.83%,20.94%,38.36%,2.99%,1.25%,1.18%,1.0,2.72M,0.76,8.26,-1.31%,2066410
650,651,SNA,2.35%,6.34%,18.18%,17.54%,34.36%,19.86%,1.51%,1.80%,2.9,309.26K,1.56,273.87,-0.15%,481886
651,652,SNAP,5.85%,13.98%,-0.19%,11.95%,-19.09%,19.33%,3.91%,3.89%,2.9,26.72M,1.08,10.68,0.19%,28822677
652,653,SNN,6.91%,-1.05%,13.56%,15.27%,13.28%,19.60%,1.21%,1.21%,2.0,981.47K,2.07,32.16,0.50%,2029472
653,654,SNOW,7.93%,5.84%,35.81%,23.45%,50.30%,28.31%,5.15%,5.47%,2.3,5.95M,1.11,184.18,-3.56%,6579936
654,655,SNPS,0.55%,17.00%,18.43%,32.88%,45.49%,38.18%,2.18%,2.85%,1.7,916.34K,2.06,441.19,-1.16%,1889110
655,656,SNY,1.56%,-3.07%,9.01%,8.53%,6.23%,7.45%,1.10%,1.09%,1.6,1.65M,0.69,52.04,0.48%,1142213
656,657,SO,0.70%,1.16%,5.68%,0.91%,7.80%,0.49%,1.49%,1.50%,2.5,4.33M,2.16,71.76,1.41%,9344807
657,658,SONY,-0.88%,2.36%,12.77%,20.12%,15.69%,27.91%,1.16%,1.15%,1.2,816.95K,0.95,97.57,-2.11%,777968
658,659,SPG,1.89%,6.11%,8.13%,-5.78%,15.68%,-3.99%,2.09%,2.11%,2.3,1.50M,2.03,112.79,1.69%,3045164
659,660,SPGI,2.92%,9.49%,18.15%,11.69%,22.99%,17.99%,1.60%,1.87%,1.7,1.17M,1.6,395.21,-1.19%,1881802
660,661,SPLK,9.23%,15.46%,21.17%,17.93%,18.93%,25.47%,4.12%,4.23%,2.2,1.45M,1.99,108.02,-2.23%,2884860
661,662,SPOT,6.32%,9.58%,25.89%,101.70%,51.87%,102.65%,2.78%,3.09%,2.3,1.50M,2.35,159.99,5.13%,3530028
662,663,SQ,2.42%,15.15%,-10.10%,-6.65%,5.72%,5.84%,3.75%,4.10%,2.2,14.60M,0.84,66.51,0.48%,12225184
663,664,SQM,2.24%,-0.67%,-3.58%,-19.80%,-23.19%,-9.62%,2.99%,3.26%,2.5,2.02M,0.81,72.16,0.22%,1638035
664,665,SRE,0.34%,0.95%,1.97%,-9.50%,2.39%,-4.10%,1.30%,1.57%,2.2,1.30M,1.74,148.2,-0.26%,2258696
665,666,SRPT,2.17%,-12.32%,-12.85%,6.15%,102.14%,0.66%,1.90%,2.85%,1.8,1.57M,0.99,130.44,-0.89%,1550736
666,667,SSNC,6.41%,8.27%,11.60%,14.12%,4.39%,15.48%,1.85%,1.82%,2.1,1.15M,1.75,60.12,-0.13%,2023954
667,668,STE,3.20%,3.78%,20.98%,10.27%,5.60%,15.66%,1.95%,1.80%,2.1,430.98K,2.45,213.61,0.04%,1057938
668,669,STLA,6.77%,7.50%,3.28%,17.88%,28.25%,22.11%,1.19%,1.42%,2.0,4.63M,0.99,17.34,1.05%,4579144
669,670,STLD,3.34%,6.08%,-1.33%,-5.64%,42.30%,4.94%,3.95%,3.21%,3.0,1.76M,4.19,102.53,-3.24%,7401493
670,671,STM,5.84%,14.81%,4.08%,28.18%,42.18%,40.54%,1.87%,2.17%,2.4,3.55M,1.41,49.99,0.28%,5019370
671,672,STT,-0.19%,7.76%,2.79%,-7.66%,15.37%,-4.90%,3.05%,2.52%,2.4,2.81M,2.52,73.77,-1.18%,7079859
672,673,STX,5.60%,5.17%,5.32%,17.44%,-15.66%,22.22%,3.08%,3.02%,2.6,2.43M,1.66,64.3,-2.78%,4022708
673,674,STZ,1.83%,6.64%,16.66%,2.71%,6.70%,6.16%,1.40%,1.50%,2.0,1.15M,1.31,246.03,-1.27%,1503044
674,675,SU,-0.56%,5.27%,4.76%,-3.12%,-22.32%,-5.01%,2.03%,2.30%,2.1,4.78M,0.88,30.14,-0.33%,4200323
675,676,SUI,3.40%,3.25%,0.54%,-7.16%,-12.03%,-5.69%,2.37%,2.26%,1.9,622.37K,1.78,134.87,0.72%,1109954
676,677,SUZ,7.98%,13.24%,21.33%,1.21%,-0.10%,8.33%,3.27%,2.40%,2.5,1.48M,3.77,10.01,0.10%,5564275
677,678,SWAV,1.34%,6.36%,46.06%,33.47%,74.34%,43.17%,4.67%,3.83%,2.2,562.36K,0.99,294.37,-0.60%,557938
678,679,SWK,7.45%,11.17%,17.00%,11.84%,-14.70%,21.01%,3.25%,3.56%,2.9,1.67M,1.6,90.9,-0.63%,2677182
679,680,SWKS,4.57%,10.26%,-4.22%,12.57%,15.47%,19.89%,2.17%,2.67%,2.5,1.84M,1.98,109.26,-0.28%,3652068
680,681,SYF,-2.34%,14.39%,15.48%,-4.22%,7.98%,0.12%,2.55%,2.69%,2.5,6.05M,1.4,32.9,-1.61%,8459772
681,682,SYK,4.89%,3.65%,7.25%,15.97%,45.35%,20.39%,2.06%,2.02%,2.2,1.27M,1.92,294.35,-0.44%,2429656
682,683,SYM,18.87%,82.02%,173.61%,327.55%,220.33%,328.98%,12.29%,10.16%,1.8,759.93K,2.54,51.22,5.30%,1929486
683,684,SYY,1.17%,0.12%,0.62%,-10.65%,-9.15%,-4.00%,1.46%,1.63%,2.4,2.47M,1.78,73.39,-0.01%,4396581
684,685,T,0.69%,-3.60%,-11.42%,-15.03%,-17.39%,-12.76%,1.45%,1.99%,2.5,37.96M,1.69,16.06,0.19%,64091844
685,686,TAK,-0.74%,-1.17%,-1.83%,4.41%,21.07%,3.14%,0.82%,0.83%,2.0,2.18M,1.49,16.09,-0.37%,3243622
686,687,TAP,-0.27%,6.68%,32.80%,25.32%,27.90%,28.65%,1.40%,1.70%,2.8,2.24M,1.13,66.28,-0.48%,2521434
687,688,TCOM,-4.71%,6.67%,-1.77%,4.62%,64.23%,4.65%,2.86%,3.09%,1.8,5.05M,0.81,36.0,0.39%,4066634
688,689,TD,3.19%,-0.03%,7.83%,-5.28%,-11.54%,-5.56%,1.37%,1.59%,2.1,2.54M,0.78,61.16,0.30%,1978473
689,690,TDG,1.98%,-0.49%,18.09%,29.92%,53.18%,29.58%,1.78%,1.77%,2.1,259.09K,1.55,815.89,-1.06%,402828
690,691,TDY,3.68%,-1.58%,-0.45%,-3.48%,9.06%,1.63%,2.16%,1.84%,2.1,249.04K,1.49,406.43,-0.63%,371773
691,692,TEAM,3.38%,23.44%,12.35%,18.65%,-1.04%,38.17%,3.44%,4.80%,2.0,2.05M,1.31,177.8,-2.41%,2681970
692,693,TECH,0.08%,-4.33%,8.55%,-9.58%,-5.05%,-5.30%,2.82%,2.43%,1.8,1.04M,2.64,78.49,2.45%,2738282
693,694,TECK,-1.29%,-2.49%,22.69%,12.44%,5.34%,12.08%,2.93%,3.24%,1.9,5.24M,1.11,41.96,-3.05%,5793344
694,695,TEF,-7.21%,-9.18%,-1.78%,11.56%,-17.87%,8.12%,1.92%,1.32%,1.0,901.41K,9.16,3.86,-3.26%,8259581
695,696,TEL,5.98%,11.16%,10.08%,9.18%,12.48%,18.16%,1.70%,1.70%,2.4,1.45M,2.28,135.65,1.66%,3289220
696,697,TER,5.75%,17.00%,5.67%,17.96%,20.14%,27.14%,2.26%,2.93%,2.5,1.62M,2.08,111.06,0.88%,3380416
697,698,TFC,-2.24%,10.30%,4.38%,-24.44%,-31.52%,-25.87%,4.69%,4.02%,2.5,15.80M,1.38,31.9,-0.99%,21743230
698,699,TFII,1.19%,-3.06%,-8.51%,-1.95%,38.38%,6.00%,2.25%,2.40%,2.0,232.90K,2.14,106.25,0.09%,497704
699,700,TFX,6.47%,2.82%,7.02%,-0.35%,-1.87%,1.11%,2.83%,2.24%,2.5,294.87K,1.5,252.4,1.45%,443037
700,701,TGT,5.37%,-16.87%,-16.03%,-12.26%,-9.24%,-10.22%,3.00%,2.88%,2.3,4.83M,2.04,133.81,-2.92%,9828359
701,702,TJX,2.39%,2.93%,9.10%,2.48%,41.00%,2.09%,1.64%,1.62%,1.9,4.72M,1.78,81.26,-0.27%,8389040
702,703,TLK,-5.38%,-0.85%,1.17%,12.80%,-3.19%,11.99%,1.07%,1.09%,1.0,193.17K,0.99,26.71,-1.37%,191206
703,704,TM,10.57%,15.72%,23.13%,13.62%,4.85%,20.33%,1.52%,1.12%,2.3,283.38K,1.48,164.35,-2.28%,420417
704,705,TME,3.21%,-3.37%,2.29%,1.01%,76.87%,-3.02%,4.24%,4.78%,2.0,6.79M,1.84,8.03,-3.60%,12469524
705,706,TMO,3.69%,3.00%,-1.83%,-5.28%,4.38%,-2.43%,1.84%,1.97%,2.0,1.46M,2.34,537.3,0.41%,3423931
706,707,TMUS,-0.33%,-7.52%,-8.09%,-8.03%,3.49%,-6.48%,1.69%,2.13%,1.8,6.54M,1.99,130.93,-1.38%,13010625
707,708,TOST,-0.69%,6.27%,26.88%,9.81%,58.12%,20.41%,4.95%,4.40%,2.5,6.23M,1.7,21.71,-5.73%,10594518
708,709,TPL,-2.47%,0.92%,-16.82%,-47.59%,-16.34%,-42.04%,3.11%,3.12%,2.5,40.17K,1.54,1358.6,-0.26%,61981
709,710,TPR,1.59%,-0.18%,6.04%,13.95%,32.63%,13.89%,1.92%,2.67%,2.0,3.24M,1.12,43.37,-0.16%,3637112
710,711,TRGP,1.38%,3.37%,6.40%,-2.02%,7.58%,-2.33%,2.04%,2.22%,1.6,1.65M,1.67,71.79,-0.17%,2758195
711,712,TRI,5.72%,5.08%,4.39%,11.56%,32.33%,13.78%,1.70%,1.66%,2.6,402.05K,1.19,129.79,1.10%,477517
712,713,TRMB,5.11%,9.43%,8.04%,-3.46%,-11.91%,4.17%,2.24%,2.48%,2.4,1.18M,1.64,52.67,-0.47%,1927766
713,714,TROW,-0.25%,8.29%,5.56%,-3.71%,3.73%,4.69%,2.96%,2.41%,3.5,1.44M,1.98,114.18,-0.44%,2841191
714,715,TRP,-2.03%,0.35%,9.17%,-4.11%,-24.09%,1.83%,1.83%,1.70%,3.0,1.70M,2.07,40.59,-1.53%,3513223
715,716,TRU,2.96%,8.57%,28.57%,20.98%,-5.13%,32.99%,2.02%,2.27%,1.9,1.68M,1.3,75.47,-0.80%,2190130
716,717,TRV,0.65%,-2.71%,7.10%,-5.30%,6.77%,-5.73%,1.59%,1.61%,2.7,1.34M,1.73,176.75,0.44%,2317854
717,718,TS,2.32%,5.17%,0.18%,-15.22%,-2.55%,-19.65%,1.65%,2.00%,1.9,2.42M,1.17,28.25,-0.88%,2825215
718,719,TSCO,0.79%,-2.66%,-5.81%,1.68%,11.62%,-2.68%,1.95%,2.30%,2.1,1.17M,1.33,218.93,-0.80%,1558121
719,720,TSLA,6.60%,49.86%,44.64%,66.16%,11.82%,111.51%,3.51%,4.03%,2.5,133.83M,1.25,260.54,1.81%,167208920
720,721,TSM,1.72%,15.06%,16.88%,30.68%,17.32%,40.38%,2.37%,2.62%,1.7,12.00M,0.95,104.57,-0.58%,11421795
721,722,TSN,0.04%,0.54%,-13.92%,-21.69%,-40.09%,-19.05%,1.57%,1.93%,2.7,3.71M,1.11,50.39,0.36%,4114947
722,723,TT,6.15%,6.90%,5.37%,5.96%,46.35%,11.29%,1.64%,1.89%,2.7,1.64M,1.28,187.06,0.98%,2099893
723,724,TTC,0.71%,-6.69%,-8.10%,-14.40%,22.37%,-13.93%,1.94%,2.61%,2.7,495.01K,2.66,97.43,-0.27%,1315737
724,725,TTD,2.48%,15.52%,30.63%,50.04%,58.77%,70.49%,2.38%,3.23%,2.1,3.63M,0.8,76.43,-1.09%,2921283
725,726,TTE,-1.76%,-3.36%,2.26%,-4.33%,5.53%,-6.51%,1.54%,1.41%,2.0,1.50M,1.01,58.04,-1.17%,1517747
726,727,TTWO,3.44%,10.89%,19.23%,32.28%,9.89%,33.14%,1.45%,2.09%,2.0,1.69M,1.41,138.64,1.05%,2375485
727,728,TU,2.79%,-3.66%,-0.41%,-4.55%,-14.32%,0.98%,1.17%,1.25%,1.9,1.39M,1.63,19.5,1.30%,2264683
728,729,TW,-0.03%,-0.62%,-6.78%,10.25%,6.15%,9.03%,3.00%,2.65%,2.2,918.57K,1.46,70.79,-0.59%,1337179
729,730,TWLO,5.89%,40.88%,7.62%,32.57%,-20.56%,38.17%,4.13%,5.46%,2.5,4.71M,0.7,67.65,-0.62%,3283058
730,731,TXN,3.62%,6.91%,0.60%,0.53%,13.37%,6.98%,2.00%,2.03%,2.7,4.98M,2.04,176.76,-0.75%,10168802
731,732,TXT,2.07%,3.46%,0.68%,-7.47%,8.64%,-5.88%,1.84%,1.83%,2.2,1.34M,2.22,66.64,0.32%,2970835
732,733,TYL,1.32%,-0.34%,20.57%,17.69%,23.73%,22.14%,2.02%,1.98%,2.0,243.29K,3.19,393.8,-0.20%,776887
733,734,U,17.25%,41.49%,50.28%,30.83%,17.67%,48.86%,7.17%,7.07%,2.5,10.33M,3.18,42.56,2.14%,32789081
734,735,UAL,6.11%,12.04%,24.30%,33.42%,41.20%,41.91%,2.34%,2.58%,2.3,7.17M,0.95,53.5,-0.15%,6804471
735,736,UBER,6.17%,15.01%,36.94%,58.43%,97.55%,75.98%,3.20%,3.03%,1.8,23.20M,1.2,43.52,0.37%,27938167
736,737,UBS,1.09%,4.45%,13.60%,12.24%,27.31%,10.74%,1.11%,1.27%,1.5,5.09M,0.5,20.41,-0.05%,2524973
737,738,UDR,2.04%,7.10%,11.59%,7.00%,1.12%,12.11%,1.35%,1.86%,2.4,2.26M,1.67,43.42,0.91%,3777969
738,739,UHS,8.97%,10.58%,24.60%,13.60%,40.95%,5.49%,3.58%,2.67%,2.6,634.37K,2.34,148.62,0.55%,1485098
739,740,UI,10.63%,8.66%,-28.83%,-34.85%,-28.26%,-31.89%,3.23%,2.95%,3.0,68.71K,2.2,186.3,-0.40%,150837
740,741,UL,4.19%,-3.62%,5.66%,1.11%,17.86%,3.14%,0.70%,0.77%,2.7,2.10M,1.39,51.93,1.07%,2911364
741,742,ULTA,5.73%,-11.12%,-11.56%,-3.23%,10.43%,-4.51%,2.51%,2.63%,2.2,923.32K,2.02,447.91,-0.72%,1864711
742,743,UMC,3.43%,8.56%,1.74%,21.19%,11.13%,34.00%,1.74%,2.09%,2.6,6.60M,1.51,8.75,-1.91%,9943340
743,744,UNH,-7.12%,-5.43%,-2.35%,-14.84%,-1.26%,-13.52%,2.09%,1.96%,1.8,3.27M,2.34,458.49,-1.59%,7653910
744,745,UNP,2.50%,2.93%,7.72%,-5.93%,-2.46%,-1.16%,2.11%,1.95%,2.2,2.85M,1.45,204.67,-0.61%,4136995
745,746,UPS,4.75%,4.21%,-4.40%,-3.11%,1.54%,2.73%,1.81%,1.68%,2.3,3.46M,2.45,178.58,-0.23%,8463807
746,747,URI,3.62%,18.48%,8.92%,9.49%,51.56%,13.41%,3.60%,3.44%,2.4,1.04M,1.09,403.09,-1.68%,1132909
747,748,USB,1.80%,9.85%,1.52%,-22.73%,-27.85%,-23.30%,4.40%,3.46%,2.4,19.36M,1.56,33.45,0.48%,30107769
748,749,UTHR,0.77%,6.51%,4.79%,-16.79%,4.62%,-17.20%,1.97%,2.10%,2.0,440.33K,1.5,230.26,0.29%,658765
749,750,V,2.39%,-1.61%,5.30%,7.31%,16.70%,10.18%,1.77%,1.70%,1.9,6.76M,1.97,228.91,1.21%,13291117
750,751,VALE,2.85%,1.98%,-8.55%,-12.00%,-8.97%,-14.91%,1.80%,1.76%,2.4,23.51M,0.88,14.44,-0.21%,20756653
751,752,VEEV,6.63%,20.41%,15.88%,13.49%,9.22%,23.96%,2.56%,2.78%,2.1,1.02M,1.48,200.05,-0.63%,1509124
752,753,VICI,0.12%,2.67%,3.75%,-5.41%,10.49%,-0.19%,1.57%,1.48%,1.7,5.04M,1.49,32.34,-0.61%,7535957
753,754,VIPS,1.77%,9.75%,18.76%,34.16%,64.57%,30.43%,4.19%,4.45%,1.9,5.58M,1.15,17.79,-2.95%,6414563
754,755,VIV,0.11%,8.33%,22.96%,30.70%,0.02%,28.68%,2.47%,2.17%,2.3,1.81M,2.4,8.99,-2.07%,4340727
755,756,VLO,0.72%,1.88%,-9.62%,-4.61%,-10.98%,-9.97%,2.72%,2.83%,2.0,4.70M,2.11,114.21,0.16%,9936576
756,757,VMC,0.32%,5.50%,28.75%,12.30%,36.88%,18.39%,1.26%,1.54%,2.0,788.35K,1.6,207.31,-0.78%,1258642
757,758,VMW,4.42%,13.04%,19.52%,13.50%,16.95%,15.15%,2.35%,2.34%,2.8,1.44M,2.08,141.36,-0.72%,3006736
758,759,VOD,1.07%,-7.52%,-13.52%,-11.16%,-38.75%,-6.42%,1.70%,1.61%,1.7,5.50M,0.75,9.47,-0.11%,4151841
759,760,VRSK,2.35%,2.46%,24.68%,22.71%,40.16%,27.26%,1.75%,1.61%,2.2,1.02M,4.18,224.52,-0.02%,4246538
760,761,VRSN,1.23%,-0.12%,15.69%,11.37%,36.50%,8.88%,1.71%,1.55%,2.00,488.02K,2.15,223.69,-0.45%,1050686
761,762,VRTX,4.12%,1.96%,17.62%,11.47%,37.23%,20.47%,1.93%,2.15%,2.10,1.20M,2.17,347.89,-0.34%,2613300
762,763,VTR,0.79%,0.52%,4.16%,-0.84%,-8.28%,2.29%,1.91%,2.32%,2.10,2.43M,1.22,46.08,-0.11%,2974702
763,764,VTRS,9.70%,10.65%,9.12%,-9.10%,-3.83%,-7.55%,2.77%,2.37%,2.50,9.48M,2.49,10.29,3.52%,23640566
764,765,VZ,2.79%,0.77%,-0.90%,-2.64%,-25.82%,-7.46%,1.38%,1.66%,2.80,19.91M,1.81,36.46,0.05%,36072184
765,766,WAB,4.63%,6.32%,11.13%,0.22%,17.77%,3.84%,1.74%,1.92%,2.50,957.28K,2.27,103.64,1.37%,2174887
766,767,WAT,7.99%,2.00%,-9.96%,-21.74%,-16.98%,-21.42%,2.78%,2.33%,2.80,512.33K,3.22,269.2,0.41%,1648333
767,768,WBA,3.98%,1.97%,-0.73%,-19.59%,-19.79%,-12.55%,2.31%,2.35%,2.90,7.13M,2.25,32.67,2.03%,16013422
768,769,WBD,-7.51%,2.32%,-10.74%,16.58%,-13.80%,35.02%,4.65%,4.73%,2.20,19.97M,2.31,12.8,-2.51%,46108592
769,770,WCN,1.26%,-2.18%,2.37%,-2.09%,16.37%,3.76%,1.49%,1.49%,2.00,849.69K,1.1,137.54,0.08%,934625
770,771,WDAY,8.82%,18.16%,17.82%,24.04%,55.73%,32.91%,2.55%,2.94%,2.10,2.07M,1.6,222.4,-0.85%,3312226
771,772,WDC,1.73%,9.44%,15.36%,12.95%,-18.98%,28.27%,2.40%,2.95%,2.40,3.90M,1.42,40.47,-1.48%,5538206
772,773,WDS,5.91%,8.09%,19.12%,2.15%,11.85%,2.15%,2.00%,1.67%,-,488.37K,2.21,24.73,2.91%,1078992
773,774,WEC,1.67%,2.42%,-2.99%,-6.44%,-0.49%,-2.49%,1.54%,1.79%,2.40,1.43M,1.38,91.43,-0.16%,1965530
774,775,WELL,-0.85%,3.74%,16.96%,19.39%,2.50%,22.67%,1.92%,2.03%,1.90,2.32M,5.02,80.41,0.32%,11636337
775,776,WES,3.04%,5.27%,8.69%,3.69%,11.69%,2.46%,2.50%,2.67%,1.90,860.00K,3.26,27.15,0.11%,2806118
776,777,WFC,0.12%,4.25%,11.71%,0.00%,10.51%,2.16%,2.72%,2.41%,2.00,24.01M,1.52,42.18,-0.42%,36399112
777,778,WIT,-1.89%,0.43%,2.19%,-2.91%,-16.90%,0.21%,1.48%,1.33%,4.20,1.90M,1.71,4.67,-0.64%,3247138
778,779,WLK,2.96%,-1.07%,9.73%,4.11%,6.91%,11.86%,2.76%,2.87%,2.90,490.33K,1.38,114.7,-0.85%,676610
779,780,WM,1.44%,-1.01%,7.76%,-0.91%,13.49%,5.20%,1.14%,1.26%,2.30,1.62M,1.49,165.03,0.51%,2417208
780,781,WMB,0.46%,5.46%,7.88%,-9.46%,-3.84%,-7.20%,1.69%,1.95%,2.3,6.84M,2.07,30.53,-0.13%,14128112
781,782,WMG,9.34%,3.74%,-10.10%,-20.47%,3.70%,-22.44%,3.55%,3.04%,2.4,1.70M,1.19,27.16,1.12%,2024042
782,783,WMT,1.59%,4.01%,11.57%,6.04%,30.28%,9.69%,1.09%,1.35%,1.9,6.31M,1.83,155.53,-1.39%,11531691
783,784,WPC,-0.73%,0.87%,-9.41%,-12.57%,-14.79%,-9.99%,1.35%,1.53%,2.6,1.04M,1.66,70.34,0.13%,1728071
784,785,WPM,0.02%,-8.89%,-0.95%,13.14%,15.47%,14.82%,2.38%,2.45%,1.9,2.08M,1.64,44.87,0.43%,3414523
785,786,WPP,3.61%,0.84%,0.59%,9.89%,11.84%,14.54%,1.20%,1.30%,4.0,90.40K,3.82,56.31,0.88%,345666
786,787,WRB,3.65%,3.22%,-2.82%,-18.22%,-10.24%,-17.75%,1.89%,1.76%,2.0,1.80M,2.11,59.28,1.51%,3783795
787,788,WSO,4.19%,9.50%,23.93%,37.69%,49.61%,46.98%,2.03%,2.43%,2.7,366.93K,1.26,366.58,-0.17%,461141
788,789,WST,3.95%,4.02%,9.80%,48.63%,24.89%,53.83%,2.58%,2.01%,2.3,420.83K,2.68,362.04,0.62%,1129299
789,790,WTRG,-0.43%,0.90%,-2.66%,-15.00%,-2.20%,-13.20%,1.74%,1.99%,2.0,1.11M,1.92,41.43,-0.50%,2128171
790,791,WTW,4.12%,3.60%,5.22%,-4.33%,20.63%,-3.92%,1.50%,1.62%,2.5,492.56K,3.49,235.0,1.00%,1719948
791,792,WY,4.52%,5.16%,6.13%,-2.55%,-7.74%,2.70%,2.01%,1.93%,2.3,3.99M,3.83,31.0,0.78%,15280621
792,793,WYNN,1.49%,-4.76%,-3.09%,20.17%,74.81%,25.78%,2.05%,2.74%,2.4,2.45M,0.93,103.73,-0.80%,2265369
793,794,XEL,0.74%,-3.21%,-4.43%,-10.29%,-2.93%,-8.83%,1.77%,2.00%,2.5,3.09M,2.06,63.92,-0.62%,6368672
794,795,XM,0.00%,0.56%,2.38%,68.56%,47.15%,74.08%,0.15%,0.21%,2.9,3.70M,1.21,18.07,0.11%,4475947
795,796,XOM,-2.10%,0.30%,5.30%,-1.25%,10.79%,-4.69%,2.03%,2.00%,2.4,15.99M,2.7,105.13,-0.72%,43103014
796,797,XP,7.69%,32.28%,85.65%,50.54%,13.31%,44.26%,4.18%,4.14%,2.5,6.18M,0.79,22.13,1.24%,4860742
797,798,XPEV,28.30%,18.79%,28.73%,11.68%,-57.85%,14.49%,6.08%,5.36%,2.7,13.53M,1.29,11.38,-1.81%,17459063
798,799,XYL,3.40%,9.13%,19.75%,-1.14%,48.38%,2.60%,2.01%,2.15%,2.3,2.25M,1.55,113.44,0.09%,3473229
799,800,YPF,15.94%,31.56%,60.77%,96.89%,288.00%,58.32%,5.31%,4.29%,3.3,1.84M,2.55,14.55,8.18%,4696623
800,801,YUM,3.85%,0.99%,9.25%,5.61%,23.84%,8.20%,1.40%,1.68%,2.3,1.61M,2.32,138.58,-0.45%,3747820
801,802,YUMC,-0.54%,-2.94%,-2.17%,4.12%,43.55%,8.69%,1.61%,2.13%,2.0,1.63M,1.53,59.4,0.44%,2503321
802,803,Z,4.13%,2.19%,14.98%,23.00%,48.05%,44.92%,3.61%,3.39%,2.4,2.38M,4.33,46.68,-3.07%,10275926
803,804,ZBH,5.95%,7.27%,15.92%,12.37%,34.71%,13.02%,1.93%,1.84%,2.7,1.38M,2.04,144.1,1.07%,2812522
804,805,ZBRA,2.82%,3.95%,-2.19%,7.99%,-8.42%,10.14%,2.39%,2.68%,2.2,322.57K,1.97,282.4,-0.76%,636690
805,806,ZG,3.67%,2.12%,14.95%,23.21%,45.22%,46.62%,3.63%,3.31%,2.4,396.30K,1.09,45.76,-2.95%,432473
806,807,ZI,2.56%,19.25%,12.88%,-14.48%,-21.09%,-10.93%,4.85%,4.28%,2.0,4.55M,12.82,26.82,-5.56%,58345498
807,808,ZM,4.35%,3.26%,1.26%,-4.32%,-37.96%,3.42%,3.39%,4.22%,2.8,4.19M,1.13,70.06,0.17%,4728349
808,809,ZS,2.10%,29.67%,45.99%,25.07%,3.89%,37.63%,3.90%,4.52%,2.0,3.05M,1.05,154.01,-2.73%,3207002
809,810,ZTO,1.33%,-3.58%,-2.22%,4.30%,14.05%,3.53%,2.51%,2.73%,1.5,2.76M,2.13,27.46,-1.79%,5890676
810,811,ZTS,4.69%,-4.58%,3.81%,12.49%,8.02%,16.51%,1.97%,2.36%,1.9,1.94M,1.69,170.74,-0.40%,3285481
