,No.,Ticker,Beta,ATR,SMA20,SMA50,SMA200,52W High,52W Low,RSI,Price,Change,from Open,Gap,Volume
0,1,A,1.04,2.91,0.69%,-5.93%,-12.65%,-24.42%,7.65%,46.91,121.13,-0.08%,-0.89%,0.82%,3939930
1,2,AAL,1.54,0.43,9.44%,15.74%,14.99%,-6.58%,41.44%,72.4,16.48,-1.02%,-0.96%,-0.06%,22625167
2,3,AAPL,1.28,2.8,3.68%,7.54%,20.82%,-0.86%,48.92%,69.89,184.92,-0.59%,-1.11%,0.53%,95747006
3,4,ABBV,0.54,2.68,0.07%,-6.54%,-7.88%,-17.53%,5.75%,44.51,138.64,2.02%,1.42%,0.60%,14593437
4,5,ABC,0.54,3.02,5.12%,7.34%,14.74%,0.44%,35.42%,73.86,183.01,0.62%,0.28%,0.34%,2000327
5,6,ABEV,1.11,0.07,4.66%,6.41%,9.65%,-4.63%,28.75%,63.46,3.09,-1.28%,-0.32%,-0.96%,20356797
6,7,ABNB,-,4.49,12.63%,12.00%,16.69%,-11.03%,57.10%,68.83,128.68,0.65%,-0.01%,0.66%,6883826
7,8,ABT,0.66,1.65,2.45%,-0.35%,1.30%,-8.20%,13.89%,56.63,106.2,1.12%,0.72%,0.40%,10012623
8,9,ACGL,0.72,1.39,-0.62%,-1.87%,14.76%,-9.12%,73.35%,47.2,71.16,1.44%,0.62%,0.81%,3296161
9,10,ACGLN,-,0.34,-1.75%,-0.15%,3.22%,-10.16%,15.33%,45.76,19.63,-0.10%,-0.05%,-0.05%,28769
10,11,ACI,-,0.26,4.17%,3.51%,3.81%,-5.67%,16.92%,69.7,21.37,0.61%,0.56%,0.05%,13976210
11,12,ACM,1.30,1.56,7.14%,6.63%,7.21%,-5.96%,42.69%,71.93,86.67,0.42%,-0.18%,0.60%,2080228
12,13,ACN,1.23,6.55,5.21%,11.17%,14.94%,-1.70%,31.61%,68.82,319.54,-1.31%,-1.96%,0.66%,5259178
13,14,ADBE,1.32,16.3,17.23%,27.85%,41.66%,-0.00%,80.24%,82.05,495.18,0.87%,-4.50%,5.62%,13324076
14,15,ADI,1.14,4.79,2.97%,2.33%,10.97%,-4.99%,41.11%,56.46,188.36,-0.69%,-1.78%,1.12%,6886920
15,16,ADM,0.81,1.65,3.73%,-0.51%,-10.16%,-23.20%,7.95%,56.63,75.48,1.23%,0.77%,0.46%,5522403
16,17,ADP,0.81,3.56,2.85%,2.87%,-3.91%,-19.50%,12.57%,59.86,221.32,0.16%,-0.44%,0.60%,3335514
17,18,ADSK,1.54,6.43,4.75%,7.61%,5.97%,-9.15%,30.82%,59.67,213.5,-3.58%,-4.53%,1.00%,3287110
18,19,AEE,0.45,1.48,2.07%,-2.60%,-2.13%,-13.79%,14.74%,51.8,84.08,0.13%,-0.07%,0.20%,2812984
19,20,AEG,1.16,0.1,2.55%,5.68%,1.63%,-15.74%,27.56%,57.01,4.79,-2.44%,-1.24%,-1.22%,1361677
20,21,AEM,0.79,1.32,-1.26%,-7.35%,2.30%,-16.60%,39.02%,41.26,51.0,1.15%,0.47%,0.67%,3136496
21,22,AEP,0.46,1.48,1.01%,-4.66%,-7.32%,-19.57%,5.77%,46.81,84.93,0.06%,0.06%,0.00%,5314597
22,23,AER,1.98,1.42,3.77%,7.39%,9.63%,-8.45%,64.52%,62.8,61.2,-0.67%,-1.40%,0.75%,1192506
23,24,AES,0.95,0.57,4.58%,-3.87%,-14.93%,-28.60%,14.12%,54.17,21.34,-0.70%,-0.97%,0.28%,12276062
24,25,AESC,-,1.48,3.70%,-2.61%,-10.95%,-20.50%,7.63%,54.8,83.04,-0.29%,-0.94%,0.65%,49825
25,26,AFL,0.94,1.2,3.79%,3.99%,4.45%,-6.19%,33.34%,62.21,69.43,-0.47%,-0.64%,0.17%,5584958
26,27,AGR,0.44,0.71,1.39%,-2.15%,-6.82%,-25.24%,5.03%,50.43,38.66,-0.18%,-0.59%,0.41%,893338
27,28,AIG,1.14,1.43,3.95%,7.54%,1.86%,-11.68%,25.49%,61.44,57.3,1.20%,0.77%,0.42%,10315800
28,29,AJG,0.71,3.38,3.16%,2.95%,11.23%,-2.49%,44.21%,63.84,213.78,0.07%,-1.03%,1.11%,1553878
29,30,AKAM,0.79,1.45,0.56%,7.33%,8.17%,-7.40%,29.51%,61.1,91.5,-0.62%,-0.94%,0.33%,3710643
30,31,ALB,1.57,7.61,7.61%,14.04%,-6.73%,-31.80%,32.80%,64.06,228.17,-1.19%,-1.38%,0.19%,2347804
31,32,ALC,-,1.24,2.57%,7.26%,17.43%,-0.99%,47.20%,64.21,81.27,0.47%,-0.20%,0.67%,929124
32,33,ALGN,1.61,10.27,10.22%,5.05%,25.26%,-10.46%,91.97%,65.61,330.29,-0.87%,-1.66%,0.80%,1257852
33,34,ALL,0.58,2.3,-1.04%,-2.79%,-10.74%,-21.79%,7.72%,44.7,111.17,0.57%,0.05%,0.52%,3777524
34,35,ALLE,1.12,2.54,7.30%,10.07%,11.37%,-4.07%,35.61%,68.73,118.43,-0.43%,-1.21%,0.79%,2881474
35,36,ALNY,0.49,5.12,5.32%,1.48%,-3.10%,-17.04%,56.50%,59.75,201.57,-0.38%,-1.05%,0.67%,847459
36,37,AMAT,1.57,3.57,3.93%,13.70%,28.82%,-2.53%,95.35%,65.81,138.93,-0.84%,-1.39%,0.56%,8842976
37,38,AMCR,0.86,0.19,3.36%,-1.13%,-8.30%,-22.59%,8.60%,57.6,10.35,0.68%,0.49%,0.19%,19427395
38,39,AMD,1.89,5.6,1.01%,17.03%,47.58%,-9.60%,120.05%,55.5,120.08,-3.35%,-4.58%,1.30%,81648013
39,40,AME,1.22,2.41,4.55%,8.35%,13.89%,-0.64%,46.85%,68.56,155.91,-0.50%,-1.70%,1.22%,1748880
40,41,AMGN,0.64,4.4,3.98%,-1.35%,-7.42%,-22.59%,8.48%,58.1,229.66,0.53%,-0.17%,0.70%,6760699
41,42,AMH,0.68,0.63,2.98%,4.77%,8.37%,-9.08%,22.98%,62.33,35.4,0.28%,-0.25%,0.54%,4753384
42,43,AMP,1.46,7.07,5.01%,6.85%,5.62%,-9.08%,47.73%,64.97,325.0,-0.18%,-1.52%,1.35%,936930
43,44,AMT,0.58,4.52,2.36%,-1.77%,-8.00%,-31.71%,8.26%,52.65,192.89,-0.71%,0.31%,-1.02%,3281162
44,45,AMX,0.91,0.55,0.27%,1.39%,11.89%,-4.55%,43.52%,50.73,22.02,-0.90%,-1.48%,0.59%,1114980
45,46,AMZN,1.25,3.3,3.15%,12.16%,20.33%,-14.38%,54.11%,62.52,125.49,-1.27%,-1.86%,0.60%,83469181
46,47,ANET,1.24,6.63,-0.85%,2.42%,16.84%,-11.53%,77.06%,49.58,157.79,-3.47%,-4.77%,1.36%,4497419
47,48,ANSS,1.24,7.55,4.76%,6.30%,23.62%,-1.26%,72.15%,64.13,334.37,-0.72%,-1.53%,0.81%,886679
48,49,AON,0.90,5.57,4.13%,1.91%,8.32%,-2.63%,33.78%,63.61,329.38,-0.51%,-1.10%,0.60%,1463286
49,50,AOS,1.27,1.43,4.43%,4.41%,15.37%,-1.21%,52.43%,62.04,71.0,0.69%,0.14%,0.55%,1763806
50,51,APA,3.51,1.35,2.99%,-1.85%,-14.05%,-32.03%,14.03%,53.58,34.38,-0.84%,-0.84%,0.00%,9091358
51,52,APD,0.87,5.48,5.44%,3.43%,4.23%,-10.77%,33.94%,64.52,293.17,0.83%,0.64%,0.19%,1809753
52,53,APH,1.24,1.38,6.33%,7.08%,7.26%,-0.86%,33.21%,69.46,82.15,0.34%,-0.45%,0.79%,3715840
53,54,APLS,1.23,3.17,0.55%,3.45%,38.98%,-5.78%,121.51%,52.51,89.27,-0.37%,-1.78%,1.44%,2001521
54,55,APO,1.69,1.55,11.40%,17.96%,23.10%,-0.54%,68.96%,79.66,77.08,-0.40%,-0.66%,0.26%,4105090
55,56,APTV,2.03,2.53,7.08%,3.22%,1.17%,-18.77%,30.12%,62.75,101.44,0.16%,0.19%,-0.03%,3239850
56,57,ARCC,-,0.26,-1.02%,1.09%,-0.18%,-9.70%,13.17%,48.22,18.68,0.16%,-0.53%,0.70%,8978360
57,58,ARE,0.95,3.23,-1.42%,-3.79%,-17.16%,-33.13%,4.35%,42.18,115.45,-4.70%,1.49%,-6.11%,2916077
58,59,ARES,1.33,2.13,6.48%,10.80%,21.67%,-0.92%,79.21%,69.3,94.43,-0.88%,-1.04%,0.16%,1798428
59,60,ARGX,0.72,8.09,-0.10%,1.33%,5.95%,-5.67%,22.34%,52.73,399.94,0.99%,0.24%,0.75%,187463
60,61,ARMK,1.62,0.8,1.67%,9.02%,6.71%,-11.35%,41.02%,61.84,40.53,0.77%,0.32%,0.45%,3285311
61,62,ASML,1.44,16.59,0.86%,7.27%,21.89%,-3.38%,98.78%,56.89,721.88,-2.28%,-1.30%,-0.99%,1336013
62,63,ASX,1.28,0.2,9.65%,18.01%,32.25%,-1.99%,98.88%,73.11,8.85,-1.01%,-0.56%,-0.45%,6981151
63,64,ATO,0.61,1.93,0.95%,1.01%,3.55%,-4.04%,19.74%,53.8,117.0,-0.42%,-0.55%,0.14%,1510044
64,65,ATVI,0.41,1.12,2.77%,1.96%,6.15%,-5.79%,15.55%,63.31,81.97,0.64%,0.77%,-0.14%,12232423
65,66,AU,0.69,0.71,-0.18%,-6.36%,22.82%,-20.17%,102.35%,43.91,24.16,-1.63%,-1.43%,-0.20%,4446923
66,67,AVB,0.94,3.09,6.75%,8.62%,9.80%,-12.69%,25.73%,76.59,192.45,1.01%,0.48%,0.52%,1635482
67,68,AVGO,1.11,27.11,11.09%,26.02%,49.80%,-5.82%,109.15%,74.06,868.11,-1.73%,-2.44%,0.73%,6824997
68,69,AVTR,1.31,0.6,-1.45%,-1.58%,-7.19%,-39.11%,11.39%,47.49,19.95,0.25%,-0.65%,0.90%,8557076
69,70,AVY,0.96,3.89,2.80%,-0.02%,-3.56%,-16.28%,12.84%,54.82,171.09,1.19%,0.76%,0.43%,921733
70,71,AWK,0.57,2.53,2.94%,1.12%,1.70%,-8.37%,21.35%,61.36,148.98,0.60%,0.56%,0.04%,2040747
71,72,AXON,0.91,5.44,3.33%,-3.02%,12.83%,-12.00%,143.78%,53.5,202.36,0.13%,-0.62%,0.76%,3199447
72,73,AXP,1.19,3.51,5.26%,7.90%,9.83%,-5.46%,31.81%,65.37,172.21,-0.92%,-1.14%,0.22%,4613584
73,74,AZN,0.53,1.13,2.50%,1.77%,13.15%,-1.75%,42.87%,59.17,75.22,0.80%,-0.24%,1.05%,4899807
74,75,AZO,0.68,55.94,2.31%,-3.00%,2.57%,-9.32%,27.26%,52.66,2493.83,-0.14%,-1.80%,1.69%,417251
75,76,AZPN,0.93,4.32,0.86%,-10.98%,-21.20%,-36.52%,3.67%,43.1,167.33,0.31%,-0.52%,0.84%,488136
76,77,BA,1.42,5.44,4.80%,6.32%,17.95%,-1.75%,81.82%,63.3,219.99,0.26%,-0.33%,0.60%,7771621
77,78,BABA,0.68,2.79,9.11%,5.51%,3.85%,-26.81%,58.77%,63.51,92.1,-0.11%,-1.83%,1.76%,24987197
78,79,BAC,1.38,0.68,1.82%,2.17%,-9.69%,-24.38%,10.90%,55.39,29.19,-0.61%,-1.18%,0.58%,51849290
79,80,BAH,0.59,1.92,8.92%,12.08%,10.58%,-3.50%,36.02%,75.88,108.61,1.15%,1.15%,0.00%,1171995
80,81,BALL,0.79,1.82,8.94%,8.84%,8.64%,-21.41%,27.02%,66.37,58.43,7.23%,8.81%,-1.45%,11536699
81,82,BAM,-,0.73,4.92%,3.48%,4.02%,-8.88%,24.29%,59.96,33.26,-1.77%,-1.89%,0.12%,2063425
82,83,BAP,0.98,3.19,9.14%,10.08%,9.72%,-6.07%,31.88%,72.51,149.29,0.60%,0.10%,0.50%,610284
83,84,BATRA,0.88,0.97,6.58%,7.72%,22.20%,-0.77%,68.01%,67.37,41.33,-0.12%,-1.01%,0.89%,184625
84,85,BATRK,-,1.05,5.17%,6.44%,19.93%,-1.63%,69.35%,63.64,39.73,-0.95%,-1.51%,0.57%,250946
85,86,BAX,0.59,1.08,7.79%,4.58%,-5.20%,-32.72%,21.46%,66.21,45.36,2.02%,0.20%,1.82%,7916070
86,87,BBD,-,0.09,6.39%,15.91%,17.88%,-11.25%,50.61%,70.97,3.51,-0.28%,0.00%,-0.28%,21857921
87,88,BBVA,1.27,0.16,6.51%,4.85%,18.60%,-6.05%,89.57%,62.6,7.45,0.81%,0.13%,0.68%,1079221
88,89,BBY,1.53,1.95,8.32%,8.79%,4.97%,-14.50%,31.27%,68.94,79.79,1.03%,0.72%,0.30%,6434063
89,90,BCE,0.63,0.54,-0.40%,-2.52%,-0.06%,-10.59%,14.59%,44.7,45.7,0.64%,0.48%,0.15%,1814152
90,91,BCH,0.39,0.5,-0.48%,1.05%,6.63%,-7.49%,35.87%,49.14,21.25,0.24%,-0.14%,0.38%,440888
91,92,BCS,1.38,0.16,0.86%,2.01%,2.41%,-15.95%,34.75%,53.88,7.93,0.13%,-0.13%,0.25%,8804747
92,93,BDX,0.57,4.09,3.90%,2.10%,5.81%,-3.88%,19.79%,62.65,258.63,0.96%,0.49%,0.48%,1481696
93,94,BEKE,-,0.79,7.49%,3.42%,3.43%,-19.45%,86.80%,56.67,16.98,-0.59%,-1.57%,1.00%,7937395
94,95,BEN,1.30,0.61,6.51%,4.90%,2.14%,-21.52%,33.27%,64.56,26.97,-1.21%,-1.06%,-0.15%,3236943
95,96,BF-A,-,1.19,3.43%,3.37%,0.35%,-12.65%,8.85%,58.64,66.91,-0.93%,-1.63%,0.71%,351009
96,97,BF-B,0.70,1.12,3.24%,2.72%,-1.20%,-16.31%,7.39%,58.42,65.4,0.31%,-0.32%,0.63%,2667339
97,98,BG,0.65,3.04,4.11%,4.14%,1.55%,-9.87%,19.92%,59.12,96.43,2.37%,1.37%,0.99%,2803253
98,99,BGNE,0.74,8.97,-10.70%,-16.65%,-5.64%,-28.65%,60.86%,28.34,200.21,-0.41%,0.42%,-0.83%,550005
99,100,BHP,1.02,1.33,8.07%,6.46%,7.02%,-11.68%,34.63%,63.85,63.17,-1.27%,-1.24%,-0.03%,2867132
100,101,BIDU,0.72,5.27,10.98%,13.13%,16.55%,-9.80%,97.21%,63.76,145.11,-2.42%,-2.61%,0.20%,2842350
101,102,BIIB,0.18,7.7,-1.77%,-0.85%,7.64%,-6.97%,57.79%,44.61,297.48,-0.12%,-1.03%,0.92%,1914252
102,103,BILL,1.93,5.22,4.65%,20.78%,3.59%,-38.14%,62.90%,58.82,111.26,-2.80%,-2.85%,0.04%,2161262
103,104,BIO,0.89,11.41,0.58%,-8.64%,-12.97%,-34.25%,9.27%,45.35,376.56,-0.66%,-2.68%,2.07%,513109
104,105,BIP,0.88,0.73,-3.10%,-0.97%,0.10%,-18.82%,17.92%,40.45,35.41,-3.30%,-3.30%,0.00%,499307
105,106,BK,1.08,0.94,5.60%,4.69%,0.40%,-14.56%,23.27%,63.8,44.65,-0.49%,-1.04%,0.56%,12628224
106,107,BKNG,1.33,64.32,0.26%,0.10%,17.43%,-5.23%,63.34%,51.15,2640.99,-1.15%,-2.27%,1.14%,828632
107,108,BKR,1.48,0.85,5.00%,5.99%,8.09%,-7.70%,49.74%,62.75,30.57,1.09%,0.59%,0.50%,12498282
108,109,BLDR,1.95,3.7,1.37%,12.09%,54.09%,-4.36%,148.23%,57.76,121.41,-1.30%,-1.56%,0.26%,7814256
109,110,BLK,1.29,13.71,3.97%,5.43%,4.16%,-10.55%,39.68%,62.77,702.78,-1.18%,-1.77%,0.60%,1280969
110,111,BMO,1.13,1.57,4.30%,2.35%,-2.16%,-14.41%,10.59%,61.43,90.21,0.55%,0.33%,0.21%,489824
111,112,BMRN,0.41,2.03,5.29%,2.14%,-0.03%,-18.24%,34.30%,60.57,96.29,0.47%,0.32%,0.15%,1423791
112,113,BMY,0.43,1.1,1.68%,-1.82%,-7.11%,-18.76%,4.90%,52.81,66.16,2.30%,1.97%,0.32%,19344176
113,114,BN,1.43,0.74,6.72%,5.97%,-0.58%,-23.87%,18.73%,66.35,33.54,0.27%,-0.15%,0.42%,2642681
114,115,BNS,1.00,0.73,1.70%,0.96%,-0.57%,-21.32%,10.83%,55.56,50.16,-0.59%,-1.07%,0.48%,1147773
115,116,BNTX,0.21,3.56,3.37%,-0.20%,-17.57%,-40.45%,12.46%,54.11,112.55,-0.40%,-1.21%,0.82%,663599
116,117,BP,0.74,0.75,-0.14%,-5.19%,0.22%,-14.57%,39.37%,45.55,35.35,-0.08%,-0.34%,0.25%,6858310
117,118,BR,1.01,2.65,5.25%,7.41%,9.63%,-12.29%,22.42%,71.63,160.8,0.69%,0.50%,0.19%,1159028
118,119,BRK-A,0.88,8784.43,2.54%,3.60%,11.09%,-1.53%,30.78%,61.45,514000.0,-0.46%,-1.06%,0.60%,6534
119,120,BRK-B,-,4.31,2.79%,4.12%,10.86%,-0.99%,30.19%,65.62,338.31,-0.44%,-0.88%,0.44%,8461113
120,121,BRKR,1.16,2.36,2.80%,-1.57%,10.15%,-11.03%,55.89%,52.85,75.48,0.19%,-0.44%,0.62%,1553683
121,122,BRO,0.75,1.01,3.46%,4.81%,10.87%,-3.19%,25.42%,68.55,66.25,0.30%,0.24%,0.06%,1946063
122,123,BSBR,0.85,0.15,5.47%,11.53%,17.42%,-0.70%,38.47%,66.31,6.39,-0.16%,1.43%,-1.56%,989826
123,124,BSX,0.80,0.99,4.78%,4.47%,17.02%,0.28%,55.29%,67.43,54.32,0.63%,-0.35%,0.98%,13015827
124,125,BSY,-,1.14,7.93%,16.93%,34.89%,-1.61%,75.67%,74.37,53.29,-1.35%,-1.70%,0.35%,1724131
125,126,BTI,0.58,0.51,0.71%,-4.52%,-12.43%,-26.43%,3.72%,46.03,32.82,-0.15%,-0.45%,0.30%,4818460
126,127,BTO,0.97,1.15,2.83%,3.35%,-13.60%,-31.21%,21.39%,54.9,27.86,1.90%,1.38%,0.51%,143247
127,128,BUD,1.26,1.02,3.54%,-4.55%,1.93%,-13.24%,30.78%,53.17,58.21,-0.61%,-1.27%,0.67%,3547631
128,129,BWA,1.42,1.26,4.47%,4.22%,12.92%,-4.97%,56.07%,60.4,48.6,0.66%,-0.02%,0.68%,4733941
129,130,BX,1.48,2.72,4.98%,6.35%,4.40%,-17.49%,27.06%,60.7,91.13,-1.64%,-1.65%,0.01%,5652892
130,131,C,1.57,1.04,3.73%,2.79%,2.27%,-11.68%,20.46%,59.35,48.19,-0.76%,-1.01%,0.25%,18204030
131,132,CAG,0.55,0.64,-0.52%,-4.96%,-4.58%,-16.13%,11.49%,42.07,34.64,-0.43%,-0.74%,0.32%,4595105
132,133,CAH,0.78,1.71,7.21%,9.75%,18.91%,2.01%,83.60%,71.88,91.25,2.34%,1.41%,0.92%,5132748
133,134,CARR,-,1.18,7.79%,8.81%,10.75%,-4.66%,41.63%,67.52,46.88,0.73%,-0.61%,1.35%,9582853
134,135,CAT,1.12,6.17,9.79%,11.83%,10.98%,-7.81%,52.72%,69.41,245.27,-0.97%,-1.66%,0.70%,5209376
135,136,CB,0.65,3.49,1.32%,-0.91%,-4.18%,-15.75%,12.18%,53.03,194.94,1.92%,1.32%,0.60%,3376661
136,137,CBOE,0.51,2.66,1.38%,0.53%,8.10%,-2.46%,27.80%,53.74,137.36,-0.52%,-1.36%,0.85%,1108959
137,138,CBRE,1.36,1.81,0.97%,4.52%,1.60%,-13.14%,17.34%,54.5,77.81,-1.09%,-1.56%,0.47%,3406437
138,139,CCEP,0.81,0.97,2.32%,3.05%,18.89%,-2.16%,56.34%,61.0,65.35,-0.41%,-0.64%,0.23%,1962455
139,140,CCI,0.66,2.66,0.81%,-4.36%,-15.24%,-37.60%,3.98%,47.29,114.61,-1.95%,-0.95%,-1.01%,3981529
140,141,CCJ,0.97,1.13,8.14%,14.71%,21.99%,-3.75%,56.15%,66.29,31.76,0.38%,0.19%,0.19%,4296991
141,142,CCK,1.08,2.26,8.70%,9.06%,7.11%,-13.51%,34.56%,69.96,88.81,2.37%,1.50%,0.86%,20478600
142,143,CCL,2.31,0.62,26.51%,45.60%,60.25%,-2.23%,158.59%,80.43,15.8,-1.99%,-3.07%,1.12%,50985481
143,144,CDAY,1.43,2.21,5.05%,5.21%,2.84%,-15.79%,55.17%,59.21,67.08,-1.06%,-2.33%,1.30%,2256607
144,145,CDNS,1.05,6.34,4.30%,9.42%,28.00%,-2.81%,69.96%,61.94,235.84,-0.81%,-2.04%,1.25%,5005890
145,146,CDW,1.09,3.3,3.15%,2.82%,-1.46%,-17.14%,20.44%,59.17,178.15,-0.03%,-0.75%,0.72%,1527771
146,147,CE,1.31,3.39,2.40%,5.80%,6.69%,-11.57%,31.48%,55.42,114.0,-2.40%,-1.96%,-0.45%,2258082
147,148,CEG,-,1.82,5.95%,13.90%,10.17%,-5.11%,76.46%,73.12,92.89,-0.61%,-0.75%,0.14%,4961890
148,149,CELH,1.79,5.95,6.20%,25.73%,42.90%,-3.93%,177.18%,65.01,144.44,-0.21%,-1.43%,1.23%,861068
149,150,CF,1.03,2.47,8.37%,2.64%,-18.08%,-40.41%,18.63%,60.96,71.27,1.70%,0.96%,0.73%,5873223
150,151,CFG,1.31,1.3,-0.54%,-1.70%,-23.91%,-39.18%,16.65%,48.15,27.26,-1.55%,-2.40%,0.87%,11758540
151,152,CFLT,-,1.99,7.04%,28.83%,42.55%,-7.52%,108.98%,62.67,34.69,0.58%,-0.89%,1.48%,7960687
152,153,CG,1.68,0.81,8.94%,8.88%,3.49%,-20.31%,27.61%,68.88,31.38,-0.73%,-1.17%,0.44%,3510520
153,154,CHD,0.47,1.25,2.38%,2.64%,15.38%,-2.20%,37.06%,61.77,96.16,0.33%,0.12%,0.21%,1825099
154,155,CHDN,1.10,3.09,-1.95%,-0.96%,16.07%,-9.35%,57.90%,44.81,136.39,-0.95%,-1.34%,0.39%,642757
155,156,CHK,-,2.41,3.64%,4.07%,-5.23%,-20.35%,20.77%,58.17,82.36,1.02%,0.68%,0.33%,1056924
156,157,CHKP,0.69,2.13,5.30%,4.35%,4.81%,-3.69%,21.73%,71.47,130.91,0.35%,0.08%,0.28%,1587270
157,158,CHRW,0.80,2.44,-1.06%,-2.82%,-3.54%,-21.95%,9.26%,47.61,94.62,-0.78%,-1.43%,0.66%,1840603
158,159,CHT,-,0.32,0.25%,0.15%,8.23%,-6.47%,24.26%,52.35,40.88,-0.29%,-0.20%,-0.10%,138395
159,160,CHTR,1.11,8.93,2.26%,0.26%,-4.54%,-31.25%,14.64%,53.7,341.24,-0.47%,-0.72%,0.25%,1720985
160,161,CHWY,0.88,1.85,13.61%,16.79%,4.72%,-25.04%,42.62%,63.42,39.64,-2.17%,-2.41%,0.25%,3982761
161,162,CI,0.64,7.09,4.38%,4.36%,-7.24%,-20.96%,11.93%,59.04,268.83,-0.24%,-1.10%,0.86%,2894785
162,163,CINF,0.63,2.08,-0.23%,-3.13%,-4.77%,-22.78%,13.81%,46.25,100.9,0.50%,-0.09%,0.59%,2512223
163,164,CL,0.49,1.07,1.94%,0.26%,2.95%,-7.19%,14.65%,56.5,77.78,1.28%,0.90%,0.38%,7364899
164,165,CLX,0.27,2.72,-1.56%,-3.56%,4.61%,-12.16%,29.91%,42.55,156.54,1.02%,0.85%,0.17%,1620715
165,166,CM,1.04,0.71,4.47%,4.80%,0.71%,-17.26%,12.06%,64.58,44.15,0.59%,0.32%,0.27%,2956385
166,167,CMCSA,1.00,0.73,2.57%,4.21%,13.59%,-5.75%,45.12%,60.47,41.2,-0.65%,-1.08%,0.43%,33882710
167,168,CME,0.41,3.35,1.58%,-0.51%,2.90%,-10.88%,13.47%,53.1,184.11,1.04%,0.58%,0.46%,3637833
168,169,CMG,1.31,30.11,-1.52%,3.22%,22.80%,-5.00%,68.59%,49.85,2032.92,-0.91%,-1.60%,0.70%,343603
169,170,CMI,1.04,5.74,7.21%,5.24%,1.08%,-9.97%,27.97%,63.22,235.81,-0.58%,-0.96%,0.38%,1788610
170,171,CMS,0.37,1.05,2.97%,0.44%,-0.47%,-14.68%,15.89%,56.7,60.74,-0.46%,-0.91%,0.46%,2644767
171,172,CNA,0.65,0.81,0.27%,-1.30%,-3.28%,-13.79%,10.23%,48.17,38.51,0.71%,0.08%,0.63%,508950
172,173,CNC,0.57,1.96,-0.20%,-1.76%,-12.30%,-33.36%,7.04%,47.14,65.66,-0.70%,-1.04%,0.35%,5622573
173,174,CNHI,1.65,0.36,6.19%,4.04%,-0.22%,-19.19%,37.08%,60.8,14.53,-0.21%,-0.82%,0.62%,4575350
174,175,CNI,0.91,2.11,2.80%,0.43%,0.42%,-8.42%,14.61%,56.7,118.95,0.84%,0.54%,0.30%,1637766
175,176,CNP,0.88,0.48,1.67%,-1.63%,-1.27%,-12.90%,16.58%,52.08,29.18,-0.31%,-0.34%,0.03%,6640359
176,177,CNQ,1.59,1.47,-1.63%,-4.32%,-2.64%,-12.08%,25.98%,44.53,55.01,-1.06%,-1.36%,0.31%,1546003
177,178,COF,1.46,3.03,3.17%,11.61%,9.40%,-10.58%,31.15%,60.98,110.07,-1.42%,-1.74%,0.33%,4275906
178,179,COIN,-,4.21,-2.79%,-5.32%,-4.82%,-52.20%,76.20%,48.04,55.59,2.47%,0.32%,2.14%,13699144
179,180,COO,0.90,7.5,0.22%,-2.12%,11.23%,-7.03%,50.45%,50.53,367.41,-0.04%,-1.22%,1.19%,628289
180,181,COP,1.31,2.59,2.28%,2.22%,-5.04%,-23.30%,37.62%,58.04,104.92,0.74%,0.06%,0.68%,9904786
181,182,COST,0.79,7.85,2.93%,4.28%,5.87%,-7.28%,18.15%,61.97,523.65,-1.05%,-1.22%,0.17%,3140937
182,183,COTY,1.89,0.35,8.75%,6.40%,31.02%,-1.58%,100.97%,65.83,12.44,-0.08%,-0.48%,0.40%,6694373
183,184,CP,0.83,1.63,0.51%,-0.48%,2.56%,-5.90%,20.49%,51.0,78.52,0.11%,-0.08%,0.19%,1816780
184,185,CPB,0.32,0.98,-6.43%,-11.73%,-11.12%,-19.65%,4.62%,28.28,46.42,-0.04%,-0.21%,0.17%,3679510
185,186,CPNG,-,0.57,7.70%,6.93%,4.50%,-19.18%,55.96%,63.67,17.28,1.83%,2.07%,-0.24%,9375071
186,187,CPRT,1.20,1.45,-0.18%,6.50%,29.03%,-2.80%,70.79%,59.71,87.28,0.20%,-1.11%,1.32%,4188973
187,188,CPT,0.82,2.17,4.55%,5.10%,-0.60%,-22.82%,15.73%,65.15,113.11,0.86%,0.34%,0.53%,1257790
188,189,CQP,-,1.43,3.98%,3.01%,-8.69%,-23.33%,19.67%,60.31,47.07,2.73%,2.95%,-0.22%,592169
189,190,CRBG,-,0.59,-0.09%,2.40%,-11.69%,-27.27%,21.99%,51.24,16.47,-1.44%,-2.02%,0.60%,2869032
190,191,CRH,1.15,1.08,7.83%,8.27%,22.80%,0.76%,70.21%,69.98,53.14,0.78%,-1.25%,2.05%,1746004
191,192,CRL,1.34,6.03,4.71%,6.44%,-1.57%,-19.85%,15.88%,62.64,209.99,0.49%,-0.35%,0.84%,667462
192,193,CRM,1.20,6.29,-0.12%,4.31%,25.56%,-5.88%,67.61%,53.64,211.76,-0.08%,-0.81%,0.75%,13661531
193,194,CRWD,0.99,5.88,2.28%,12.35%,15.00%,-24.59%,68.17%,59.18,155.14,-2.92%,-4.23%,1.37%,6340498
194,195,CSCO,0.98,0.76,4.63%,6.93%,10.46%,-0.93%,34.88%,74.17,52.07,0.27%,-0.50%,0.77%,37112242
195,196,CSGP,0.88,1.62,4.93%,11.48%,11.62%,-1.44%,55.76%,70.16,84.14,0.08%,-0.77%,0.86%,7613417
196,197,CSL,0.93,5.32,7.32%,10.45%,-2.80%,-24.83%,17.64%,70.04,239.58,-0.37%,-0.82%,0.45%,979992
197,198,CSX,1.23,0.64,3.94%,5.86%,8.55%,-4.32%,28.72%,64.42,33.21,-1.04%,-1.48%,0.45%,30031174
198,199,CTAS,1.32,7.33,3.15%,5.46%,11.53%,-0.59%,42.90%,65.88,491.36,-0.21%,-1.27%,1.08%,625449
199,200,CTRA,0.27,0.69,2.60%,1.13%,-1.85%,-19.67%,13.30%,55.76,25.21,0.52%,0.36%,0.16%,21771520
200,201,CTSH,1.10,1.23,3.39%,5.59%,6.68%,-8.16%,26.79%,61.75,65.08,0.53%,0.91%,-0.39%,5836794
201,202,CTVA,0.81,1.25,1.73%,-2.09%,-6.25%,-16.37%,14.39%,50.75,57.23,-0.78%,-0.69%,-0.09%,10088758
202,203,CUK,2.35,0.54,27.92%,46.22%,60.90%,-1.80%,161.88%,81.66,14.22,-1.46%,-3.46%,2.08%,2442347
203,204,CVE,2.23,0.6,-0.88%,-1.05%,-8.14%,-24.63%,15.77%,48.35,16.65,-1.83%,-2.06%,0.24%,7694540
204,205,CVS,0.61,1.77,-2.71%,-5.17%,-21.70%,-36.86%,2.08%,42.28,67.72,-2.56%,-2.63%,0.07%,18190479
205,206,CVX,1.16,3.23,0.90%,-2.38%,-5.63%,-17.09%,18.65%,49.29,157.26,-0.64%,-0.59%,-0.06%,22851275
206,207,CX,1.46,0.19,9.77%,14.74%,47.55%,-2.04%,125.00%,70.06,7.2,-1.37%,-0.14%,-1.23%,7170956
207,208,CZR,2.89,1.87,7.46%,9.26%,6.90%,-13.94%,55.99%,59.46,48.84,-2.75%,-3.25%,0.52%,3795437
208,209,D,0.47,1.13,3.39%,-2.45%,-13.01%,-38.19%,10.02%,53.9,53.33,0.87%,0.28%,0.59%,9863989
209,210,DAL,1.28,0.98,13.56%,20.52%,23.21%,-0.53%,57.32%,84.32,42.79,-0.21%,-0.16%,-0.05%,12204599
210,211,DAR,1.21,2.08,1.69%,6.71%,-1.24%,-21.25%,25.79%,58.23,65.12,0.95%,0.54%,0.40%,2068010
211,212,DASH,-,2.61,6.76%,12.90%,27.11%,-15.79%,77.11%,66.48,73.26,2.09%,1.23%,0.85%,3657957
212,213,DB,1.34,0.21,-1.09%,-1.69%,-1.17%,-23.21%,43.82%,45.56,10.42,-1.79%,0.68%,-2.45%,3683169
213,214,DD,1.41,1.52,0.73%,1.62%,4.21%,-11.47%,40.17%,52.47,69.41,-0.43%,-0.73%,0.30%,7874417
214,215,DDOG,0.93,3.99,0.14%,17.05%,20.62%,-20.70%,56.10%,57.27,95.75,-2.48%,-2.92%,0.45%,4338584
215,216,DE,1.06,9.27,10.00%,8.34%,3.09%,-9.09%,43.63%,69.87,407.63,0.27%,-0.03%,0.31%,2118653
216,217,DECK,0.91,15.23,7.28%,7.39%,26.21%,-0.35%,115.04%,63.02,512.72,0.14%,-0.87%,1.02%,490384
217,218,DELL,1.00,1.31,4.78%,9.97%,21.37%,-2.03%,51.00%,62.42,49.67,-1.06%,-1.02%,-0.04%,9351738
218,219,DEO,0.67,2.23,0.70%,-3.59%,-1.85%,-10.61%,8.35%,48.2,173.46,-0.25%,-1.04%,0.79%,590539
219,220,DFS,1.44,2.44,7.00%,12.27%,12.17%,-3.83%,31.58%,70.03,115.32,-1.65%,-1.37%,-0.29%,5916613
220,221,DG,0.28,5.44,-9.31%,-19.08%,-27.99%,-37.18%,8.63%,30.95,164.32,0.39%,0.81%,-0.42%,4779634
221,222,DGX,0.93,2.2,3.50%,1.02%,-0.82%,-12.46%,15.12%,61.4,138.6,1.02%,0.55%,0.47%,2672989
222,223,DHI,1.53,2.48,4.86%,8.12%,28.15%,-0.84%,96.46%,64.67,116.4,0.86%,-0.14%,1.00%,6316988
223,224,DHR,0.8,5.38,3.60%,1.33%,-5.37%,-20.41%,9.30%,58.33,241.8,-0.70%,-1.39%,0.70%,6380330
224,225,DIS,1.3,1.98,0.36%,-4.53%,-7.41%,-27.80%,8.62%,45.01,91.32,-1.74%,-1.63%,-0.12%,22641615
225,226,DKNG,1.76,1.07,-0.63%,7.86%,41.50%,-8.01%,133.10%,51.82,24.51,-1.29%,-3.35%,2.13%,14098348
226,227,DKS,1.44,3.42,3.79%,-1.24%,7.95%,-11.47%,92.42%,53.99,135.1,0.02%,-0.25%,0.27%,1463642
227,228,DLR,0.54,3.46,5.11%,7.93%,2.00%,-24.41%,22.64%,61.18,105.18,-0.20%,-0.38%,0.18%,4568562
228,229,DLTR,0.68,3.65,-3.15%,-7.94%,-6.94%,-22.46%,5.72%,42.13,136.22,-1.60%,-2.05%,0.46%,2591443
229,230,DOCU,0.93,2.49,-3.18%,1.40%,-0.63%,-30.28%,36.09%,46.49,53.85,-0.79%,-1.12%,0.33%,5750262
230,231,DOV,1.36,2.93,5.62%,3.69%,6.51%,-8.05%,29.03%,63.19,147.73,0.44%,-0.01%,0.45%,1529268
231,232,DOW,1.34,1.25,3.01%,-0.16%,2.01%,-12.67%,23.89%,54.57,53.16,-0.60%,-0.26%,-0.34%,9530598
232,233,DOX,0.66,1.4,2.88%,4.45%,9.37%,0.54%,27.10%,65.07,97.6,0.95%,0.62%,0.33%,926017
233,234,DPZ,0.81,8.29,9.46%,5.89%,-0.94%,-22.28%,15.94%,70.57,331.41,1.83%,0.32%,1.51%,2064234
234,235,DRI,1.23,2.68,2.09%,6.54%,14.51%,-1.76%,49.61%,62.38,166.01,-0.51%,-0.88%,0.38%,1926328
235,236,DT,1.08,1.48,0.90%,10.73%,27.24%,-3.36%,62.37%,60.42,51.21,-2.18%,-2.88%,0.73%,3588547
236,237,DTE,0.62,1.9,4.14%,2.28%,-0.11%,-16.56%,13.39%,66.54,114.12,0.18%,-0.77%,0.96%,4874008
237,238,DUK,0.43,1.56,1.82%,-3.08%,-5.64%,-18.91%,10.05%,50.13,92.18,0.53%,0.00%,0.53%,8690182
238,239,DVN,2.35,1.48,3.06%,-0.59%,-14.39%,-34.05%,14.28%,54.83,49.8,0.40%,-0.54%,0.95%,16246841
239,240,DXCM,1.15,3.72,7.67%,8.50%,18.00%,-0.87%,93.86%,64.8,130.1,-0.67%,-1.44%,0.78%,4306193
240,241,E,1.06,0.6,0.92%,-2.43%,2.45%,-11.74%,39.50%,50.55,28.43,-0.56%,-0.91%,0.35%,834863
241,242,EA,0.85,1.84,1.58%,1.65%,4.65%,-5.29%,18.55%,61.12,128.66,-0.26%,-1.02%,0.77%,3122195
242,243,EBAY,1.35,0.99,1.39%,1.46%,3.41%,-13.73%,25.45%,52.22,45.06,-1.23%,-1.21%,-0.02%,8588093
243,244,EBR,-,0.24,8.05%,13.07%,3.74%,-22.87%,41.27%,64.74,8.01,-3.03%,-0.50%,-2.54%,3037527
244,245,EBR-B,-,0.31,6.38%,12.25%,7.67%,-19.73%,44.35%,59.22,8.95,-5.29%,-2.51%,-2.86%,221753
245,246,EC,1.46,0.32,7.06%,4.99%,3.56%,-22.11%,23.24%,63.67,10.45,0.19%,0.29%,-0.10%,1365594
246,247,ECL,1.02,3.02,5.11%,6.76%,15.85%,-0.68%,38.92%,69.9,182.04,-0.10%,-0.62%,0.52%,2509734
247,248,ED,0.37,1.55,-0.27%,-3.60%,-0.96%,-9.04%,19.04%,43.15,92.97,-0.05%,-0.44%,0.39%,4677104
248,249,EDR,-,0.51,-1.08%,-5.83%,-0.20%,-14.97%,20.18%,41.2,22.33,-1.11%,-1.63%,0.53%,2333094
249,250,EFX,1.46,4.96,5.90%,10.97%,16.65%,-2.10%,57.40%,68.61,229.77,-1.13%,-1.88%,0.77%,1373090
250,251,EIX,0.82,1.38,4.15%,-0.64%,5.94%,-6.33%,28.89%,58.86,70.18,2.01%,1.43%,0.57%,3756051
251,252,EL,1.03,5.76,8.14%,-4.74%,-12.39%,-28.30%,16.51%,57.55,203.95,2.28%,0.65%,1.62%,5233445
252,253,ELS,0.69,1.27,5.73%,3.27%,3.75%,-11.09%,20.79%,65.07,68.7,0.94%,0.64%,0.29%,1457025
253,254,ELV,0.84,13.11,-3.40%,-4.52%,-8.19%,-19.35%,3.34%,42.68,443.21,-1.89%,-2.17%,0.29%,2485995
254,255,EMR,1.41,1.72,6.30%,4.98%,1.41%,-12.29%,20.72%,65.58,87.41,-0.70%,-1.29%,0.59%,5519605
255,256,ENB,0.85,0.64,1.47%,-2.24%,-4.15%,-17.10%,7.02%,49.73,37.48,0.62%,0.32%,0.30%,3618921
256,257,ENPH,1.46,7.34,4.54%,0.76%,-24.26%,-46.51%,19.49%,57.14,181.81,0.72%,-0.56%,1.29%,4622896
257,258,ENTG,1.24,3.62,1.00%,20.24%,30.07%,-6.95%,72.49%,58.22,106.51,-2.85%,-3.00%,0.16%,3172118
258,259,EOG,1.52,3.15,1.00%,-1.06%,-6.66%,-23.24%,27.23%,51.51,113.41,1.53%,0.40%,1.13%,6109452
259,260,EPAM,1.50,10.31,-7.50%,-14.34%,-31.38%,-52.59%,10.87%,39.54,219.51,-3.66%,-4.70%,1.09%,1465093
260,261,EPD,1.05,0.33,1.85%,0.98%,3.71%,-3.54%,15.24%,60.26,26.39,0.27%,0.00%,0.27%,3729158
261,262,EQIX,0.63,16.77,5.47%,7.27%,15.73%,-0.62%,57.33%,64.56,778.61,-0.13%,-0.79%,0.66%,904142
262,263,EQNR,1.01,0.85,8.62%,7.72%,-2.91%,-24.97%,19.42%,62.22,30.13,-2.02%,-1.25%,-0.78%,4548741
263,264,EQR,0.85,1.1,6.10%,7.43%,5.68%,-17.52%,22.20%,72.81,66.72,0.56%,0.30%,0.26%,3799493
264,265,EQT,1.19,1.26,7.10%,14.69%,7.82%,-23.73%,41.04%,67.89,39.64,1.77%,0.76%,1.00%,11567296
265,266,ERIC,0.6,0.09,3.95%,1.01%,-6.93%,-32.53%,6.47%,60.7,5.43,0.18%,-0.73%,0.92%,9769865
266,267,ERIE,0.45,4.82,-0.75%,-3.72%,-9.26%,-24.26%,27.83%,42.84,216.99,-0.33%,-1.13%,0.80%,180786
267,268,ES,0.49,1.44,1.88%,-4.02%,-8.92%,-23.65%,6.33%,50.3,72.08,1.51%,1.05%,0.45%,4268061
268,269,ESS,0.78,4.53,6.99%,9.38%,6.13%,-21.11%,21.48%,71.13,236.92,0.90%,0.21%,0.69%,728773
269,270,ET,1.7,0.21,0.70%,1.24%,4.12%,-6.22%,40.11%,55.03,12.82,-0.16%,-0.39%,0.23%,9260684
270,271,ETN,1.13,4.77,4.82%,11.03%,19.12%,-3.15%,56.13%,61.8,191.26,-2.86%,-0.73%,-2.15%,6246828
271,272,ETR,0.65,1.76,2.21%,-2.39%,-5.32%,-16.70%,7.45%,51.94,102.01,-0.18%,-0.33%,0.16%,3772342
272,273,ETSY,2.01,3.87,7.16%,-0.03%,-15.01%,-36.90%,41.17%,56.15,94.6,-1.43%,-1.93%,0.51%,4232949
273,274,EVRG,0.5,1.01,1.20%,-2.44%,-3.20%,-17.14%,9.59%,48.9,59.31,-0.50%,-0.42%,-0.08%,2716179
274,275,EW,1.02,2.05,7.51%,6.65%,13.10%,-14.81%,36.96%,68.81,91.94,0.71%,-0.04%,0.76%,6594329
275,276,EXAS,1.41,2.82,9.05%,23.98%,65.31%,-0.67%,219.17%,74.32,93.42,0.03%,-0.57%,0.61%,2269490
276,277,EXC,0.54,0.7,3.29%,-0.64%,0.32%,-12.75%,17.12%,58.51,41.21,0.96%,0.86%,0.10%,9590593
277,278,EXPD,0.99,2.45,3.36%,4.94%,11.54%,-0.89%,38.05%,61.7,118.83,-0.37%,-0.97%,0.61%,3246628
278,279,EXPE,1.61,3.33,3.29%,9.82%,6.98%,-15.27%,28.50%,57.0,105.87,-1.16%,-1.52%,0.36%,3788663
279,280,EXR,0.55,3.45,-0.51%,-3.86%,-9.16%,-32.90%,3.79%,45.59,145.28,-0.34%,0.19%,-0.53%,1572912
280,281,F,1.58,0.4,13.75%,17.29%,16.46%,-9.17%,42.79%,76.16,14.42,-0.21%,-0.55%,0.35%,75215766
281,282,FANG,2.00,3.86,-1.39%,-4.40%,-6.32%,-21.93%,29.42%,45.43,128.74,1.64%,1.36%,0.28%,4052750
282,283,FAST,1.16,1.09,3.18%,4.43%,10.99%,-0.12%,29.38%,61.67,56.58,0.60%,0.50%,0.11%,6521724
283,284,FCNCA,0.98,39.69,-0.13%,11.72%,46.59%,-4.64%,153.64%,58.21,1282.99,-1.21%,-1.45%,0.25%,182279
284,285,FCNCO,-,0.44,-0.76%,-1.11%,-2.80%,-16.41%,22.41%,47.2,20.3,-1.00%,-1.62%,0.63%,8366
285,286,FCNCP,-,0.36,-0.82%,-4.64%,-5.63%,-16.74%,5.56%,40.23,19.74,0.41%,0.05%,0.36%,6075
286,287,FCX,2.00,1.13,9.23%,5.78%,7.84%,-14.48%,61.83%,66.35,39.89,-0.47%,0.38%,-0.85%,16104764
287,288,FDS,0.84,8.49,6.11%,4.55%,0.87%,-11.22%,21.68%,66.8,420.91,-0.33%,-0.84%,0.51%,512862
288,289,FDX,1.34,4.53,3.66%,2.86%,19.63%,-6.15%,64.50%,60.89,233.46,-1.26%,-1.64%,0.38%,3246718
289,290,FE,0.44,0.66,2.86%,-0.52%,-1.52%,-9.79%,10.62%,56.59,39.07,-0.10%,-0.96%,0.87%,6885722
290,291,FERG,1.18,2.87,2.75%,7.30%,16.95%,-0.74%,52.35%,62.82,151.07,-0.53%,0.29%,-0.82%,2121886
291,292,FI,0.86,2.07,3.26%,2.39%,11.52%,-1.99%,37.84%,60.79,119.96,-0.32%,-0.64%,0.32%,6416508
292,293,FICO,1.24,18.65,2.37%,7.46%,29.85%,-0.92%,115.32%,61.22,799.96,-0.27%,-1.20%,0.95%,262831
293,294,FIS,0.82,1.32,-0.47%,-1.09%,-17.89%,-47.91%,12.79%,48.88,54.78,1.35%,0.51%,0.83%,6073957
294,295,FITB,1.21,1.01,2.91%,3.32%,-16.14%,-30.26%,20.04%,54.26,26.54,-0.82%,-0.71%,-0.11%,11155224
295,296,FIVE,1.20,6.12,2.68%,-2.24%,7.61%,-13.52%,73.92%,51.33,190.43,-2.16%,-2.99%,0.86%,534700
296,297,FLEX,1.44,0.56,4.07%,15.93%,24.94%,-0.41%,96.40%,73.43,26.77,-0.30%,-0.45%,0.15%,3750427
297,298,FLT,1.21,5.36,3.41%,7.98%,20.48%,-0.71%,50.68%,66.06,243.63,-0.34%,-1.18%,0.86%,672390
298,299,FMC,0.82,2.42,0.26%,-5.78%,-10.70%,-20.55%,8.68%,45.19,106.77,0.82%,0.43%,0.39%,1604693
299,300,FMS,-,0.42,4.91%,3.20%,28.33%,-10.65%,84.36%,61.16,23.57,0.00%,-0.25%,0.25%,1865156
300,301,FMX,0.94,1.9,8.31%,12.40%,33.39%,0.24%,89.32%,82.9,111.19,0.66%,0.40%,0.26%,280850
301,302,FND,1.87,3.09,3.26%,1.50%,14.05%,-6.19%,60.67%,54.49,96.26,-0.83%,-1.13%,0.30%,885245
302,303,FNV,0.62,3.08,-1.10%,-4.13%,5.53%,-9.62%,32.85%,42.68,145.74,0.57%,0.18%,0.39%,1308340
303,304,FOX,-,0.61,5.01%,4.93%,4.74%,-8.48%,19.54%,66.73,31.5,-0.16%,-0.25%,0.10%,1734483
304,305,FOXA,0.87,0.68,4.53%,3.54%,3.99%,-9.72%,20.08%,64.0,33.64,-0.09%,-0.27%,0.18%,10264521
305,306,FSLR,1.37,7.59,-5.25%,-5.64%,10.75%,-18.54%,210.99%,40.38,188.99,-2.02%,-2.55%,0.55%,3105346
306,307,FTNT,1.14,2.1,5.41%,8.46%,27.12%,-1.45%,70.80%,62.99,72.78,-1.10%,-2.31%,1.24%,10912404
307,308,FTS,0.19,0.58,0.43%,-2.12%,3.76%,-11.10%,23.33%,47.68,42.87,0.47%,0.09%,0.37%,663239
308,309,FTV,1.15,1.4,6.87%,8.87%,9.98%,-0.77%,36.88%,68.8,71.82,-0.21%,-1.02%,0.82%,3688131
309,310,FWONA,1.10,1.69,6.78%,7.13%,17.60%,-1.88%,56.25%,65.58,70.32,-1.68%,-2.46%,0.80%,280884
310,311,FWONK,-,1.95,6.30%,6.79%,17.48%,-2.39%,56.18%,63.55,78.09,-2.34%,-2.39%,0.05%,1625131
311,312,GD,0.83,3.09,3.62%,0.86%,-5.76%,-15.39%,7.41%,61.34,217.34,1.11%,0.79%,0.32%,1560349
312,313,GDDY,0.97,1.57,2.49%,1.45%,-0.55%,-12.20%,15.87%,56.55,74.91,-1.41%,-2.04%,0.64%,3275093
313,314,GE,1.28,2.16,1.94%,5.43%,36.74%,-0.97%,127.28%,60.44,106.29,0.83%,0.21%,0.63%,10619041
314,315,GEHC,-,2.0,-0.43%,-1.56%,6.64%,-10.45%,48.40%,49.06,78.65,-0.57%,-1.07%,0.51%,5384994
315,316,GEN,0.81,0.48,6.20%,7.40%,-7.66%,-30.56%,20.58%,64.84,18.63,-1.17%,-2.15%,1.01%,10172338
316,317,GFI,0.90,0.48,-1.56%,-3.11%,31.30%,-15.76%,113.09%,44.34,14.98,-0.93%,-0.33%,-0.60%,37900230
317,318,GFL,-,0.84,0.68%,3.02%,20.46%,-2.56%,61.39%,54.1,37.28,-0.48%,-0.56%,0.08%,696328
318,319,GFS,-,2.01,5.78%,4.19%,3.75%,-13.85%,69.68%,59.92,62.46,-0.76%,-1.98%,1.24%,2639601
319,320,GGG,0.81,1.58,7.84%,12.57%,23.67%,0.78%,52.48%,72.94,86.12,0.84%,0.42%,0.42%,1752900
320,321,GIB,0.92,1.41,0.72%,2.76%,17.29%,-1.30%,44.79%,56.52,104.58,-0.56%,-0.98%,0.42%,185572
321,322,GILD,0.41,1.49,1.41%,-1.62%,-0.01%,-12.12%,37.87%,52.39,78.86,-0.18%,-0.49%,0.32%,13975915
322,323,GIS,0.24,1.4,-3.69%,-6.78%,-1.27%,-11.20%,24.28%,29.65,80.71,0.00%,0.14%,-0.14%,5344518
323,324,GL,0.79,1.8,1.02%,0.56%,-3.49%,-12.79%,20.35%,52.3,108.01,-0.29%,-0.22%,-0.06%,877458
324,325,GLPI,1.01,0.81,1.92%,-0.53%,-0.80%,-9.20%,15.96%,52.75,49.83,-0.24%,-0.40%,0.16%,1686676
325,326,GLW,1.08,0.79,12.93%,10.52%,8.17%,-4.98%,23.71%,76.56,35.85,5.94%,2.43%,3.43%,21244427
326,327,GM,1.37,1.06,9.99%,11.78%,3.68%,-13.00%,25.16%,69.68,37.96,-0.18%,-0.42%,0.24%,14509190
327,328,GMAB,0.78,0.67,-2.43%,-3.84%,-1.48%,-18.38%,48.03%,41.5,38.77,0.05%,-1.27%,1.34%,600709
328,329,GOLD,0.34,0.39,-2.74%,-9.83%,-2.45%,-19.47%,28.86%,34.67,16.71,1.33%,1.33%,0.00%,21130784
329,330,GOOG,-,2.9,-0.23%,7.87%,21.84%,-4.24%,48.66%,57.49,124.06,-1.38%,-1.99%,0.63%,56622622
330,331,GOOGL,1.08,2.92,-0.12%,8.00%,22.00%,-4.27%,48.22%,57.99,123.53,-1.25%,-1.87%,0.63%,44465949
331,332,GPC,0.91,3.0,2.79%,-1.29%,-3.61%,-13.99%,27.19%,54.55,161.47,-0.11%,-1.22%,1.12%,1381324
332,333,GPN,1.00,2.65,0.07%,-2.85%,-6.39%,-26.45%,9.11%,47.79,100.68,-1.25%,-1.78%,0.54%,3751644
333,334,GRAB,-,0.16,9.07%,11.43%,11.48%,-15.14%,56.16%,62.66,3.42,-0.58%,-0.87%,0.29%,23693368
334,335,GRMN,0.94,1.65,0.91%,3.99%,12.12%,-2.14%,38.80%,57.07,106.0,-0.14%,-0.26%,0.12%,1380234
335,336,GS,1.40,6.62,2.66%,2.39%,-0.60%,-13.16%,21.76%,57.38,338.31,-0.42%,-0.90%,0.48%,4481390
336,337,GSK,0.69,0.52,1.66%,-2.19%,2.70%,-21.45%,23.48%,51.89,35.15,-0.34%,-0.34%,0.00%,5945434
337,338,GWW,1.21,14.78,6.85%,8.32%,19.58%,-1.78%,66.28%,65.77,732.43,-1.54%,-1.59%,0.05%,419238
338,339,H,1.36,3.06,0.10%,-0.43%,10.51%,-9.51%,61.39%,48.19,113.17,0.40%,-0.03%,0.43%,694206
339,340,HAL,2.15,1.17,4.96%,3.73%,-4.21%,-24.97%,39.83%,57.45,32.58,-0.40%,-0.49%,0.09%,10388206
340,341,HBAN,1.09,0.41,1.78%,2.15%,-17.39%,-30.62%,19.60%,53.11,10.92,0.28%,0.09%,0.18%,25608002
341,342,HBANL,-,0.44,0.67%,3.46%,4.54%,-1.27%,46.24%,57.76,24.86,0.12%,-0.48%,0.60%,22085
342,343,HBANP,-,0.67,3.70%,6.57%,2.98%,-11.18%,42.40%,58.42,18.74,-1.11%,-1.94%,0.84%,40466
343,344,HCA,1.64,6.1,6.28%,5.43%,18.92%,-2.29%,76.37%,70.19,290.08,1.47%,0.86%,0.60%,2962332
344,345,HD,0.94,6.12,1.92%,2.37%,0.20%,-13.50%,13.56%,55.76,300.38,-0.54%,-1.30%,0.77%,10795560
345,346,HDB,0.73,1.19,2.13%,-1.24%,0.94%,-7.40%,30.19%,54.22,66.45,2.86%,1.98%,0.87%,2832053
346,347,HEI,1.18,3.64,1.11%,-1.04%,2.29%,-8.14%,30.67%,51.27,165.89,-0.23%,-0.23%,0.00%,278943
347,348,HEI-A,-,2.89,1.55%,-0.49%,3.53%,-7.59%,29.52%,52.38,132.54,-0.15%,-0.30%,0.15%,361767
348,349,HES,1.58,3.94,2.04%,-1.25%,-0.03%,-15.55%,50.06%,52.46,135.56,-0.18%,-0.63%,0.45%,2568214
349,350,HIG,0.85,1.25,2.11%,2.54%,0.76%,-9.52%,19.47%,58.1,71.88,1.15%,0.70%,0.45%,2607683
350,351,HLN,-,0.15,1.89%,-1.93%,11.81%,-6.96%,50.63%,53.14,8.42,0.96%,0.24%,0.72%,2096395
351,352,HLT,1.22,3.04,-0.26%,-1.36%,2.85%,-7.90%,29.89%,47.37,140.81,0.10%,-1.01%,1.12%,2668234
352,353,HMC,0.79,0.56,5.57%,12.57%,24.61%,-3.98%,46.12%,65.36,31.32,-2.13%,-0.63%,-1.50%,2601854
353,354,HOLX,1.00,1.41,2.33%,-0.84%,6.43%,-7.60%,35.83%,56.39,81.2,0.20%,-0.67%,0.88%,4133676
354,355,HON,1.09,3.41,3.13%,3.50%,2.83%,-8.14%,21.81%,62.59,202.97,-0.37%,-0.99%,0.62%,5002796
355,356,HPE,1.29,0.47,14.66%,17.41%,17.92%,0.43%,47.65%,76.09,17.57,0.69%,0.40%,0.29%,24479472
356,357,HPQ,1.02,0.74,2.18%,3.28%,8.72%,-13.29%,28.76%,56.79,31.0,-0.32%,-0.51%,0.19%,13959223
357,358,HRL,0.19,0.65,3.58%,3.15%,-5.88%,-20.16%,9.25%,64.35,41.27,-0.07%,-0.17%,0.10%,3332910
358,359,HSBC,0.60,0.53,3.00%,5.63%,18.44%,-1.13%,58.18%,64.75,39.18,0.33%,0.00%,0.33%,1701440
359,360,HST,1.29,0.41,-0.85%,1.51%,0.11%,-12.61%,17.55%,48.05,17.05,-0.35%,-0.93%,0.58%,9087653
360,361,HSY,0.31,3.8,0.50%,-1.11%,8.77%,-5.84%,29.31%,50.38,260.72,-0.05%,-0.49%,0.44%,1576480
361,362,HTHT,1.04,1.57,5.05%,-2.21%,2.51%,-19.66%,76.37%,52.37,43.0,-2.89%,-2.74%,-0.16%,1796423
362,363,HUBB,1.01,6.27,8.70%,18.98%,31.03%,-0.45%,88.23%,80.06,320.38,-0.20%,-0.52%,0.33%,828246
363,364,HUBS,1.56,18.27,2.45%,12.67%,45.82%,-2.95%,111.94%,61.42,519.32,-0.13%,-1.35%,1.23%,720542
364,365,HUM,0.69,15.27,-11.68%,-13.38%,-12.35%,-21.99%,6.44%,26.47,445.65,-3.92%,-2.05%,-1.91%,5292762
365,366,HWM,1.44,0.87,2.60%,4.41%,16.33%,-1.48%,54.09%,59.92,45.98,-0.13%,-0.80%,0.67%,2976300
366,367,HZNP,1.09,1.32,1.57%,-4.14%,6.75%,-10.72%,75.71%,47.65,101.63,0.32%,-0.25%,0.56%,2796558
367,368,IBKR,0.77,1.87,2.53%,2.32%,4.56%,-10.99%,53.13%,55.36,80.28,-0.82%,-1.32%,0.51%,962595
368,369,IBM,0.86,1.94,4.56%,7.29%,3.54%,-10.27%,18.98%,72.52,137.48,-0.66%,-1.26%,0.60%,7468309
369,370,IBN,0.9,0.24,-0.22%,1.18%,4.42%,-3.71%,33.98%,51.42,22.87,0.00%,-0.57%,0.57%,6173247
370,371,ICE,0.94,1.81,3.34%,3.65%,8.57%,-1.30%,26.05%,61.86,111.68,-0.62%,-1.01%,0.39%,3803685
371,372,ICLR,1.12,6.02,7.38%,12.54%,12.04%,-6.21%,36.57%,70.02,234.12,0.21%,0.03%,0.18%,551071
372,373,IDXX,1.18,11.57,3.36%,1.25%,11.20%,-6.35%,52.35%,57.85,483.03,0.33%,-0.73%,1.07%,706647
373,374,IEP,0.81,2.4,6.47%,-25.49%,-42.48%,-49.35%,54.96%,44.5,27.94,-2.38%,-3.12%,0.77%,3081634
374,375,IEX,0.99,3.78,2.10%,-0.10%,-4.22%,-14.82%,21.82%,54.39,209.75,-0.31%,-0.76%,0.45%,872664
375,376,IFF,1.11,2.18,0.54%,-8.20%,-16.79%,-37.81%,5.57%,45.36,80.35,1.07%,0.45%,0.62%,5049504
376,377,IHG,1.21,1.02,4.19%,3.76%,14.03%,-1.21%,51.36%,64.52,71.23,-0.45%,-0.28%,-0.17%,90758
377,378,ILMN,1.17,7.13,1.22%,-1.93%,-1.95%,-17.28%,18.69%,50.65,205.87,-1.94%,-2.94%,1.03%,2441990
378,379,IMO,1.57,1.43,3.48%,0.49%,-0.40%,-15.69%,24.48%,56.47,49.73,-0.66%,-0.96%,0.30%,424380
379,380,INCY,0.71,1.26,1.17%,-6.41%,-14.42%,-26.72%,4.32%,47.12,63.23,1.04%,0.44%,0.59%,8439018
380,381,INFY,0.96,0.26,1.29%,1.71%,-10.08%,-23.16%,7.60%,54.93,15.83,1.34%,0.51%,0.83%,18245147
381,382,ING,1.58,0.24,3.78%,5.32%,12.88%,-8.97%,64.62%,62.56,13.4,0.30%,-0.30%,0.60%,2432514
382,383,INTC,0.89,1.2,16.89%,17.84%,25.64%,-10.70%,47.91%,72.36,36.37,1.54%,-0.05%,1.59%,110103134
383,384,INTU,1.18,14.32,4.75%,4.75%,10.05%,-7.29%,29.04%,59.42,455.03,-0.28%,-1.35%,1.09%,2618104
384,385,INVH,0.90,0.65,1.59%,3.03%,5.66%,-14.43%,20.62%,57.43,34.4,0.17%,-0.43%,0.61%,4749352
385,386,IOT,-,1.61,20.83%,35.90%,86.72%,-6.50%,243.23%,68.29,28.9,-0.52%,-0.62%,0.10%,8777117
386,387,IP,1.05,0.69,2.72%,-2.86%,-9.32%,-29.21%,10.26%,52.9,31.98,0.53%,0.72%,-0.19%,7097952
387,388,IPG,1.13,0.83,3.32%,6.85%,18.57%,-2.22%,59.27%,61.74,40.04,-1.36%,-1.23%,-0.12%,6230899
388,389,IQV,1.40,4.68,5.98%,9.26%,5.42%,-13.28%,30.33%,69.06,216.02,-0.35%,-1.21%,0.87%,1181617
389,390,IR,1.43,1.37,6.53%,10.79%,19.27%,-0.52%,64.24%,69.16,64.52,-0.29%,-0.74%,0.45%,4460532
390,391,IRM,0.94,0.95,2.98%,3.84%,8.80%,-0.79%,31.13%,62.05,56.76,-0.70%,-0.94%,0.24%,2379242
391,392,ISRG,1.31,6.51,5.63%,10.18%,29.82%,-0.35%,82.91%,73.53,329.36,0.33%,-0.70%,1.04%,3109805
392,393,IT,1.26,7.27,4.45%,10.74%,10.98%,-0.48%,61.05%,72.6,356.54,0.10%,-0.38%,0.48%,1345885
393,394,ITUB,0.72,0.13,8.12%,12.10%,18.56%,-0.17%,59.18%,72.69,5.9,0.00%,1.72%,-1.69%,18295547
394,395,ITW,1.13,4.58,7.60%,7.10%,11.66%,-2.12%,42.92%,70.46,247.99,0.48%,-0.70%,1.20%,2186397
395,396,IX,0.89,1.31,2.26%,3.75%,9.21%,-2.33%,29.89%,57.64,89.33,-1.36%,0.13%,-1.49%,109609
396,397,J,0.84,2.15,1.35%,1.32%,-1.47%,-15.56%,9.17%,54.08,116.57,0.29%,-0.22%,0.52%,1273237
397,398,JBHT,1.13,4.32,3.39%,1.96%,0.54%,-11.94%,14.79%,57.2,176.68,-0.14%,-0.74%,0.60%,986858
398,399,JBL,1.45,2.52,14.92%,24.29%,41.24%,-0.21%,115.90%,86.98,105.36,0.69%,-0.58%,1.27%,2298166
399,400,JCI,1.24,1.31,4.55%,7.97%,7.22%,-5.93%,43.83%,65.08,65.47,-0.27%,-0.27%,0.00%,3935136
400,401,JD,0.5,1.42,11.61%,9.91%,-16.82%,-41.65%,26.25%,63.6,39.85,-0.28%,-2.02%,1.78%,11044925
401,402,JHX,1.42,0.51,8.02%,15.83%,27.80%,-0.90%,59.48%,76.34,27.51,-0.72%,-1.04%,0.32%,33427
402,403,JKHY,0.65,3.28,6.46%,6.08%,-4.87%,-23.08%,17.42%,65.28,163.54,-1.11%,-1.16%,0.05%,732858
403,404,JNJ,0.55,1.91,3.99%,2.03%,-0.59%,-10.43%,9.41%,69.96,164.23,0.31%,-0.15%,0.46%,13397390
404,405,JNPR,0.95,0.67,7.11%,5.86%,6.38%,-5.97%,28.95%,68.46,32.47,0.09%,-0.64%,0.74%,6112114
405,406,JPM,1.08,2.46,3.03%,4.47%,9.35%,-0.75%,41.45%,64.7,143.26,0.12%,0.15%,-0.03%,13797886
406,407,K,0.41,1.16,-1.32%,-2.99%,-4.85%,-14.10%,4.00%,42.69,66.29,0.53%,0.94%,-0.41%,3914303
407,408,KB,0.98,0.63,1.71%,2.69%,0.58%,-21.35%,25.98%,54.93,37.97,-0.94%,-0.73%,-0.21%,196184
408,409,KDP,0.6,0.45,2.14%,-2.53%,-9.67%,-22.13%,4.81%,54.23,32.17,1.29%,1.00%,0.28%,15542447
409,410,KEYS,1.05,2.8,2.31%,7.35%,-0.19%,-12.98%,26.75%,65.69,164.86,-0.33%,-1.07%,0.75%,1926856
410,411,KHC,0.67,0.6,-2.31%,-5.11%,-3.74%,-13.57%,13.02%,36.11,36.99,0.33%,0.46%,-0.14%,12246357
411,412,KIM,1.44,0.41,3.90%,3.77%,-3.73%,-18.27%,12.17%,61.01,19.45,0.36%,0.00%,0.36%,4544902
412,413,KKR,1.54,1.36,7.55%,10.39%,12.23%,-5.50%,36.94%,67.68,57.2,-2.41%,-2.57%,0.17%,4647441
413,414,KLAC,1.35,12.7,2.91%,13.77%,23.61%,-3.59%,85.81%,60.81,464.89,-1.63%,-1.77%,0.15%,2010679
414,415,KMB,0.42,1.82,0.72%,-1.49%,5.36%,-6.89%,26.61%,51.5,137.68,1.00%,0.34%,0.66%,2592967
415,416,KMI,0.92,0.29,2.24%,0.26%,-3.39%,-11.96%,8.02%,55.72,17.04,0.18%,-0.06%,0.24%,24016493
416,417,KMX,1.43,2.39,5.59%,10.78%,15.04%,-25.05%,52.84%,62.77,79.63,-1.51%,-1.89%,0.38%,2313502
417,418,KO,0.55,0.72,1.47%,-1.23%,1.24%,-5.80%,14.17%,54.22,61.67,0.72%,0.00%,0.72%,26713400
418,419,KOF,0.8,1.56,2.15%,2.77%,21.49%,-3.39%,69.65%,59.8,88.14,-0.23%,-0.33%,0.10%,85541
419,420,KR,0.47,1.01,-1.94%,-3.58%,-0.82%,-11.21%,10.41%,43.36,46.17,0.50%,0.50%,0.00%,10573424
420,421,KVUE,-,0.65,2.16%,0.88%,0.88%,-5.56%,6.06%,55.23,26.25,1.94%,1.55%,0.39%,2332994
421,422,L,0.83,1.01,0.64%,1.35%,2.49%,-7.38%,18.66%,52.0,58.57,-0.46%,-1.08%,0.63%,2987355
422,423,LBRDA,1.15,2.06,1.18%,-1.43%,-8.00%,-38.36%,11.91%,50.78,76.27,-0.65%,-1.61%,0.98%,93636
423,424,LBRDK,-,2.14,1.24%,-1.25%,-7.66%,-38.63%,11.55%,50.96,76.6,-0.53%,-1.19%,0.66%,974997
424,425,LCID,-,0.42,-7.03%,-11.16%,-34.35%,-70.25%,6.40%,42.33,6.48,-1.67%,-1.97%,0.30%,44962025
425,426,LDOS,0.79,1.65,5.90%,1.42%,-9.55%,-22.56%,12.16%,61.43,85.89,0.76%,0.36%,0.40%,2760421
426,427,LECO,1.17,3.79,8.57%,14.91%,26.40%,-0.44%,65.80%,76.37,195.93,-0.08%,-0.28%,0.20%,666014
427,428,LEGN,-,2.62,4.69%,8.19%,34.83%,-4.41%,87.86%,59.04,70.07,-1.66%,-2.60%,0.97%,897357
428,429,LEN,1.44,2.68,7.09%,8.09%,26.49%,-0.28%,91.91%,67.77,120.02,0.18%,-0.86%,1.04%,4573885
429,430,LEN-B,-,2.36,7.17%,8.98%,32.90%,1.39%,100.71%,66.68,105.72,1.39%,0.22%,1.17%,161741
430,431,LH,1.05,4.49,7.11%,4.81%,2.02%,-10.97%,16.95%,68.08,234.27,1.61%,0.89%,0.72%,1053862
431,432,LHX,0.73,3.28,6.15%,2.68%,-6.87%,-23.33%,12.04%,66.99,195.57,1.13%,0.90%,0.23%,1772134
432,433,LI,-,1.28,13.46%,27.26%,47.81%,-17.06%,174.86%,77.12,34.41,-0.15%,-0.75%,0.61%,7234383
433,434,LII,0.95,6.87,6.41%,12.16%,22.07%,-0.15%,70.11%,67.42,311.04,0.74%,0.16%,0.58%,379364
434,435,LIN,0.85,5.55,3.58%,3.18%,14.02%,-0.85%,42.98%,64.9,375.29,-0.31%,-0.32%,0.02%,4364364
435,436,LKQ,1.34,0.97,0.10%,-2.42%,-0.24%,-8.60%,17.38%,46.27,54.23,-0.53%,-1.29%,0.77%,2631234
436,437,LLY,0.37,8.89,2.22%,8.05%,24.67%,-1.94%,58.14%,63.53,447.71,-1.37%,-1.83%,0.46%,4283691
437,438,LMT,0.66,6.72,1.13%,-1.14%,-0.25%,-9.63%,22.88%,52.43,459.17,0.71%,0.31%,0.39%,1641733
438,439,LNG,1.00,3.41,3.58%,0.85%,-5.06%,-18.46%,23.81%,56.73,148.68,1.02%,0.46%,0.56%,1987540
439,440,LNT,0.55,0.87,2.60%,-0.12%,-0.90%,-16.84%,13.88%,57.65,53.74,-0.02%,-0.30%,0.28%,2353284
440,441,LOW,1.07,4.47,4.21%,5.38%,7.59%,-2.79%,27.60%,60.63,217.08,-0.85%,-0.89%,0.05%,6855455
441,442,LPLA,0.90,6.4,4.55%,5.46%,-5.82%,-23.04%,23.16%,57.78,208.98,-2.33%,-2.55%,0.22%,918708
442,443,LRCX,1.47,16.92,0.63%,10.73%,29.09%,-4.96%,104.49%,57.61,612.65,-1.34%,-1.76%,0.42%,2678036
443,444,LSCC,1.27,3.78,6.85%,4.21%,22.00%,-8.43%,104.24%,57.35,88.66,-1.10%,-2.70%,1.64%,2997244
444,445,LSI,0.62,2.93,0.51%,-2.70%,10.57%,-11.51%,38.03%,49.33,129.78,-0.34%,-0.76%,0.42%,805307
445,446,LSXMA,1.11,0.82,6.58%,7.93%,-13.48%,-31.73%,23.35%,65.67,30.9,0.10%,0.00%,0.10%,772486
446,447,LSXMK,-,0.81,6.77%,8.30%,-13.11%,-31.62%,23.54%,66.28,30.91,0.39%,0.52%,-0.13%,1140794
447,448,LULU,1.42,9.24,7.41%,4.25%,15.00%,-1.55%,48.00%,64.38,383.02,0.10%,-1.00%,1.11%,1802691
448,449,LUV,1.17,0.79,12.52%,11.75%,0.92%,-17.98%,20.60%,75.74,34.25,0.82%,0.18%,0.65%,8737060
449,450,LVS,1.17,1.6,1.02%,-1.62%,15.74%,-10.87%,91.89%,49.27,58.45,-0.36%,-0.71%,0.36%,4881882
450,451,LW,0.54,1.76,1.70%,2.71%,19.95%,-1.02%,82.59%,58.86,114.34,-0.35%,-0.57%,0.23%,1529063
451,452,LYB,1.20,2.17,3.11%,0.76%,5.40%,-8.94%,29.08%,56.72,92.24,0.51%,0.36%,0.15%,4144097
452,453,LYG,1.29,0.05,0.69%,-2.00%,1.62%,-13.69%,33.53%,50.2,2.27,-0.87%,-0.44%,-0.44%,8564546
453,454,LYV,1.30,1.79,7.88%,18.29%,19.17%,-9.51%,40.36%,79.4,90.18,-0.18%,-1.22%,1.05%,3106510
454,455,MA,1.10,7.13,0.61%,0.52%,7.71%,-4.00%,36.00%,51.98,376.53,-0.66%,-1.33%,0.68%,5886891
455,456,MAA,0.76,2.73,3.71%,3.46%,-0.48%,-18.34%,11.98%,62.62,155.29,0.73%,0.04%,0.69%,1196027
456,457,MANH,1.58,3.76,4.98%,12.29%,35.59%,-1.27%,80.92%,73.2,191.81,-0.99%,-1.38%,0.40%,711363
457,458,MAR,1.57,4.03,0.38%,1.80%,8.51%,-3.80%,34.62%,50.83,176.36,-0.18%,-0.51%,0.33%,4717893
458,459,MAS,1.22,1.32,5.79%,7.38%,10.53%,-3.06%,31.11%,60.87,55.5,-0.93%,-0.96%,0.04%,3486825
459,460,MBLY,-,2.02,-6.84%,-4.72%,5.05%,-18.60%,57.59%,42.24,39.16,-1.43%,-2.37%,0.96%,3679880
460,461,MCD,0.64,3.53,2.05%,1.14%,8.61%,-1.73%,27.37%,60.68,293.7,0.37%,-0.28%,0.65%,4885811
461,462,MCHP,1.57,2.57,8.20%,10.25%,15.48%,-2.59%,57.35%,64.46,85.49,0.14%,-1.10%,1.25%,9202383
462,463,MCK,0.58,7.84,3.42%,7.19%,10.27%,1.10%,35.99%,64.41,406.2,1.53%,0.96%,0.57%,1488747
463,464,MCO,1.3,6.06,5.26%,9.25%,16.77%,-2.33%,48.53%,68.52,341.85,-1.85%,-2.44%,0.60%,1242615
464,465,MDB,1.1,17.07,14.37%,38.29%,73.44%,-4.76%,181.10%,70.88,379.9,-1.43%,-1.55%,0.12%,1613136
465,466,MDLZ,0.65,1.04,-0.80%,-0.77%,10.51%,-6.39%,34.45%,46.75,73.57,0.15%,-0.77%,0.93%,10878563
466,467,MDT,0.73,1.63,4.73%,3.62%,7.32%,-6.75%,17.67%,65.21,89.15,1.02%,0.99%,0.03%,9043743
467,468,MELI,1.55,42.86,-5.07%,-5.80%,12.17%,-12.51%,96.16%,40.93,1194.74,-2.37%,-2.39%,0.02%,779212
468,469,MET,1.08,1.52,5.33%,-0.06%,-15.09%,-28.26%,13.38%,56.29,55.5,0.62%,0.36%,0.25%,10275175
469,470,META,1.19,7.31,6.90%,16.78%,65.85%,-1.05%,218.99%,77.62,281.0,-0.29%,-1.32%,1.04%,43001938
470,471,MFC,1.11,0.32,-0.41%,-1.15%,4.38%,-6.91%,27.28%,46.48,18.99,-1.61%,-1.35%,-0.26%,4603642
471,472,MFG,0.5,0.06,-0.02%,0.54%,9.43%,-9.70%,41.90%,49.35,2.98,-0.67%,-0.33%,-0.33%,325976
472,473,MGA,1.62,1.36,8.71%,8.24%,2.51%,-17.31%,25.03%,68.23,56.99,0.41%,0.48%,-0.07%,915195
473,474,MGM,2.07,1.12,3.00%,-0.10%,10.30%,-8.03%,61.45%,53.1,42.64,-2.47%,-2.34%,-0.14%,7900910
474,475,MKC,0.59,1.41,4.34%,5.51%,14.50%,-0.38%,31.23%,70.32,92.65,0.73%,0.65%,0.08%,1712860
475,476,MKL,0.78,24.14,0.25%,0.11%,4.70%,-7.88%,26.28%,50.79,1343.69,0.39%,-0.29%,0.68%,53665
476,477,MKTX,0.79,7.85,0.10%,-8.01%,-6.99%,-30.67%,27.46%,43.82,277.15,-1.09%,-2.04%,0.96%,1206502
477,478,MLM,0.86,7.58,3.46%,10.45%,20.21%,-0.87%,49.67%,69.59,426.54,-0.68%,-0.77%,0.09%,614593
478,479,MMC,0.92,2.5,2.65%,2.55%,8.40%,-0.70%,26.39%,62.11,181.15,0.34%,-0.11%,0.45%,2850674
479,480,MMM,0.97,2.67,5.28%,2.77%,-7.81%,-31.36%,13.16%,59.25,104.54,0.70%,0.13%,0.57%,6192663
480,481,MMP,0.89,1.16,-1.83%,3.42%,12.93%,-6.71%,34.18%,51.43,60.1,-0.13%,0.33%,-0.47%,4657114
481,482,MNST,0.85,0.9,0.18%,2.99%,14.66%,-3.33%,37.06%,53.83,58.45,-0.60%,-1.20%,0.61%,7688721
482,483,MO,0.62,0.65,-1.79%,-3.21%,-2.76%,-10.04%,9.22%,39.53,44.07,-0.18%,-0.27%,0.09%,13649728
483,484,MOH,0.68,8.68,-1.75%,-3.44%,-10.21%,-25.66%,11.31%,45.28,278.02,-2.04%,-2.31%,0.27%,763075
484,485,MOS,1.51,1.37,3.42%,-8.39%,-23.30%,-42.99%,13.93%,49.02,35.82,1.53%,1.04%,0.48%,12257793
485,486,MPC,1.63,3.15,2.72%,-2.55%,-2.54%,-18.40%,45.95%,52.8,113.29,-0.47%,-0.68%,0.20%,10768231
486,487,MPLX,1.4,0.37,0.86%,-0.42%,1.70%,-3.66%,24.05%,55.74,34.07,0.50%,-0.35%,0.86%,4238976
487,488,MPWR,1.12,22.08,6.08%,11.17%,22.00%,-6.51%,71.57%,59.42,517.61,-0.32%,-2.32%,2.05%,1110036
488,489,MRK,0.35,2.22,-1.86%,-4.02%,3.92%,-8.63%,31.63%,40.93,109.32,-0.07%,-0.35%,0.27%,15830593
489,490,MRNA,1.66,4.76,0.84%,-4.42%,-15.83%,-40.75%,11.91%,49.17,128.73,-0.96%,-1.85%,0.91%,5496062
490,491,MRO,2.37,0.82,1.04%,-0.58%,-9.94%,-29.68%,21.01%,51.93,23.5,0.90%,0.13%,0.77%,18394763
491,492,MRVL,1.4,2.69,7.83%,30.84%,41.21%,-10.10%,81.10%,65.33,61.12,-1.47%,-2.98%,1.56%,17815753
492,493,MS,1.33,1.83,4.08%,2.95%,0.29%,-12.77%,22.26%,59.54,88.09,-1.08%,-1.71%,0.64%,13141638
493,494,MSCI,1.13,11.35,0.84%,-2.32%,-2.55%,-16.55%,25.84%,49.23,477.73,-2.01%,-2.83%,0.84%,628092
494,495,MSFT,0.92,6.89,4.21%,10.47%,29.85%,-2.15%,60.39%,65.72,342.33,-1.66%,-2.49%,0.85%,46393046
495,496,MSI,0.92,4.4,-1.26%,-2.37%,6.70%,-6.41%,43.59%,45.03,280.25,-0.72%,-0.97%,0.26%,1302324
496,497,MT,1.92,0.61,5.50%,2.33%,5.58%,-13.44%,46.08%,60.91,28.12,-0.11%,-0.07%,-0.04%,1770252
497,498,MTB,0.79,4.59,-0.77%,1.72%,-17.48%,-36.33%,12.62%,49.76,123.16,-1.29%,-2.10%,0.83%,2639862
498,499,MTCH,1.13,1.51,12.56%,19.08%,-2.24%,-46.77%,37.49%,66.3,42.25,-2.42%,-2.90%,0.48%,5853503
499,500,MTD,1.16,33.77,-0.84%,-7.15%,-5.30%,-18.19%,24.06%,42.64,1321.97,-1.07%,-2.15%,1.10%,188749
500,501,MU,1.37,2.35,-0.69%,5.40%,16.35%,-9.51%,39.71%,53.18,67.66,-1.69%,-3.55%,1.93%,32169642
501,502,MUFG,0.70,0.12,1.77%,5.35%,14.03%,-10.12%,60.79%,56.62,6.93,-1.28%,-0.72%,-0.57%,1788033
502,503,NDAQ,0.94,1.42,-6.41%,-6.80%,-12.75%,-26.00%,5.06%,36.64,51.22,-2.01%,-2.70%,0.71%,7413080
503,504,NDSN,0.93,4.27,5.47%,7.89%,5.12%,-5.63%,21.66%,70.43,237.11,0.22%,-0.24%,0.47%,360292
504,505,NEE,0.46,1.37,2.22%,-0.43%,-4.15%,-17.25%,8.54%,55.4,75.59,1.65%,1.06%,0.59%,23040560
505,506,NEM,0.36,1.07,4.36%,-4.26%,-4.51%,-33.83%,17.04%,53.55,43.83,2.65%,1.34%,1.29%,17156301
506,507,NET,0.96,3.5,5.51%,15.50%,23.75%,-16.50%,80.97%,59.67,67.63,-3.73%,-4.57%,0.88%,4966284
507,508,NFLX,1.28,12.89,8.97%,20.85%,39.18%,-3.72%,154.54%,71.13,431.96,-2.99%,-3.01%,0.02%,8731801
508,509,NGG,0.62,1.05,0.26%,-3.14%,8.18%,-8.79%,43.86%,47.84,67.93,1.01%,-1.11%,2.14%,609499
509,510,NI,0.46,0.44,1.09%,-1.73%,0.23%,-14.09%,15.14%,50.96,27.38,0.15%,-0.44%,0.59%,5454390
510,511,NICE,0.88,6.26,8.41%,9.16%,10.47%,-4.90%,35.80%,64.8,223.6,-2.20%,-2.61%,0.42%,341950
511,512,NIMC,-,0.96,0.21%,-2.16%,-2.78%,-16.89%,4.77%,47.55,101.24,0.21%,0.41%,-0.20%,1706
512,513,NIO,1.96,0.57,16.34%,13.48%,-15.59%,-61.52%,34.29%,64.15,9.4,-3.98%,-7.48%,3.78%,81068201
513,514,NKE,1.12,2.68,4.76%,-3.58%,1.10%,-13.49%,38.15%,54.66,113.59,1.05%,-0.29%,1.34%,14337878
514,515,NLY,1.45,0.44,5.76%,6.93%,0.53%,-26.36%,36.27%,64.05,20.59,-1.44%,-1.62%,0.19%,10140555
515,516,NMR,0.69,0.07,8.37%,8.04%,8.03%,-6.38%,32.22%,70.08,3.96,0.00%,-0.75%,0.76%,1175594
516,517,NOC,0.50,7.32,2.95%,1.13%,-4.84%,-17.60%,6.82%,60.79,458.35,1.21%,1.16%,0.05%,1178360
517,518,NOK,0.97,0.07,5.91%,1.34%,-6.14%,-18.94%,8.91%,64.91,4.28,0.94%,0.00%,0.94%,20144274
518,519,NOW,1.02,15.22,5.29%,15.16%,30.31%,-1.94%,67.80%,67.15,565.48,-1.55%,-1.55%,0.00%,2086255
519,520,NSC,1.28,4.36,4.16%,6.40%,-1.59%,-15.17%,14.16%,67.02,224.14,0.38%,-0.68%,1.06%,1995668
520,521,NTAP,1.19,1.63,6.83%,12.10%,12.75%,-5.97%,28.05%,68.44,74.37,0.83%,0.16%,0.66%,3140499
521,522,NTES,0.55,2.75,10.15%,10.30%,21.63%,-3.40%,85.44%,69.34,98.45,0.32%,0.32%,0.00%,1372434
522,523,NTR,0.95,1.89,3.77%,-6.29%,-20.73%,-41.53%,15.01%,50.28,60.07,0.74%,0.65%,0.08%,2204887
523,524,NTRS,1.09,1.94,1.42%,-3.13%,-14.26%,-28.56%,7.43%,50.08,74.71,-1.23%,-1.66%,0.44%,1991273
524,525,NU,-,0.27,7.48%,27.61%,55.53%,-1.82%,131.29%,72.41,7.54,1.75%,1.34%,0.40%,22099888
525,526,NUE,1.59,4.47,7.05%,5.30%,5.46%,-17.12%,51.22%,61.28,151.41,0.15%,-0.33%,0.48%,3177400
526,527,NVDA,1.75,15.23,14.14%,34.97%,102.82%,-1.38%,294.82%,74.55,426.92,0.09%,-1.89%,2.02%,65402829
527,528,NVO,0.47,3.06,-0.05%,-1.89%,19.16%,-6.75%,69.74%,49.62,161.29,-0.76%,-0.84%,0.08%,1051568
528,529,NVR,1.00,107.37,4.34%,3.97%,21.02%,0.06%,67.52%,65.05,5990.38,0.76%,-0.16%,0.93%,50762
529,530,NVS,0.55,1.35,2.54%,1.57%,14.78%,-3.53%,37.44%,59.23,101.83,0.43%,-0.55%,0.99%,2683278
530,531,NWG,1.23,0.12,-0.49%,-1.23%,2.39%,-15.46%,40.06%,48.53,6.59,0.00%,-0.45%,0.46%,1775795
531,532,NWS,-,0.41,4.32%,9.42%,10.67%,-9.42%,30.69%,64.83,19.8,0.20%,-0.45%,0.66%,1496592
532,533,NWSA,1.32,0.41,3.98%,9.07%,10.72%,-9.77%,31.61%,64.17,19.57,0.31%,-0.46%,0.77%,3908237
533,534,NXPI,1.51,5.6,8.71%,13.76%,17.20%,-0.85%,49.80%,69.21,197.85,1.07%,-0.18%,1.25%,4512624
534,535,O,0.79,0.81,2.21%,0.37%,-2.50%,-18.27%,10.61%,57.79,61.39,0.26%,0.26%,0.00%,18463207
535,536,OC,1.44,2.7,7.43%,14.35%,30.00%,-0.75%,67.41%,74.23,122.16,-0.62%,-0.62%,0.00%,2378288
536,537,ODFL,1.06,9.34,4.47%,1.86%,6.22%,-14.76%,40.47%,57.43,325.46,-0.89%,-2.48%,1.64%,1332931
537,538,OKE,1.62,1.32,3.55%,-1.95%,-3.07%,-14.84%,20.69%,54.88,60.95,-0.26%,-0.41%,0.15%,7630644
538,539,OKTA,1.04,3.27,-4.01%,-1.26%,10.23%,-31.72%,71.69%,47.77,75.75,-0.56%,-1.59%,1.04%,3921285
539,540,OMC,0.86,1.83,2.86%,3.02%,15.31%,-1.68%,55.19%,59.22,95.15,-0.47%,-0.32%,-0.15%,2585462
540,541,ON,1.72,3.17,3.67%,10.85%,22.78%,-3.52%,101.41%,58.97,90.15,-0.93%,-1.79%,0.87%,28115614
541,542,ORAN,0.23,0.16,-4.11%,-8.38%,4.57%,-13.76%,28.04%,30.95,11.28,-0.79%,-0.88%,0.09%,2272107
542,543,ORCL,1.03,3.27,16.51%,24.82%,47.21%,-1.63%,106.42%,84.33,125.46,-0.86%,-1.21%,0.36%,19438215
543,544,ORLY,0.87,18.2,0.47%,0.48%,11.13%,-4.72%,58.45%,52.12,919.02,-0.91%,-2.27%,1.39%,885195
544,545,OTEX,1.06,0.9,-0.70%,3.48%,24.29%,-4.07%,66.56%,51.33,41.49,-1.07%,-1.17%,0.10%,773874
545,546,OTIS,-,1.57,5.11%,5.92%,12.74%,-0.12%,41.81%,64.82,88.62,0.09%,-0.38%,0.47%,3052289
546,547,OWL,-,0.37,8.60%,8.56%,4.74%,-17.74%,43.39%,63.33,11.55,-1.45%,-1.20%,-0.26%,3237196
547,548,OXY,1.78,1.24,-1.45%,-3.56%,-8.94%,-24.61%,7.08%,42.05,58.15,-0.46%,-0.94%,0.48%,13715211
548,549,PAG,1.23,4.45,5.25%,8.10%,21.52%,-2.38%,62.68%,60.31,153.72,-1.80%,-2.16%,0.37%,394729
549,550,PANW,1.18,6.68,14.67%,22.87%,40.51%,0.68%,86.45%,77.22,246.53,1.12%,-0.31%,1.44%,54804402
550,551,PARA,1.68,0.8,4.18%,-11.39%,-17.71%,-40.78%,17.97%,47.53,16.28,-1.51%,-2.16%,0.67%,12996149
551,552,PATH,-,1.07,4.67%,14.17%,26.09%,-18.83%,74.10%,56.96,18.1,-3.47%,-1.90%,-1.60%,14361977
552,553,PAYC,1.43,9.2,8.06%,9.94%,3.00%,-20.57%,25.06%,67.12,319.92,-1.24%,-2.25%,1.03%,671869
553,554,PAYX,0.97,2.06,3.32%,4.25%,-0.61%,-18.56%,9.13%,60.48,113.59,0.25%,-0.19%,0.44%,3842225
554,555,PBA,-,0.6,-0.17%,-2.73%,-6.20%,-18.44%,5.54%,46.16,31.23,0.42%,0.06%,0.35%,763399
555,556,PBR,1.45,0.42,13.12%,19.99%,21.08%,-11.62%,59.61%,72.58,13.9,0.80%,1.53%,-0.73%,15216152
556,557,PBR-A,-,0.4,12.42%,19.32%,21.28%,-13.66%,60.80%,69.16,12.37,0.49%,1.81%,-1.30%,15659513
557,558,PCAR,0.95,1.68,6.67%,7.88%,16.21%,-1.89%,57.47%,66.17,78.63,-0.57%,-1.02%,0.46%,3943723
558,559,PCG,1.13,0.33,3.73%,2.74%,12.07%,-1.58%,80.50%,63.59,17.4,0.87%,0.00%,0.87%,21673674
559,560,PCGU,-,1.97,3.36%,2.05%,9.54%,-1.50%,61.12%,62.81,150.65,0.41%,-0.13%,0.55%,50940
560,561,PCTY,1.09,6.22,2.72%,1.13%,-9.62%,-33.19%,21.69%,52.9,184.98,-2.52%,-3.57%,1.09%,585530
561,562,PDD,0.78,3.91,15.05%,17.74%,6.12%,-24.92%,105.85%,66.79,79.87,-1.18%,-2.26%,1.11%,12500401
562,563,PEAK,0.88,0.46,1.52%,-1.04%,-12.69%,-27.30%,8.30%,49.86,20.67,-0.43%,-0.86%,0.43%,7153600
563,564,PEG,0.59,0.93,2.12%,0.01%,3.03%,-10.58%,19.10%,57.12,62.54,0.45%,-0.03%,0.48%,5330707
564,565,PEN,0.53,7.89,6.10%,11.57%,40.24%,-1.55%,193.71%,69.79,337.37,-0.27%,-0.99%,0.73%,558848
565,566,PEP,0.55,2.38,1.08%,-0.53%,4.26%,-5.51%,19.94%,53.59,186.04,0.18%,-0.18%,0.36%,8912369
566,567,PFE,0.63,0.81,4.00%,2.55%,-8.74%,-27.07%,10.75%,59.5,40.06,0.78%,0.50%,0.28%,60290730
567,568,PFG,1.30,1.85,6.97%,4.32%,-7.25%,-22.24%,22.49%,62.67,74.78,0.92%,-0.43%,1.35%,3110138
568,569,PG,0.40,2.1,2.10%,-0.96%,4.28%,-5.42%,22.39%,55.29,149.54,0.73%,0.07%,0.67%,11229476
569,570,PGR,0.49,2.63,-0.47%,-3.09%,-1.43%,-13.26%,19.65%,46.97,129.99,1.27%,0.72%,0.55%,3352610
570,571,PH,1.51,8.77,7.71%,11.52%,19.50%,-1.48%,60.17%,66.9,369.1,-1.32%,-1.76%,0.45%,1037095
571,572,PHG,0.93,0.38,3.89%,5.19%,26.74%,-4.56%,81.46%,61.04,20.41,-0.39%,-1.16%,0.78%,972932
572,573,PHM,1.35,1.51,5.74%,10.68%,42.00%,-1.37%,109.83%,68.52,73.51,-0.61%,-0.10%,-0.51%,5781284
573,574,PINS,0.98,0.82,6.00%,3.39%,2.73%,-13.36%,51.18%,62.81,25.36,1.60%,1.52%,0.08%,12959099
574,575,PKG,0.90,2.77,2.69%,-1.07%,1.00%,-9.47%,19.78%,54.92,132.42,-0.18%,-0.47%,0.29%,1737723
575,576,PKX,1.22,1.27,5.21%,5.15%,30.12%,-5.06%,107.99%,63.75,75.98,-0.61%,-0.90%,0.29%,439110
576,577,PLD,0.99,2.78,-0.58%,-0.70%,3.51%,-11.69%,25.09%,48.43,122.63,0.75%,-0.22%,0.97%,5830935
577,578,PLTR,-,1.01,14.43%,51.28%,92.35%,-5.01%,179.11%,75.3,16.3,-1.81%,-3.26%,1.51%,90235561
578,579,PM,0.72,1.39,3.12%,-0.44%,-1.32%,-10.16%,14.53%,59.11,94.89,0.17%,0.15%,0.02%,9474971
579,580,PNC,1.12,3.57,4.31%,5.68%,-12.09%,-27.15%,16.46%,59.87,128.47,-0.25%,-0.70%,0.46%,3460613
580,581,PNR,1.13,1.34,3.64%,6.96%,21.85%,-0.63%,57.74%,61.28,60.81,-0.33%,-0.65%,0.33%,1593838
581,582,PODD,0.79,7.53,-0.17%,-6.95%,-0.96%,-15.30%,47.92%,43.22,284.5,-0.92%,-1.64%,0.73%,727495
582,583,POOL,0.96,10.22,7.28%,5.76%,6.55%,-15.57%,28.71%,63.09,357.95,0.12%,-0.70%,0.83%,556376
583,584,PPG,1.18,2.74,3.46%,3.01%,11.37%,-1.67%,33.64%,60.11,143.08,1.28%,0.36%,0.92%,2673810
584,585,PPL,0.80,0.41,1.29%,-2.84%,-3.44%,-14.97%,15.02%,48.45,26.99,-0.07%,-0.52%,0.44%,8309809
585,586,PRU,1.39,1.99,5.08%,4.54%,-7.22%,-21.57%,15.47%,62.13,87.03,0.31%,0.25%,0.06%,3973720
586,587,PSA,0.46,6.16,0.46%,-1.52%,-2.80%,-19.61%,6.28%,49.2,287.1,-0.19%,-0.41%,0.23%,1798441
587,588,PSTG,1.28,1.13,20.94%,40.66%,35.99%,0.17%,70.46%,85.24,37.74,0.37%,-0.63%,1.01%,5880773
588,589,PSX,1.37,2.57,1.05%,-0.75%,-1.72%,-14.45%,31.22%,51.61,97.13,0.11%,-0.41%,0.53%,4962188
589,590,PTC,1.19,2.58,5.07%,9.40%,15.37%,-0.66%,46.12%,69.77,143.15,-0.31%,-0.98%,0.68%,1514625
590,591,PUK,1.35,0.68,1.96%,0.32%,9.28%,-15.94%,58.69%,52.8,28.89,-1.06%,-0.41%,-0.65%,289563
591,592,PWR,1.06,3.49,4.42%,8.27%,21.71%,-0.35%,64.76%,67.59,185.95,0.08%,-0.51%,0.60%,1751534
592,593,PXD,1.44,5.14,1.02%,-1.68%,-5.29%,-20.80%,17.86%,52.45,206.8,1.73%,0.80%,0.91%,4239170
593,594,PYPL,1.31,1.89,5.64%,-2.48%,-14.23%,-35.52%,12.69%,56.13,66.43,0.88%,0.76%,0.12%,29672744
594,595,QCOM,1.26,3.34,7.93%,7.60%,2.61%,-21.69%,20.90%,63.97,122.68,-0.75%,-1.53%,0.79%,12886685
595,596,QGEN,0.38,0.64,2.46%,2.78%,0.79%,-8.64%,15.80%,59.44,46.76,0.39%,-0.06%,0.45%,723331
596,597,QRVO,1.43,2.8,4.72%,8.16%,8.52%,-10.44%,36.14%,63.83,102.62,0.11%,-1.47%,1.60%,3467042
597,598,QSR,0.99,1.4,3.08%,6.71%,17.92%,-1.46%,63.73%,64.17,76.43,-0.09%,-0.39%,0.30%,732681
598,599,RACE,-,4.24,4.26%,6.95%,27.81%,0.42%,78.33%,68.34,308.02,0.62%,-0.22%,0.85%,294920
599,600,RBA,0.90,1.29,3.47%,1.73%,-1.53%,-19.86%,19.63%,58.62,57.09,0.07%,-0.26%,0.33%,12523543
600,601,RBLX,-,1.8,4.06%,4.68%,10.42%,-22.42%,75.04%,57.96,41.8,2.88%,2.08%,0.79%,15243676
601,602,RCI,0.53,0.78,-2.57%,-7.07%,-2.67%,-12.34%,21.36%,36.01,43.97,-0.52%,-0.72%,0.20%,479517
602,603,RCL,2.45,2.57,11.17%,27.36%,54.87%,-1.37%,206.53%,77.9,95.3,-0.64%,-1.29%,0.67%,3901028
603,604,RE,0.60,8.26,0.33%,-3.31%,5.04%,-10.80%,44.07%,48.88,352.35,2.35%,1.74%,0.60%,587120
604,605,REG,1.17,1.16,4.67%,3.10%,0.27%,-10.82%,17.64%,61.58,61.14,0.49%,-0.31%,0.81%,1101866
605,606,REGN,0.24,13.08,4.84%,1.37%,5.14%,-6.51%,43.17%,63.32,783.05,-0.00%,-0.64%,0.64%,993137
606,607,RELX,0.83,0.42,7.72%,6.46%,17.35%,0.44%,45.53%,76.05,34.04,1.64%,0.35%,1.28%,2030391
607,608,REXR,0.84,1.34,0.36%,-2.14%,-5.16%,-21.78%,10.22%,49.31,53.72,-0.09%,-0.67%,0.58%,4014994
608,609,RF,1.20,0.62,1.50%,2.71%,-12.22%,-25.52%,29.99%,53.3,18.12,-1.09%,-1.47%,0.38%,17517692
609,610,RIO,0.73,1.42,7.71%,5.42%,3.43%,-16.10%,32.67%,63.63,67.55,-1.17%,-0.75%,-0.42%,3722183
610,611,RIVN,-,0.92,3.33%,8.13%,-32.82%,-63.58%,27.40%,56.2,14.88,-2.36%,-2.75%,0.39%,92074575
611,612,RJF,1.04,2.18,6.90%,9.45%,-3.78%,-20.56%,22.06%,67.9,100.09,-0.08%,-0.76%,0.69%,2048186
612,613,RKT,-,0.32,9.03%,6.48%,13.88%,-19.21%,53.94%,64.42,9.19,-1.50%,-0.97%,-0.54%,2835054
613,614,RMD,0.48,4.25,0.43%,-2.36%,-0.60%,-11.55%,12.73%,48.56,219.04,0.03%,-0.70%,0.73%,734121
614,615,ROK,1.44,7.23,8.13%,11.70%,17.93%,-1.22%,66.14%,69.32,315.8,-1.13%,-1.72%,0.60%,1431118
615,616,ROKU,1.75,3.37,13.72%,18.34%,22.39%,-30.30%,84.76%,67.67,70.69,-1.48%,-2.47%,1.02%,5787356
616,617,ROL,0.67,0.63,1.33%,1.34%,8.18%,-4.58%,30.73%,53.97,41.09,-1.32%,-1.34%,0.02%,2399819
617,618,ROP,1.02,6.56,1.13%,1.75%,7.81%,-1.10%,28.79%,56.68,458.78,-0.51%,-1.00%,0.49%,1014913
618,619,ROST,0.98,2.17,3.84%,3.38%,3.45%,-11.93%,55.75%,62.5,107.84,-0.04%,-0.71%,0.68%,3476998
619,620,RPM,0.94,1.53,4.23%,4.56%,-4.58%,-19.98%,14.30%,65.34,85.22,0.29%,-0.23%,0.53%,957677
620,621,RPRX,-,0.76,-3.39%,-7.34%,-16.92%,-28.57%,-0.19%,35.72,31.9,-0.93%,-1.05%,0.12%,4651436
621,622,RRX,1.09,4.01,9.30%,13.64%,10.37%,-7.15%,39.67%,68.25,151.24,-0.49%,-0.74%,0.24%,561306
622,623,RS,0.88,6.21,4.91%,4.63%,16.25%,-3.16%,59.75%,60.91,256.07,0.07%,0.20%,-0.14%,809344
623,624,RSG,0.66,1.84,1.79%,2.48%,7.97%,-2.39%,21.73%,61.03,145.73,0.82%,0.23%,0.58%,1515007
624,625,RTO,0.89,0.46,1.39%,3.66%,23.37%,-1.14%,63.58%,60.29,40.65,-0.02%,-1.41%,1.40%,839858
625,626,RTX,1.06,1.65,1.74%,-0.21%,2.38%,-6.83%,21.76%,52.85,97.74,-0.27%,-0.47%,0.20%,9029088
626,627,RVTY,1.09,2.72,2.95%,-3.64%,-8.57%,-29.85%,7.68%,54.34,119.26,1.35%,0.31%,1.04%,1309272
627,628,RY,0.81,1.4,3.38%,-0.13%,-0.70%,-8.85%,14.13%,58.55,95.45,0.23%,0.10%,0.13%,757883
628,629,RYAAY,1.44,2.18,2.10%,8.12%,27.43%,-0.93%,93.01%,62.26,107.89,0.87%,1.07%,-0.20%,406703
629,630,RYAN,-,0.84,2.04%,2.59%,4.19%,-7.39%,33.74%,57.9,42.97,0.54%,-0.05%,0.58%,747175
630,631,SAN,1.08,0.07,2.51%,-1.22%,10.20%,-14.67%,54.42%,54.01,3.49,-0.29%,0.00%,-0.29%,7201905
631,632,SAP,1.19,1.9,3.61%,4.05%,22.83%,-0.03%,75.50%,66.47,137.28,0.18%,-1.22%,1.42%,983343
632,633,SBAC,0.52,6.06,1.49%,-4.39%,-15.05%,-35.34%,5.47%,48.98,230.57,-1.44%,-2.04%,0.61%,1017989
633,634,SBUX,0.94,1.71,1.98%,-2.59%,2.67%,-11.79%,44.80%,52.41,101.87,0.48%,-0.14%,0.62%,11700812
634,635,SCCO,1.26,2.02,6.90%,0.96%,15.29%,-9.27%,75.48%,59.6,74.44,0.38%,0.58%,-0.20%,1610628
635,636,SCHW,0.88,1.57,1.21%,4.66%,-21.12%,-37.20%,20.89%,53.92,54.4,-2.00%,-2.67%,0.68%,19332186
636,637,SCI,0.79,1.24,2.42%,-1.35%,-0.91%,-11.86%,16.46%,53.95,66.21,-0.05%,-0.33%,0.29%,1946576
637,638,SE,1.67,2.92,-1.00%,-15.16%,-3.13%,-33.75%,52.66%,40.05,62.08,-1.26%,-2.19%,0.95%,4705731
638,639,SEDG,1.38,12.04,-4.45%,-5.44%,-3.53%,-26.39%,45.52%,41.75,276.7,-0.27%,-1.64%,1.38%,1054118
639,640,SGEN,0.51,2.34,1.59%,-0.31%,24.88%,-4.27%,70.85%,57.11,198.32,0.39%,0.15%,0.24%,1570596
640,641,SHEL,0.67,1.17,2.85%,0.60%,5.57%,-3.82%,34.41%,56.61,60.35,-0.54%,-0.45%,-0.10%,6410215
641,642,SHG,0.87,0.41,1.51%,2.60%,-1.65%,-25.41%,18.93%,54.48,27.33,-0.73%,-0.44%,-0.29%,96377
642,643,SHOP,2.03,2.98,6.64%,16.80%,53.08%,-2.78%,173.84%,60.7,64.71,-2.10%,-3.42%,1.36%,13535781
643,644,SHW,1.08,4.78,4.77%,6.68%,7.86%,-6.68%,26.97%,66.0,247.89,-0.63%,-1.13%,0.50%,2243733
644,645,SIRI,0.95,0.14,7.46%,5.74%,-22.46%,-42.48%,18.67%,62.05,3.94,2.87%,0.77%,2.09%,57935776
645,646,SJM,0.23,3.03,2.52%,0.16%,2.17%,-6.11%,27.04%,55.23,153.1,0.14%,0.05%,0.09%,1064623
646,647,SLB,1.79,1.5,3.49%,0.56%,-2.21%,-19.63%,55.89%,55.04,47.78,-0.25%,-0.54%,0.29%,14733232
647,648,SLF,1.00,0.69,2.25%,4.26%,9.53%,-1.39%,34.11%,63.36,50.91,0.10%,-0.18%,0.28%,414746
648,649,SMCI,1.18,15.59,5.68%,46.35%,132.16%,-14.59%,523.53%,61.23,230.77,-5.39%,-5.81%,0.44%,3029255
649,650,SMFG,0.71,0.13,0.93%,0.21%,10.80%,-10.00%,53.39%,50.87,8.26,-1.31%,-0.60%,-0.72%,2066410
650,651,SNA,1.10,4.58,4.45%,7.10%,15.12%,-0.33%,44.08%,66.06,273.87,-0.15%,-0.41%,0.27%,481886
651,652,SNAP,1.19,0.42,5.33%,9.01%,4.67%,-35.45%,45.70%,64.42,10.68,0.19%,-1.02%,1.22%,28822677
652,653,SNN,0.62,0.5,5.25%,4.02%,16.94%,-2.80%,47.69%,65.82,32.16,0.50%,-0.06%,0.56%,2029472
653,654,SNOW,-,9.23,6.72%,15.16%,18.32%,-10.44%,61.92%,58.91,184.18,-3.56%,-3.86%,0.31%,6579936
654,655,SNPS,1.14,11.03,1.36%,10.76%,26.13%,-5.73%,65.24%,60.33,441.19,-1.16%,-1.68%,0.53%,1889110
655,656,SNY,0.56,0.81,0.15%,-3.43%,9.60%,-10.00%,40.99%,48.95,52.04,0.48%,-0.95%,1.45%,1142213
656,657,SO,0.51,1.12,2.01%,-0.34%,3.38%,-10.93%,21.94%,56.5,71.76,1.41%,1.59%,-0.17%,9344807
657,658,SONY,1.07,1.75,0.13%,3.64%,17.37%,-3.34%,58.09%,52.7,97.57,-2.11%,-0.92%,-1.19%,777968
658,659,SPG,1.53,2.51,5.56%,4.22%,1.21%,-15.25%,31.12%,62.11,112.79,1.69%,0.49%,1.19%,3045164
659,660,SPGI,1.12,6.72,5.64%,9.54%,14.27%,-1.51%,41.49%,70.06,395.21,-1.19%,-1.65%,0.47%,1881802
660,661,SPLK,1.29,3.84,7.84%,15.96%,20.70%,-7.55%,66.18%,67.72,108.02,-2.23%,-2.47%,0.24%,2884860
661,662,SPOT,1.74,4.63,6.36%,12.18%,46.31%,1.82%,130.92%,68.63,159.99,5.13%,4.36%,0.74%,3530028
662,663,SQ,2.32,2.51,6.41%,7.63%,0.55%,-28.63%,29.55%,61.21,66.51,0.48%,0.00%,0.48%,12225184
663,664,SQM,1.00,2.49,3.82%,1.96%,-16.11%,-37.64%,19.85%,55.28,72.16,0.22%,-0.33%,0.56%,1638035
664,665,SRE,0.74,2.38,1.53%,-1.86%,-4.17%,-16.02%,8.54%,51.4,148.2,-0.26%,-0.64%,0.38%,2258696
665,666,SRPT,1.01,4.5,-0.98%,-0.40%,5.66%,-18.42%,112.86%,49.79,130.44,-0.89%,-1.74%,0.87%,1550736
666,667,SSNC,1.43,1.07,6.48%,6.74%,10.16%,-6.82%,32.86%,70.01,60.12,-0.13%,-0.36%,0.23%,2023954
667,668,STE,0.85,4.03,4.00%,8.21%,13.45%,-6.05%,34.17%,70.56,213.61,0.04%,-0.32%,0.36%,1057938
668,669,STLA,-,0.33,7.27%,3.92%,12.52%,-8.57%,52.51%,65.54,17.34,1.05%,-0.12%,1.17%,4579144
669,670,STLD,1.51,3.72,4.46%,1.61%,1.05%,-24.86%,64.21%,54.33,102.53,-3.24%,-0.90%,-2.36%,7401493
670,671,STM,1.59,1.2,9.58%,9.26%,20.37%,-6.61%,76.33%,69.31,49.99,0.28%,0.06%,0.22%,5019370
671,672,STT,1.59,2.0,3.99%,2.96%,-2.65%,-22.13%,25.86%,57.03,73.77,-1.18%,-1.34%,0.16%,7079859
672,673,STX,1.13,1.94,3.90%,5.88%,8.12%,-23.25%,35.45%,58.3,64.3,-2.78%,-3.28%,0.51%,4022708
673,674,STZ,1.02,3.79,2.33%,5.95%,5.88%,-5.85%,18.22%,62.23,246.03,-1.27%,-1.58%,0.32%,1503044
674,675,SU,1.30,0.76,3.02%,0.65%,-5.05%,-21.02%,14.06%,55.64,30.14,-0.33%,-0.69%,0.36%,4200323
675,676,SUI,0.72,2.91,3.61%,0.43%,-4.00%,-21.76%,14.66%,57.19,134.87,0.72%,0.46%,0.25%,1109954
676,677,SUZ,-,0.26,8.22%,16.25%,10.29%,-9.74%,34.18%,72.34,10.01,0.10%,0.81%,-0.70%,5564275
677,678,SWAV,0.98,11.88,3.45%,6.22%,20.65%,-8.16%,90.59%,60.6,294.37,-0.60%,-2.55%,2.00%,557938
678,679,SWK,1.35,2.96,10.41%,11.70%,11.51%,-23.21%,29.41%,66.35,90.9,-0.63%,-0.88%,0.25%,2677182
679,680,SWKS,1.26,2.89,4.67%,4.22%,8.04%,-11.67%,43.46%,60.58,109.26,-0.28%,-1.63%,1.37%,3652068
680,681,SYF,1.57,0.88,2.52%,9.43%,0.93%,-19.53%,23.73%,59.16,32.9,-1.61%,-1.50%,-0.12%,8459772
681,682,SYK,0.95,6.11,5.25%,2.60%,16.41%,-3.98%,55.87%,66.42,294.35,-0.44%,-1.15%,0.72%,2429656
682,683,SYM,-,3.68,37.47%,64.36%,180.95%,-4.85%,485.37%,76.21,51.22,5.30%,3.64%,1.60%,1929486
683,684,SYY,1.10,1.22,2.01%,-0.79%,-5.40%,-17.39%,6.02%,53.86,73.39,-0.01%,0.08%,-0.10%,4396581
684,685,T,0.62,0.32,1.28%,-6.55%,-10.60%,-24.90%,11.07%,46.45,16.06,0.19%,-0.25%,0.44%,64091844
685,686,TAK,0.66,0.2,-0.31%,-2.36%,6.17%,-6.18%,31.03%,45.84,16.09,-0.37%,-0.25%,-0.12%,3243622
686,687,TAP,0.88,1.15,3.87%,8.01%,23.05%,-2.72%,41.97%,65.1,66.28,-0.48%,-0.84%,0.36%,2521434
687,688,TCOM,0.56,1.21,5.87%,3.91%,10.42%,-10.38%,87.01%,57.23,36.0,0.39%,0.00%,0.39%,4066634
688,689,TD,0.87,1.02,3.60%,1.90%,-3.58%,-13.46%,10.34%,59.82,61.16,0.30%,0.13%,0.16%,1978473
689,690,TDG,1.36,14.66,2.20%,4.65%,20.66%,-1.89%,67.79%,59.26,815.89,-1.06%,-1.32%,0.26%,402828
690,691,TDY,1.07,7.5,1.62%,-1.61%,0.64%,-9.42%,25.06%,52.46,406.43,-0.63%,-1.03%,0.40%,371773
691,692,TEAM,0.79,7.78,4.24%,12.15%,5.87%,-40.79%,56.16%,58.82,177.8,-2.41%,-2.91%,0.51%,2681970
692,693,TECH,1.23,2.16,-3.33%,-3.36%,-0.59%,-20.98%,15.42%,44.44,78.49,2.45%,1.38%,1.06%,2738282
693,694,TECK,1.09,1.52,1.42%,-3.17%,10.64%,-14.96%,71.48%,48.94,41.96,-3.05%,-3.54%,0.51%,5793344
694,695,TEF,0.62,0.08,-6.95%,-10.18%,-0.43%,-25.05%,24.52%,29.83,3.86,-3.26%,-3.26%,0.00%,8259581
695,696,TEL,1.32,2.39,7.97%,8.99%,10.25%,-1.87%,29.49%,72.07,135.65,1.66%,0.48%,1.18%,3289220
696,697,TER,1.53,2.85,8.17%,12.83%,18.41%,-0.99%,63.78%,69.62,111.06,0.88%,-0.17%,1.05%,3380416
697,698,TFC,1.05,1.33,1.36%,2.70%,-21.75%,-38.91%,24.80%,52.57,31.9,-0.99%,-0.90%,-0.09%,21743230
698,699,TFII,1.42,2.69,-1.41%,-3.07%,-1.09%,-17.59%,48.33%,45.56,106.25,0.09%,-0.54%,0.64%,497704
699,700,TFX,1.00,5.99,5.89%,0.15%,7.07%,-8.69%,38.19%,61.16,252.4,1.45%,0.58%,0.86%,443037
700,701,TGT,1.03,4.05,-2.22%,-11.27%,-15.46%,-27.23%,6.98%,41.58,133.81,-2.92%,-2.92%,-0.01%,9828359
701,702,TJX,0.91,1.37,3.66%,3.87%,7.91%,-2.25%,48.96%,62.74,81.26,-0.27%,-0.90%,0.64%,8389040
702,703,TLK,-,0.44,-2.75%,-4.62%,-0.54%,-16.40%,16.00%,38.7,26.71,-1.37%,0.19%,-1.55%,191206
703,704,TM,0.70,3.34,12.51%,16.47%,17.05%,-2.79%,26.36%,73.65,164.35,-2.28%,-0.96%,-1.33%,420417
704,705,TME,0.85,0.38,5.47%,6.57%,18.17%,-13.56%,155.73%,56.8,8.03,-3.60%,-3.02%,-0.60%,12469524
705,706,TMO,0.79,10.68,3.18%,-0.83%,-1.40%,-12.07%,12.93%,57.11,537.3,0.41%,-0.26%,0.67%,3423931
706,707,TMUS,0.54,3.16,-2.44%,-7.31%,-8.45%,-15.19%,7.53%,42.28,130.93,-1.38%,-0.39%,-0.99%,13010625
707,708,TOST,-,1.0,-0.44%,10.46%,12.45%,-16.61%,78.68%,52.32,21.71,-5.73%,-5.81%,0.09%,10594518
708,709,TPL,1.85,45.13,0.53%,-6.72%,-29.21%,-50.40%,6.49%,45.94,1358.6,-0.26%,-0.56%,0.30%,61981
709,710,TPR,1.49,1.19,2.89%,4.98%,12.36%,-8.66%,57.54%,57.09,43.37,-0.16%,-0.87%,0.71%,3637112
710,711,TRGP,2.25,1.73,1.82%,-0.90%,0.58%,-9.92%,29.21%,53.26,71.79,-0.17%,-0.72%,0.56%,2758195
711,712,TRI,0.57,2.13,4.15%,2.50%,10.50%,-2.82%,35.17%,65.26,129.79,1.10%,0.61%,0.48%,477517
712,713,TRMB,1.58,1.23,7.20%,9.05%,-1.57%,-27.09%,15.94%,65.14,52.67,-0.47%,-1.29%,0.83%,1927766
713,714,TROW,1.31,2.78,4.33%,4.45%,1.36%,-15.20%,22.08%,60.1,114.18,-0.44%,-1.10%,0.66%,2841191
714,715,TRP,0.88,0.78,0.28%,-0.90%,-3.92%,-26.86%,10.33%,48.4,40.59,-1.53%,-2.10%,0.58%,3513223
715,716,TRU,1.36,1.65,3.12%,10.57%,17.31%,-16.22%,49.98%,65.25,75.47,-0.80%,-1.37%,0.58%,2190130
716,717,TRV,0.62,2.9,0.59%,-0.25%,-0.39%,-9.13%,18.11%,51.31,176.75,0.44%,-0.69%,1.14%,2317854
717,718,TS,1.46,0.68,5.47%,2.44%,-7.59%,-25.66%,27.02%,58.6,28.25,-0.88%,-0.88%,0.00%,2825215
718,719,TSCO,0.82,4.96,0.96%,-5.06%,-0.24%,-12.84%,20.69%,46.93,218.93,-0.80%,-1.63%,0.84%,1558121
719,720,TSLA,2.03,9.29,21.67%,38.18%,33.01%,-17.20%,155.91%,85.94,260.54,1.81%,0.51%,1.29%,167208920
720,721,TSM,1.09,2.98,5.23%,14.53%,25.54%,-5.53%,75.95%,65.75,104.57,-0.58%,-0.49%,-0.10%,11421795
721,722,TSN,0.74,1.12,-0.87%,-8.50%,-18.96%,-43.23%,6.96%,41.63,50.39,0.36%,0.06%,0.30%,4114947
722,723,TT,1.06,3.62,8.23%,6.59%,8.93%,-4.67%,55.06%,70.03,187.06,0.98%,0.10%,0.87%,2099893
723,724,TTC,0.71,2.64,-3.75%,-5.47%,-7.01%,-17.19%,35.58%,40.96,97.43,-0.27%,-0.49%,0.23%,1315737
724,725,TTD,1.73,2.39,6.33%,15.53%,34.70%,-2.76%,95.97%,68.76,76.43,-1.09%,-1.50%,0.41%,2921283
725,726,TTE,0.82,1.19,-1.62%,-4.95%,-0.36%,-10.78%,32.38%,43.46,58.04,-1.17%,-0.74%,-0.44%,1517747
726,727,TTWO,0.67,2.77,1.54%,7.70%,19.69%,-2.34%,54.04%,64.92,138.64,1.05%,0.25%,0.80%,2375485
727,728,TU,0.76,0.27,0.56%,-3.93%,-5.21%,-17.65%,3.45%,47.71,19.5,1.30%,1.04%,0.26%,2264683
728,729,TW,0.97,1.91,1.60%,-0.07%,6.00%,-11.49%,37.54%,51.69,70.79,-0.59%,-0.18%,-0.41%,1337179
729,730,TWLO,1.40,3.06,7.64%,17.29%,12.16%,-33.63%,65.00%,62.04,67.65,-0.62%,-1.74%,1.15%,3283058
730,731,TXN,1.00,3.67,2.26%,3.13%,3.63%,-5.12%,22.36%,58.46,176.76,-0.75%,-1.50%,0.76%,10168802
731,732,TXT,1.48,1.27,3.80%,1.39%,-1.67%,-12.44%,16.69%,58.58,66.64,0.32%,-0.40%,0.72%,2970835
732,733,TYL,0.82,8.02,0.11%,2.88%,14.31%,-7.52%,40.09%,54.63,393.8,-0.20%,-1.30%,1.11%,776887
733,734,U,-,2.45,29.52%,40.55%,33.02%,-27.40%,100.57%,77.06,42.56,2.14%,-0.14%,2.28%,32789081
734,735,UAL,1.43,1.37,8.97%,16.17%,22.32%,-2.80%,69.41%,77.21,53.5,-0.15%,0.00%,-0.15%,6804471
735,736,UBER,1.22,1.24,9.76%,20.29%,39.34%,-0.53%,118.75%,72.96,43.52,0.37%,1.09%,-0.71%,27938167
736,737,UBS,1.11,0.34,2.23%,1.64%,9.21%,-7.86%,49.82%,57.16,20.41,-0.05%,-0.73%,0.69%,2524973
737,738,UDR,0.76,0.77,5.89%,6.05%,5.97%,-14.27%,16.78%,71.52,43.42,0.91%,0.37%,0.53%,3777969
738,739,UHS,1.27,4.18,10.11%,8.26%,17.34%,-3.90%,80.15%,71.83,148.62,0.55%,-0.79%,1.36%,1485098
739,740,UI,1.29,5.83,9.69%,-8.82%,-30.49%,-46.87%,16.08%,55.08,186.3,-0.40%,-1.38%,0.99%,150837
740,741,UL,0.45,0.57,2.06%,-2.00%,4.70%,-7.25%,22.36%,54.99,51.93,1.07%,0.04%,1.03%,2911364
741,742,ULTA,1.33,12.6,1.10%,-9.31%,-5.11%,-19.53%,24.22%,46.06,447.91,-0.72%,-1.48%,0.77%,1864711
742,743,UMC,1.28,0.18,4.90%,6.53%,17.39%,-2.45%,63.25%,61.33,8.75,-1.91%,-1.35%,-0.56%,9943340
743,744,UNH,0.66,11.51,-5.27%,-6.72%,-8.99%,-17.85%,2.87%,34.62,458.49,-1.59%,-1.64%,0.05%,7653910
744,745,UNP,1.1,3.98,3.49%,3.37%,0.43%,-15.55%,11.42%,61.71,204.67,-0.61%,-0.82%,0.22%,4136995
745,746,UPS,1.09,3.19,4.56%,0.60%,-0.05%,-14.71%,15.31%,61.2,178.58,-0.23%,-0.83%,0.60%,8463807
746,747,URI,1.85,13.45,10.40%,11.66%,11.77%,-16.37%,74.85%,65.43,403.09,-1.68%,-2.26%,0.60%,1132909
747,748,USB,0.98,1.22,6.07%,4.17%,-17.99%,-33.03%,22.66%,58.69,33.45,0.48%,-0.12%,0.60%,30107769
748,749,UTHR,0.62,4.77,5.18%,4.05%,-3.40%,-18.66%,14.19%,63.66,230.26,0.29%,0.11%,0.18%,658765
749,750,V,0.96,4.01,1.35%,0.05%,6.88%,-2.83%,31.11%,54.21,228.91,1.21%,1.09%,0.12%,13291117
750,751,VALE,0.92,0.37,6.09%,1.85%,-4.68%,-25.22%,23.65%,58.77,14.44,-0.21%,0.77%,-0.97%,20756653
751,752,VEEV,0.96,5.69,10.94%,11.76%,15.59%,-13.87%,32.47%,67.49,200.05,-0.63%,-1.21%,0.59%,1509124
752,753,VICI,0.96,0.52,2.46%,0.38%,-0.42%,-9.39%,14.60%,55.85,32.34,-0.61%,-1.37%,0.77%,7535957
753,754,VIPS,0.53,0.71,11.67%,15.10%,37.98%,-3.73%,179.72%,64.46,17.79,-2.95%,-3.26%,0.33%,6414563
754,755,VIV,0.55,0.21,5.76%,8.98%,17.74%,-2.65%,40.05%,62.38,8.99,-2.07%,-0.33%,-1.74%,4340727
755,756,VLO,1.64,3.47,2.35%,-1.60%,-7.93%,-24.06%,17.83%,53.21,114.21,0.16%,-0.29%,0.45%,9936576
756,757,VMC,0.74,3.25,3.20%,10.49%,17.66%,-1.00%,50.73%,72.3,207.31,-0.78%,-1.01%,0.23%,1258642
757,758,VMW,0.72,3.08,6.30%,10.50%,18.02%,-0.80%,36.51%,69.1,141.36,-0.72%,-1.04%,0.32%,3006736
758,759,VOD,0.76,0.24,-2.29%,-11.75%,-16.11%,-40.55%,5.21%,37.91,9.47,-0.11%,0.00%,-0.11%,4151841
759,760,VRSK,0.85,3.7,2.25%,8.06%,20.47%,-0.50%,43.88%,66.37,224.52,-0.02%,-0.56%,0.54%,4246538
760,761,VRSN,0.99,3.57,-0.13%,1.49%,10.66%,-2.62%,44.08%,52.53,223.69,-0.45%,-0.92%,0.47%,1050686
761,762,VRTX,0.51,7.07,4.06%,3.63%,12.61%,-1.85%,41.81%,62.4,347.89,-0.34%,-0.60%,0.26%,2613300
762,763,VTR,1.21,1.09,3.13%,1.70%,1.77%,-14.84%,30.43%,55.05,46.08,-0.11%,-0.52%,0.41%,2974702
763,764,VTRS,1.19,0.25,9.70%,8.69%,0.33%,-17.01%,22.21%,70.24,10.29,3.52%,2.90%,0.60%,23640566
764,765,VZ,0.35,0.62,2.78%,-1.61%,-5.13%,-30.13%,8.13%,55.39,36.46,0.05%,-0.16%,0.22%,36072184
765,766,WAB,1.48,1.97,6.29%,5.54%,6.56%,-3.91%,32.43%,66.93,103.64,1.37%,0.52%,0.84%,2174887
766,767,WAT,0.86,6.7,3.72%,-4.02%,-12.16%,-27.05%,8.47%,53.29,269.2,0.41%,-0.73%,1.16%,1648333
767,768,WBA,0.73,0.76,4.84%,-0.55%,-7.59%,-23.56%,10.82%,58.7,32.67,2.03%,2.64%,-0.59%,16013422
768,769,WBD,1.53,0.63,3.40%,-1.83%,-0.16%,-27.48%,45.12%,49.81,12.8,-2.51%,-2.22%,-0.30%,46108592
769,770,WCN,0.66,2.17,0.12%,-1.61%,0.55%,-7.19%,21.18%,48.57,137.54,0.08%,-0.25%,0.33%,934625
770,771,WDAY,1.26,6.31,7.30%,13.67%,27.35%,-1.04%,72.78%,67.96,222.4,-0.85%,-1.30%,0.46%,3312226
771,772,WDC,1.67,1.19,2.88%,10.86%,9.75%,-20.57%,36.13%,61.07,40.47,-1.48%,-2.29%,0.83%,5538206
772,773,WDS,-,0.56,7.27%,8.49%,5.87%,-8.17%,29.41%,66.99,24.73,2.91%,1.44%,1.46%,1078992
773,774,WEC,0.41,1.63,3.07%,-1.67%,-2.35%,-15.50%,13.13%,55.96,91.43,-0.16%,-0.47%,0.31%,1965530
774,775,WELL,1.05,1.68,3.95%,4.71%,13.39%,-7.39%,42.32%,60.2,80.41,0.32%,-0.20%,0.52%,11636337
775,776,WES,2.66,0.69,3.59%,3.86%,2.71%,-5.72%,25.33%,61.55,27.15,0.11%,0.18%,-0.07%,2806118
776,777,WFC,1.13,1.08,2.29%,5.12%,-1.42%,-13.64%,19.66%,57.84,42.18,-0.42%,-1.01%,0.59%,36399112
777,778,WIT,0.82,0.08,-2.31%,0.46%,-1.83%,-15.70%,8.10%,43.43,4.67,-0.64%,1.30%,-1.91%,3247138
778,779,WLK,1.25,3.48,1.72%,0.35%,6.39%,-9.20%,41.11%,52.28,114.7,-0.85%,0.04%,-0.89%,676610
779,780,WM,0.72,2.12,1.22%,0.04%,2.85%,-6.22%,18.82%,55.49,165.03,0.51%,-0.04%,0.55%,2417208
780,781,WMB,1.19,0.65,2.36%,2.55%,-2.23%,-14.70%,9.82%,55.93,30.53,-0.13%,-0.52%,0.39%,14128112
781,782,WMG,-,0.86,8.03%,-2.03%,-9.15%,-29.92%,25.92%,60.74,27.16,1.12%,0.44%,0.67%,2024042
782,783,WMT,0.51,1.97,3.46%,3.19%,8.36%,-1.71%,31.84%,64.75,155.53,-1.39%,-1.61%,0.22%,11531691
783,784,WPC,0.79,1.1,1.12%,-1.44%,-9.02%,-21.52%,5.36%,48.54,70.34,0.13%,-0.34%,0.47%,1728071
784,785,WPM,0.57,1.18,-1.49%,-7.17%,9.06%,-14.95%,56.78%,40.22,44.87,0.43%,-0.22%,0.65%,3414523
785,786,WPP,1.35,0.96,2.81%,-0.40%,6.65%,-12.11%,41.95%,56.16,56.31,0.88%,0.37%,0.50%,345666
786,787,WRB,0.62,1.12,3.65%,0.70%,-10.53%,-22.47%,6.81%,59.53,59.28,1.51%,0.94%,0.57%,3783795
787,788,WSO,0.91,8.09,7.80%,9.73%,25.69%,-0.32%,66.11%,72.11,366.58,-0.17%,-0.23%,0.06%,461141
788,789,WST,1.09,7.55,4.36%,1.94%,25.11%,-3.90%,75.59%,62.39,362.04,0.62%,-1.31%,1.95%,1129299
789,790,WTRG,0.78,0.82,1.28%,-1.90%,-7.02%,-20.97%,7.61%,49.91,41.43,-0.50%,-0.93%,0.43%,2128171
790,791,WTW,0.77,3.6,4.65%,2.30%,1.98%,-9.24%,25.07%,66.85,235.0,1.00%,-0.35%,1.36%,1719948
791,792,WY,1.48,0.6,5.98%,4.08%,1.91%,-14.79%,16.35%,68.13,31.0,0.78%,-0.13%,0.91%,15280621
792,793,WYNN,2.03,2.96,0.87%,-3.37%,14.41%,-11.99%,106.63%,48.66,103.73,-0.80%,-1.49%,0.70%,2265369
793,794,XEL,0.43,1.31,-0.60%,-5.40%,-5.79%,-17.69%,12.36%,43.3,63.92,-0.62%,-0.79%,0.17%,6368672
794,795,XM,-,0.04,0.13%,0.54%,29.02%,-0.39%,93.88%,61.54,18.07,0.11%,0.06%,0.06%,4475947
795,796,XOM,1.07,2.46,-0.65%,-4.22%,-2.00%,-12.33%,30.29%,44.75,105.13,-0.72%,-1.30%,0.59%,43103014
796,797,XP,1.59,0.83,16.31%,38.65%,36.17%,-12.53%,114.85%,76.84,22.13,1.24%,2.60%,-1.33%,4860742
797,798,XPEV,-,0.65,27.09%,19.05%,12.80%,-67.81%,84.14%,69.28,11.38,-1.81%,-3.97%,2.24%,17459063
798,799,XYL,1.10,2.23,7.77%,8.44%,9.90%,-4.33%,57.38%,73.12,113.44,0.09%,-0.10%,0.19%,3473229
799,800,YPF,1.53,0.57,23.88%,25.53%,51.53%,8.10%,415.96%,80.69,14.55,8.18%,7.78%,0.37%,4696623
800,801,YUM,1.02,2.11,3.82%,2.22%,9.80%,-3.26%,33.29%,61.67,138.58,-0.45%,-0.75%,0.31%,3747820
801,802,YUMC,0.54,1.3,1.18%,-2.29%,5.74%,-8.19%,53.95%,49.53,59.4,0.44%,-1.00%,1.45%,2503321
802,803,Z,-,1.61,1.81%,2.85%,19.09%,-5.35%,78.56%,53.75,46.68,-3.07%,-3.61%,0.56%,10275926
803,804,ZBH,1.03,2.77,8.64%,7.09%,17.14%,-3.45%,43.54%,74.91,144.1,1.07%,0.04%,1.02%,2812522
804,805,ZBRA,1.66,7.81,3.26%,0.97%,0.42%,-22.84%,25.59%,55.09,282.4,-0.76%,-1.59%,0.85%,636690
805,806,ZG,1.69,1.55,1.70%,2.79%,18.56%,-5.61%,74.57%,53.63,45.76,-2.95%,-3.62%,0.70%,432473
806,807,ZI,-,1.21,4.36%,14.80%,-10.05%,-48.28%,31.92%,57.83,26.82,-5.56%,0.26%,-5.81%,58345498
807,808,ZM,-0.22,2.57,3.57%,5.58%,-3.49%,-43.52%,15.90%,58.35,70.06,0.17%,-0.09%,0.26%,4728349
808,809,ZS,0.87,6.43,9.65%,30.73%,18.82%,-20.70%,81.34%,69.48,154.01,-2.73%,-3.88%,1.19%,3207002
809,810,ZTO,0.05,0.76,0.66%,-1.39%,6.96%,-8.62%,70.98%,50.41,27.46,-1.79%,-1.12%,-0.68%,5890676
810,811,ZTS,0.77,3.86,1.23%,-1.71%,6.42%,-9.09%,37.53%,51.16,170.74,-0.40%,-1.05%,0.66%,3285481
