,No.,Ticker,Market Cap,P/E,Fwd P/E,PEG,P/S,P/B,P/C,P/FCF,EPS this Y,EPS next Y,EPS past 5Y,EPS next 5Y,Sales past 5Y,Price,Change,Volume
0,1,A,35.81B,26.67,19.80,2.29,5.09,6.20,-,38.67,6.10%,9.02%,14.80%,11.66%,8.90%,121.13,-0.08%,3939930
1,2,AAL,10.87B,6.24,5.09,-,0.21,-,0.95,-,106.30%,11.19%,-46.10%,-,2.80%,16.48,-1.02%,22625167
2,3,AAPL,2925.70B,31.42,28.20,3.95,7.60,46.93,52.36,35.44,8.90%,9.78%,21.60%,7.96%,11.50%,184.92,-0.59%,95747006
3,4,ABBV,239.75B,32.71,12.52,-,4.23,18.49,35.67,17.97,2.70%,0.98%,13.30%,-4.10%,15.50%,138.64,2.02%,14593437
4,5,ABC,36.83B,23.51,14.40,2.96,0.15,131.66,-,17.95,8.90%,7.20%,37.40%,7.95%,9.30%,183.01,0.62%,2000327
5,6,ABEV,49.75B,16.01,16.26,2.25,2.93,2.76,19.02,-,14.20%,11.80%,14.70%,7.10%,10.70%,3.09,-1.28%,20356797
6,7,ABNB,81.75B,42.88,32.08,2.28,9.39,15.41,7.72,21.57,588.10%,16.09%,91.50%,18.80%,26.80%,128.68,0.65%,6883826
7,8,ABT,182.62B,32.19,22.99,-,4.40,5.00,19.16,52.84,-0.60%,5.05%,30.50%,-2.70%,9.80%,106.2,1.12%,10012623
8,9,ACGL,26.13B,13.71,10.38,0.76,2.44,1.99,32.54,6.26,-27.30%,9.45%,22.00%,17.95%,11.60%,71.16,1.44%,3296161
9,10,ACGLN,26.50B,4.18,-,-,2.44,0.55,-,-,-,-,-,-,-,19.63,-0.10%,28769
10,11,ACI,12.19B,9.49,7.49,1.19,0.16,7.17,26.75,11.51,-16.10%,2.07%,29.60%,8.00%,5.30%,21.37,0.61%,13976210
11,12,ACM,12.00B,28.58,19.79,2.03,0.89,4.64,11.18,29.53,38.50%,18.38%,5.00%,14.06%,-6.30%,86.67,0.42%,2080228
12,13,ACN,204.47B,29.41,25.42,3.27,3.24,8.48,32.75,31.63,17.00%,8.37%,14.50%,9.00%,11.20%,319.54,-1.31%,5259178
13,14,ADBE,225.18B,47.28,27.87,3.36,12.22,16.00,39.83,30.45,0.70%,13.31%,24.50%,14.07%,19.20%,495.18,0.87%,13324076
14,15,ADI,95.10B,26.69,18.66,4.47,7.39,2.64,80.76,40.46,51.60%,-4.09%,18.10%,5.97%,18.00%,188.36,-0.69%,6886920
15,16,ADM,40.61B,9.47,11.46,-,0.40,1.67,45.17,56.09,61.30%,-4.41%,29.40%,-0.60%,10.80%,75.48,1.23%,5522403
16,17,ADP,91.29B,28.27,24.77,2.07,5.17,24.78,49.22,59.30,15.40%,9.38%,12.00%,13.68%,5.90%,221.32,0.16%,3335514
17,18,ADSK,47.32B,55.38,25.50,3.85,9.27,51.20,22.21,20.44,68.60%,14.92%,48.50%,14.38%,19.50%,213.5,-3.58%,3287110
18,19,AEE,22.05B,20.16,17.96,3.42,2.71,2.08,2205.17,-,7.70%,7.19%,8.30%,5.90%,5.20%,84.08,0.13%,2812984
19,20,AEG,10.29B,-,7.73,-,-,0.65,2.76,3.38,-213.00%,-3.10%,-20.10%,-2.50%,-,4.79,-2.44%,1361677
20,21,AEM,24.80B,10.02,22.66,-,4.19,1.21,32.89,-,-33.40%,2.27%,8.10%,-6.38%,20.70%,51.0,1.15%,3136496
21,22,AEP,43.70B,21.99,15.12,4.23,2.21,1.84,81.20,-,-9.40%,6.54%,3.30%,5.20%,4.90%,84.93,0.06%,5314597
22,23,AER,14.63B,8.67,6.70,0.84,2.16,0.91,13.44,22.71,-145.00%,4.60%,-19.70%,10.30%,7.10%,61.2,-0.67%,1192506
23,24,AES,14.38B,-,11.11,-,1.11,9.97,6.36,-,-31.80%,11.75%,-2.90%,7.10%,3.70%,21.34,-0.70%,12276062
24,25,AESC,14.28B,-,-,-,1.1,36.47,-,-,-,-,-,-,-,83.04,-0.29%,49825
25,26,AFL,42.15B,10.04,11.39,2.28,2.21,2.14,11.07,17.94,3.10%,4.56%,14.50%,4.40%,-2.10%,69.43,-0.47%,5584958
26,27,AGR,14.98B,21.98,16.67,4.23,1.81,0.77,208.04,-,15.40%,6.18%,67.80%,5.20%,5.80%,38.66,-0.18%,893338
27,28,AIG,40.98B,7.47,7.40,0.51,0.8,0.99,21.31,11.11,20.20%,16.73%,81.60%,14.70%,2.60%,57.3,1.20%,10315800
28,29,AJG,45.76B,39.69,21.74,3.64,5.19,4.63,29.52,30.42,18.60%,11.99%,12.80%,10.90%,6.50%,213.78,0.07%,1553878
29,30,AKAM,14.01B,28.92,14.52,3.61,3.86,3.41,18.64,19.03,-17.00%,9.60%,17.80%,8.00%,7.80%,91.5,-0.62%,3710643
30,31,ALB,27.10B,7.32,10.53,0.15,3.09,2.90,17.08,34.21,5.40%,-6.41%,43.50%,47.94%,19.00%,228.17,-1.19%,2347804
31,32,ALC,39.97B,116.10,26.39,6.93,4.5,2.02,-,-,18.30%,16.20%,7.11%,16.76%,-,81.27,0.47%,929124
32,33,ALGN,25.50B,81.73,33.17,1.89,6.88,7.30,28.84,54.31,-52.40%,19.95%,3.60%,43.25%,20.40%,330.29,-0.87%,1257852
33,34,ALL,29.06B,-,8.60,-,0.55,1.89,43.89,7.26,-130.80%,585.68%,-21.60%,-5.40%,5.40%,111.17,0.57%,3777524
34,35,ALLE,10.46B,21.38,16.62,1.98,3.01,10.00,35.73,36.98,-2.80%,6.77%,8.90%,10.80%,6.30%,118.43,-0.43%,2881474
35,36,ALNY,25.20B,-,-,-,22.04,-,12.17,-,-29.10%,59.90%,-11.40%,-,63.10%,201.57,-0.38%,847459
36,37,AMAT,117.66B,18.32,19.74,1.49,4.42,8.29,23.08,23.41,16.10%,-4.78%,18.00%,12.33%,11.90%,138.93,-0.84%,8842976
37,38,AMCR,15.13B,15.85,13.95,11.83,1.01,3.58,26.82,-,-12.20%,1.92%,1.80%,1.34%,9.80%,10.35,0.68%,19427395
38,39,AMD,200.07B,498.26,28.52,50.48,8.67,3.54,33.69,79.42,-67.30%,47.34%,21.90%,9.87%,35.10%,120.08,-3.35%,81648013
39,40,AME,36.11B,30.20,23.75,3.02,5.74,4.63,90.31,36.37,17.80%,7.48%,14.50%,10.00%,7.40%,155.91,-0.50%,1748880
40,41,AMGN,122.06B,15.60,12.19,9.05,4.66,22.94,3.87,37.24,17.80%,5.76%,2.00%,1.72%,2.90%,229.66,0.53%,6760699
41,42,AMH,12.78B,40.32,72.24,1.41,8.34,1.87,49.98,-,72.50%,-23.20%,60.10%,28.50%,9.20%,35.4,0.28%,4753384
42,43,AMP,33.92B,16.51,9.82,1.55,2.33,8.46,3.97,7.82,-2.10%,9.69%,14.80%,10.66%,3.30%,325.0,-0.18%,936930
43,44,AMT,90.54B,64.23,39.18,6.13,8.37,16.61,50.22,-,-32.60%,22.22%,7.40%,10.48%,10.00%,192.89,-0.71%,3281162
44,45,AMX,70.29B,14.75,11.78,1.22,1.42,3.62,9.00,-,24.20%,11.30%,24.10%,12.07%,-3.70%,22.02,-0.90%,1114980
45,46,AMZN,1304.19B,304.59,48.64,-,2.48,8.32,20.25,-,-108.20%,63.60%,-26.00%,-,23.60%,125.49,-1.27%,83469181
46,47,ANET,50.39B,32.83,23.38,3.29,10.38,9.09,15.13,81.97,62.30%,10.78%,23.30%,9.98%,21.60%,157.79,-3.47%,4497419
47,48,ANSS,29.19B,52.83,34.56,6.37,13.58,6.08,57.47,44.59,16.00%,11.64%,13.60%,8.30%,13.50%,334.37,-0.72%,886679
48,49,AON,67.62B,26.42,20.35,2.90,5.33,-,8.09,27.24,118.80%,12.68%,33.60%,9.10%,4.50%,329.38,-0.51%,1463286
49,50,AOS,10.61B,45.51,19.17,5.69,2.83,5.99,21.39,42.72,-49.90%,6.65%,-6.90%,8.00%,4.60%,71.0,0.69%,1763806
50,51,APA,10.70B,5.56,5.52,-,1.03,24.04,69.47,9.90,325.20%,31.98%,24.40%,-2.00%,13.50%,34.38,-0.84%,9091358
51,52,APD,64.59B,30.14,23.22,3.21,4.92,4.64,25.69,-,10.60%,10.82%,14.30%,9.38%,9.20%,293.17,0.83%,1809753
52,53,APH,48.74B,26.57,25.70,3.56,3.85,6.69,32.52,33.15,22.10%,10.62%,13.10%,7.47%,12.50%,82.15,0.34%,3715840
53,54,APLS,10.43B,-,-,-,98.53,24.66,-,-,30.50%,46.00%,-42.80%,33.30%,-,89.27,-0.37%,2001521
54,55,APO,43.91B,-,9.87,-,3.3,5.58,2.77,5.62,-173.20%,18.55%,-26.50%,3.94%,28.60%,77.08,-0.40%,4105090
55,56,APTV,27.40B,45.55,16.73,1.39,1.51,3.06,24.91,46.44,0.80%,39.20%,-13.30%,32.70%,6.30%,101.44,0.16%,3239850
56,57,ARCC,10.17B,14.71,8.38,-,4.47,1.01,-,-,13.90%,-3.00%,5.28%,-0.90%,-,18.68,0.16%,8978360
57,58,ARE,20.96B,25.36,29.30,-,7.84,1.04,16.59,-,-16.90%,17.26%,15.00%,-10.96%,18.10%,115.45,-4.70%,2916077
58,59,ARES,28.48B,84.01,18.55,3.17,9.03,10.12,27.72,-,-57.30%,35.43%,7.10%,26.50%,15.60%,94.43,-0.88%,1798428
59,60,ARGX,21.99B,-,-,-,36.26,196.85,10.03,-,-63.20%,41.20%,-62.80%,35.00%,62.40%,399.94,0.99%,187463
60,61,ARMK,10.48B,42.89,16.85,1.11,0.59,3.32,34.63,-,286.00%,38.46%,-12.80%,38.61%,2.30%,40.53,0.77%,3285311
61,62,ASML,297.31B,37.87,29.73,1.27,11.14,26.59,40.83,40.47,-1.40%,18.70%,24.20%,29.80%,18.80%,721.88,-2.28%,1336013
62,63,ASX,18.00B,10.65,10.17,-,0.84,2.15,8.07,-,-1.90%,33.80%,21.20%,-3.70%,18.20%,8.85,-1.01%,6981151
63,64,ATO,16.98B,20.10,18.23,2.58,3.72,1.65,178.31,107.85,9.40%,6.26%,9.20%,7.80%,8.80%,117.0,-0.42%,1510044
64,65,ATVI,64.03B,34.88,19.23,2.91,7.86,3.20,5.1,31.36,-44.30%,7.14%,10.10%,12.00%,1.40%,81.97,0.64%,12232423
65,66,AU,10.37B,34.17,-,1.82,2.3,2.48,9.36,185.25,-52.30%,-,28.70%,18.81%,0.00%,24.16,-1.63%,4446923
66,67,AVB,27.05B,26.41,38.01,-,10.19,2.41,106.3,-,13.00%,3.67%,5.10%,-9.83%,3.70%,192.45,1.01%,1635482
67,68,AVGO,364.58B,27.16,19.26,2.56,10.4,16.37,31.56,37.49,76.80%,7.56%,45.80%,10.60%,13.50%,868.11,-1.73%,6824997
68,69,AVTR,13.43B,22.22,13.57,5.36,1.83,2.70,45.6,17.36,15.10%,14.13%,30.70%,4.14%,43.20%,19.95,0.25%,8557076
69,70,AVY,13.65B,20.59,16.43,2.63,1.56,6.78,38.85,48.71,4.30%,16.18%,12.80%,7.82%,6.40%,171.09,1.19%,921733
70,71,AWK,28.82B,32.74,29.08,3.95,7.41,2.90,135.33,-,-35.10%,7.31%,7.90%,8.28%,2.50%,148.98,0.60%,2040747
71,72,AXON,14.93B,107.47,54.63,3.12,11.7,10.48,13.66,170.65,323.70%,18.11%,52.60%,34.40%,28.20%,202.36,0.13%,3199447
72,73,AXP,129.18B,18.04,13.81,1.20,2.23,4.92,3.22,9.62,-1.80%,12.02%,10.70%,15.00%,7.60%,172.21,-0.92%,4613584
73,74,AZN,229.31B,49.88,17.62,3.78,5.23,6.51,35.49,144.13,11.10%,15.40%,2.30%,13.20%,14.60%,75.22,0.80%,4899807
74,75,AZO,45.34B,19.60,17.09,1.97,2.65,-,164.92,19.15,23.10%,11.46%,21.60%,9.95%,8.30%,2493.83,-0.14%,417251
75,76,AZPN,10.82B,-,26.44,-,11.24,0.83,37.74,80.76,-72.20%,10.05%,-11.10%,15.30%,-3.90%,167.33,0.31%,488136
76,77,BA,132.00B,-,42.06,-,1.87,-,8.94,26.04,-16.20%,463.20%,-22.00%,-,-6.70%,219.99,0.26%,7771621
77,78,BABA,238.57B,23.71,9.94,2.93,1.96,1.71,3.24,-,20.80%,10.80%,2.30%,8.09%,28.30%,92.1,-0.11%,24987197
78,79,BAC,234.05B,8.80,8.76,2.62,2.65,0.93,0.22,11.36,-10.80%,-1.62%,12.90%,3.36%,4.70%,29.19,-0.61%,51849290
79,80,BAH,14.05B,53.58,19.74,5.50,1.52,14.42,34.69,46.10,-40.90%,11.17%,0.60%,9.75%,8.50%,108.61,1.15%,1171995
80,81,BALL,17.14B,41.15,16.72,13.27,1.13,5.05,29.96,-,-14.00%,13.62%,11.90%,3.10%,6.90%,58.43,7.23%,11536699
81,82,BAM,13.96B,6.61,20.75,0.56,3.56,1.44,4.43,-,0.10%,17.09%,-,11.80%,-,33.26,-1.77%,2063425
82,83,BAP,14.01B,8.87,2.11,2.24,3.11,1.42,1.25,-,29.20%,5.95%,2.50%,3.96%,6.40%,149.29,0.60%,610284
83,84,BATRA,30.69B,-,344.42,-,51.49,9.57,142.72,1058.12,-212.20%,146.20%,8.30%,45.10%,8.80%,41.33,-0.12%,184625
84,85,BATRK,30.28B,-,-,-,50.81,9.21,-,-,45.50%,97.20%,-,-,-,39.73,-0.95%,250946
85,86,BAX,22.49B,-,13.64,-,1.49,3.9,13.44,117.14,-291.00%,13.48%,-33.50%,1.75%,7.40%,45.36,2.02%,7916070
86,87,BBD,34.76B,10.32,6.88,6.45,0.44,0.23,-,-,-5.10%,37.80%,-12.38%,1.60%,-,3.51,-0.28%,21857921
87,88,BBVA,43.97B,6.55,6.96,0.16,1.12,0.86,0.17,2.09,57.40%,-,15.30%,40.10%,1.40%,7.45,0.81%,1079221
88,89,BBY,17.23B,13.49,11.65,3.97,0.38,6.25,16.73,14.78,-36.10%,12.74%,8.50%,3.40%,1.90%,79.79,1.03%,6434063
89,90,BCE,41.39B,21.50,13.66,6.99,2.25,3.04,73.86,-,-0.30%,3.88%,-1.40%,3.08%,1.20%,45.7,0.64%,1814152
90,91,BCH,10.73B,6.15,11.61,1.84,1.85,1.81,1.11,-,77.80%,-23.10%,19.80%,3.34%,18.70%,21.25,0.24%,440888
91,92,BCS,30.29B,4.74,-,-,1.26,0.35,0.02,-,-16.40%,-,53.90%,-0.60%,7.00%,7.93,0.13%,8804747
92,93,BDX,72.75B,47.54,18.96,4.83,3.87,2.86,36.61,559.64,3.70%,11.76%,3.10%,9.85%,9.30%,258.63,0.96%,1481696
93,94,BEKE,20.09B,75.47,16.49,1.15,2.09,1.99,2.43,16.00,-163.00%,19.80%,1.80%,65.49%,18.90%,16.98,-0.59%,7937395
94,95,BEN,13.67B,16.24,10.62,-,1.74,1.12,3.20,19.22,-29.20%,8.32%,-3.40%,-3.87%,5.30%,26.97,-1.21%,3236943
95,96,BF-A,31.60B,41.05,-,-,7.47,9.81,-,-,-,-,-,-,-,66.91,-0.93%,351009
96,97,BF-B,31.64B,40.12,29.03,4.53,7.48,10.32,73.93,-,-7.20%,9.16%,4.90%,8.85%,5.60%,65.4,0.31%,2667339
97,98,BG,14.19B,9.46,8.42,-,0.21,1.45,3.73,-,-21.60%,-1.82%,56.30%,-8.30%,8.00%,96.43,2.37%,2803253
98,99,BGNE,19.63B,-,-,-,12.61,5.02,5.12,-,-23.70%,29.90%,-55.10%,-,42.80%,200.21,-0.41%,550005
99,100,BHP,159.16B,8.79,-,-,2.64,3.75,15.79,54.41,75.50%,-,27.30%,-8.90%,12.70%,63.17,-1.27%,2867132
100,101,BIDU,51.99B,26.74,13.07,1.79,2.93,1.57,2.03,-,-29.30%,11.60%,-17.70%,14.91%,7.80%,145.11,-2.42%,2842350
101,102,BIIB,43.11B,13.82,18.12,5.53,4.27,3.11,8.55,30.34,100.60%,6.32%,3.70%,2.50%,-3.70%,297.48,-0.12%,1914252
102,103,BILL,12.17B,-,62.54,-,12.64,2.89,4.57,177.08,-169.10%,20.61%,-,-,-,111.26,-2.80%,2161262
103,104,BIO,11.18B,-,23.43,-,4.02,1.14,6.04,88.27,-186.50%,17.12%,27.25%,17.80%,5.30%,376.56,-0.66%,513109
104,105,BIP,16.79B,442.62,43.29,13.10,1.1,2.57,7.52,-,-86.20%,46.33%,54.70%,33.80%,32.50%,35.41,-3.30%,499307
105,106,BK,35.41B,14.12,8.58,2.13,3.44,1.00,0.20,3.25,-30.10%,8.59%,-0.90%,6.64%,10.20%,44.65,-0.49%,12628224
106,107,BKNG,98.67B,25.89,16.3,1.02,5.43,92.50,6.81,13.33,171.10%,18.05%,0.50%,25.45%,6.10%,2640.99,-1.15%,828632
107,108,BKR,30.61B,-,14.96,-,1.39,2.10,8.70,61.23,-129.10%,35.10%,-4.90%,43.80%,4.20%,30.57,1.09%,12498282
108,109,BLDR,15.77B,7.83,12.98,0.42,0.75,3.57,109.18,4.29,98.30%,-1.86%,95.70%,18.80%,26.40%,121.41,-1.30%,7814256
109,110,BLK,106.51B,21.79,17.49,2.20,6.12,2.79,18.87,70.21,-11.10%,14.73%,8.10%,9.92%,5.60%,702.78,-1.18%,1280969
110,111,BMO,63.96B,11.86,6.79,2.61,2.05,1.17,0.26,12.34,72.60%,5.44%,20.40%,4.55%,9.10%,90.21,0.55%,489824
111,112,BMRN,17.99B,258.84,33.7,4.46,8.28,3.86,15.61,825.18,301.40%,187.71%,30.20%,58.00%,9.80%,96.29,0.47%,1423791
112,113,BMY,135.86B,19.28,8.12,5.14,2.96,4.36,14.66,21.11,-5.40%,1.33%,4.50%,3.75%,17.30%,66.16,2.30%,19344176
113,114,BN,54.79B,81.80,9.41,2.62,0.58,1.32,4.20,-,-50.60%,23.84%,5.80%,31.17%,17.90%,33.54,0.27%,2642681
114,115,BNS,60.11B,9.80,6.59,-,1.69,1.14,0.19,-,4.20%,5.71%,4.30%,-0.90%,7.00%,50.16,-0.59%,1147773
115,116,BNTX,27.23B,4.15,32.07,-,2.04,1.23,1.99,2.92,-4.70%,-33.40%,152.10%,-,208.90%,112.55,-0.40%,663599
116,117,BP,102.73B,3.95,6.23,-,0.41,1.47,3.33,4.41,-109.20%,-2.90%,-16.70%,-,0.10%,35.35,-0.08%,6858310
117,118,BR,18.84B,34.45,21.31,2.92,3.17,9.47,56.82,113.84,-2.10%,8.77%,11.00%,11.80%,6.60%,160.8,0.69%,1159028
118,119,BRK-A,745.30B,98.77,19.41,-,2.35,1.48,27.86,32.40,10.40%,14.45%,11.74%,-14.50%,4.70%,514000.0,-0.46%,6534
119,120,BRK-B,739.57B,-,18.91,-,2.34,-,-,-,13.20%,13.10%,9.41%,23.30%,-,338.31,-0.44%,8461113
120,121,BRKR,11.05B,35.94,26.02,1.47,4.22,9.39,-,92.74,9.50%,12.40%,16.50%,24.40%,7.50%,75.48,0.19%,1553683
121,122,BRO,18.73B,27.38,23.85,2.07,4.95,3.81,32.71,28.39,14.30%,9.76%,19.70%,13.22%,13.70%,66.25,0.30%,1946063
122,123,BSBR,23.84B,16.9,8.19,2.17,0.95,2.04,0.37,-,-7.60%,27.90%,10.10%,7.80%,10.00%,6.39,-0.16%,989826
123,124,BSX,77.61B,92.7,24.55,7.62,5.95,4.37,136.15,64.83,-35.10%,13.37%,-8.40%,12.17%,7.00%,54.32,0.63%,13015827
124,125,BSY,15.85B,103.68,53.88,-,13.93,27.05,169.32,54.72,84.80%,15.40%,19.30%,-1.90%,11.80%,53.29,-1.35%,1724131
125,126,BTI,73.01B,8.72,-,0.74,2.07,0.77,14.19,12.42,1.70%,-,-26.40%,11.80%,7.20%,32.82,-0.15%,4818460
126,127,BTO,46.60B,88.16,99.15,-,19.15,7.43,52.31,182.75,-40.30%,-7.87%,32.70%,-,22.10%,27.86,1.90%,143247
127,128,BUD,99.87B,15.99,15.69,1.44,1.7,9.42,9.92,-,27.50%,19.30%,-6.00%,11.10%,0.50%,58.21,-0.61%,3547631
128,129,BWA,11.32B,11.91,8.33,0.84,0.7,1.52,11.91,24.71,77.80%,17.18%,3.40%,14.19%,10.00%,48.6,0.66%,4733941
129,130,BX,112.79B,110.19,15.20,9.69,23.63,9.59,37.33,-,-71.00%,36.64%,-2.80%,11.37%,3.60%,91.13,-1.64%,5652892
130,131,C,94.53B,6.62,7.57,-,1.04,0.50,0.09,-,-29.90%,2.65%,5.50%,-6.65%,3.90%,48.19,-0.76%,18204030
131,132,CAG,16.59B,20.68,12.10,2.52,1.36,1.87,233.03,115.06,-30.80%,4.57%,8.40%,8.21%,8.10%,34.64,-0.43%,4595105
132,133,CAH,22.70B,52.2,13.84,3.87,0.11,-,5.69,5.66,-260.90%,14.94%,-23.10%,13.48%,6.90%,91.25,2.34%,5132748
133,134,CARR,38.85B,15.89,16.78,1.61,1.85,4.81,11.61,33.38,119.60%,8.38%,23.70%,9.87%,2.80%,46.88,0.73%,9582853
134,135,CAT,127.64B,18.13,13.47,1.41,2.07,6.98,18.80,32.80,7.50%,1.27%,19.40%,12.87%,5.50%,245.27,-0.97%,5209376
135,136,CB,79.21B,15.66,9.65,1.26,1.78,1.52,34.62,8.19,-34.90%,11.10%,11.60%,12.40%,6.00%,194.94,1.92%,3376661
136,137,CBOE,14.58B,49.32,18.22,9.56,3.67,4.11,28.26,97.58,-55.40%,4.71%,2.80%,5.16%,12.20%,137.36,-0.52%,1108959
137,138,CBRE,24.45B,22.37,13.49,2.03,0.79,3.07,19.86,24.47,-20.60%,19.71%,11.70%,11.00%,10.60%,77.81,-1.09%,3406437
138,139,CCEP,30.11B,18.13,15.34,2.06,1.59,3.66,16.74,-,53.20%,9.20%,9.80%,8.79%,9.40%,65.35,-0.41%,1962455
139,140,CCI,50.69B,29.75,32.92,-,7.22,6.87,271.08,-,44.60%,-7.89%,35.60%,-4.38%,10.40%,114.61,-1.95%,3981529
140,141,CCJ,13.70B,105.51,19.78,-,8.4,3.05,7.32,111.72,185.10%,56.68%,19.10%,-,-2.80%,31.76,0.38%,4296991
141,142,CCK,10.42B,17.50,12.08,2.76,0.82,5.21,25.85,-,254.00%,16.51%,9.70%,6.35%,8.30%,88.81,2.37%,20478600
142,143,CCL,20.03B,-,18.94,-,1.34,3.22,-,-,39.00%,396.40%,-28.00%,-,-7.00%,15.8,-1.99%,50985481
143,144,CDAY,10.51B,-,41.46,-,7.94,4.71,24.52,296.91,4.30%,32.51%,17.70%,40.63%,13.20%,67.08,-1.06%,2256607
144,145,CDNS,64.84B,75.52,41.25,4.31,17.61,21.62,70.71,62.31,23.70%,13.73%,51.80%,17.54%,12.90%,235.84,-0.81%,5005890
145,146,CDW,24.02B,22.32,17.10,1.54,1.05,15.4,85.96,26.47,15.60%,9.67%,23.50%,14.54%,9.90%,178.15,-0.03%,1527771
146,147,CE,12.71B,8.34,8.15,2.43,1.27,2.19,-,23.66,2.10%,26.13%,20.50%,3.44%,9.50%,114.0,-2.40%,2258082
147,148,CEG,30.32B,-,17.46,-,1.15,2.84,127.93,-,22.30%,36.83%,-,30.80%,-,92.89,-0.61%,4961890
148,149,CELH,11.11B,-,63.83,-,14.25,136.26,18.66,147.41,150.20%,70.92%,-68.50%,-,78.40%,144.44,-0.21%,861068
149,150,CF,13.66B,4.76,9.94,-,1.32,2.56,4.84,5.19,286.30%,-19.89%,98.50%,-,22.10%,71.27,1.70%,5873223
150,151,CFG,13.40B,6.55,6.39,7.71,1.62,0.6,1.51,4.88,-20.50%,-0.35%,9.60%,0.85%,7.50%,27.26,-1.55%,11758540
151,152,CFLT,10.21B,-,242.59,-,16.11,13.6,5.52,-,-28.10%,182.40%,-,-,-,34.69,0.58%,7960687
152,153,CG,11.45B,15.25,7.84,-,3.08,1.84,9.24,-,-59.20%,39.56%,-0.90%,-3.59%,3.80%,31.38,-0.73%,3510520
153,154,CHD,23.41B,57.44,28.58,7.36,4.25,6.39,115.43,41.83,-49.30%,8.51%,-1.80%,7.81%,7.30%,96.16,0.33%,1825099
154,155,CHDN,10.21B,18.92,16.39,0.63,5.09,14.57,58.72,187.36,81.20%,32.30%,53.40%,30.00%,15.40%,136.39,-0.95%,642757
155,156,CHK,10.91B,1.73,12.59,-,0.79,1.08,83.96,10.83,-38.70%,38.44%,17.50%,-13.86%,3.70%,82.36,1.02%,1056924
156,157,CHKP,15.75B,19.86,14.88,3.11,6.69,5.46,9.34,13.58,3.70%,9.66%,5.50%,6.39%,4.70%,130.91,0.35%,1587270
157,158,CHRW,11.11B,15.25,20.14,19.93,0.49,8.13,46.44,7.39,17.30%,14.11%,16.20%,0.77%,10.70%,94.62,-0.78%,1840603
158,159,CHT,31.75B,26.37,-,18.84,0.14,0.32,-,-,-,-,-1.26%,1.40%,-,40.88,-0.29%,138395
159,160,CHTR,51.63B,11.18,8.74,0.68,0.95,5.49,96.68,11.18,25.60%,20.00%,62.10%,16.36%,5.40%,341.24,-0.47%,1720985
160,161,CHWY,17.32B,322.28,219.01,12.56,1.66,60.06,21.56,72.25,165.00%,1000.00%,15.60%,25.65%,36.80%,39.64,-2.17%,3982761
161,162,CI,79.73B,12.26,9.52,1.11,0.44,1.79,10.05,9.02,35.40%,14.28%,17.10%,11.06%,33.80%,268.83,-0.24%,2894785
162,163,CINF,15.78B,668.21,17.10,41.25,2.08,1.48,16.53,9.51,-116.90%,26.10%,-23.90%,16.20%,2.70%,100.9,0.50%,2512223
163,164,CL,63.71B,40.77,22.68,5.83,3.47,-,55.74,137.01,-16.70%,9.27%,-3.80%,6.99%,3.10%,77.78,1.28%,7364899
164,165,CLX,19.16B,263.54,27.52,19.17,2.67,7827.00,79.16,73.68,-33.10%,24.68%,-6.90%,13.75%,3.50%,156.54,1.02%,1620715
165,166,CM,39.76B,11.25,6.35,5.62,1.5,1.15,0.23,2.69,-4.10%,-0.77%,3.50%,2.00%,10.30%,44.15,0.59%,2956385
166,167,CMCSA,172.88B,31.24,10.06,4.21,1.44,2.10,31.23,24.93,-60.20%,11.55%,-10.40%,7.42%,7.40%,41.2,-0.65%,33882710
167,168,CME,65.55B,23.39,20.54,5.16,12.82,2.41,39.24,-,1.50%,2.49%,-8.70%,4.53%,6.60%,184.11,1.04%,3637833
168,169,CMG,56.60B,55.00,37.95,2.18,6.3,22.63,53.26,57.06,39.90%,20.75%,39.00%,25.20%,14.00%,2032.92,-0.91%,343603
169,170,CMI,33.58B,13.29,11.90,1.15,1.11,3.47,13.77,78.27,3.50%,-0.92%,7.30%,11.51%,6.60%,235.81,-0.58%,1788610
170,171,CMS,17.80B,28.77,18.14,3.84,2.09,2.58,31.17,-,8.70%,7.79%,3.80%,7.50%,5.50%,60.74,-0.46%,2644767
171,172,CNA,10.36B,11.94,7.70,2.39,0.85,1.21,21.44,7.08,-25.50%,9.89%,-1.90%,5.00%,4.40%,38.51,0.71%,508950
172,173,CNC,36.28B,24.91,9.82,2.17,0.25,1.44,2.29,4.33,-9.50%,3.27%,0.80%,11.48%,24.50%,65.66,-0.70%,5622573
173,174,CNHI,19.90B,9.08,8.15,0.96,0.82,2.66,6.19,-,14.90%,2.71%,38.30%,9.45%,-3.20%,14.53,-0.21%,4575350
174,175,CNI,79.55B,19.76,18.38,3.22,5.94,5.04,217.28,75.85,8.00%,10.20%,-4.90%,6.14%,5.60%,118.95,0.84%,1637766
175,176,CNP,18.47B,22.98,18.12,-,1.98,1.92,27.9,-,69.80%,8.05%,0.40%,-1.07%,-0.60%,29.18,-0.31%,6640359
176,177,CNQ,61.57B,8.59,6.60,-,2.02,2.07,141.32,13.48,47.30%,15.52%,36.30%,-1.00%,19.50%,55.01,-1.06%,1546003
177,178,COF,42.63B,7.59,7.81,-,1.25,0.85,0.92,2.84,-33.50%,17.54%,19.20%,-6.60%,4.40%,110.07,-1.42%,4275906
178,179,COIN,12.73B,-,-,-,4.54,2.27,2.54,-,-181.40%,0.00%,-,-,-,55.59,2.47%,13699144
179,180,COO,18.20B,63.29,25.63,6.33,5.31,2.47,162.63,47.17,-86.90%,11.94%,0.60%,10.00%,9.10%,367.41,-0.04%,628289
180,181,COP,126.03B,8.37,10.21,-,1.67,2.68,14.64,10.16,140.30%,8.67%,65.60%,-10.12%,21.60%,104.92,0.74%,9904786
181,182,COST,234.51B,38.79,33.75,4.68,1.0,9.86,17.11,55.48,16.60%,10.46%,16.70%,8.30%,12.00%,523.65,-1.05%,3140937
182,183,COTY,10.62B,66.52,26.24,2.97,1.98,2.83,43.34,36.51,130.60%,-11.40%,16.00%,22.40%,-7.10%,12.44,-0.08%,6694373
183,184,CP,96.36B,19.66,15.23,1.47,10.43,1.85,332.29,48.99,-9.70%,20.38%,8.10%,13.34%,6.10%,78.52,0.11%,1816780
184,185,CPB,13.84B,17.79,14.80,3.11,1.49,3.87,62.08,59.93,-24.20%,4.36%,-3.60%,5.72%,8.00%,46.42,-0.04%,3679510
185,186,CPNG,30.19B,148.97,34.15,-,1.42,12.0,7.96,68.44,95.20%,93.87%,32.00%,-,53.60%,17.28,1.83%,9375071
186,187,CPRT,41.59B,36.50,31.49,1.64,11.07,7.44,-,47.84,16.00%,11.24%,22.10%,22.30%,19.30%,87.28,0.20%,4188973
187,188,CPT,11.97B,20.00,64.12,0.79,8.04,2.49,586.90,-,103.80%,11.08%,23.30%,25.29%,9.60%,113.11,0.86%,1257790
188,189,CQP,22.78B,6.84,11.02,1.55,1.36,87.33,-,-,45.70%,-27.60%,20.93%,4.40%,-,47.07,2.73%,592169
189,190,CRBG,10.83B,2.51,3.39,0.12,0.49,0.93,23.29,3.82,10.80%,22.66%,-,21.40%,-,16.47,-1.44%,2869032
190,191,CRH,38.16B,15.24,-,1.49,1.17,1.84,6.43,25.21,14.70%,-,12.10%,10.20%,8.60%,53.14,0.78%,1746004
191,192,CRL,10.69B,21.72,17.37,2.67,2.61,3.45,52.79,38.85,24.70%,16.69%,17.90%,8.13%,16.40%,209.99,0.49%,667462
192,193,CRM,206.41B,557.26,23.57,23.98,6.41,3.61,14.77,29.22,-85.90%,20.64%,-20.60%,23.24%,24.40%,211.76,-0.08%,13661531
193,194,CRWD,37.89B,-,50.40,-,15.49,22.85,12.93,50.84,24.00%,28.84%,-1.80%,38.80%,80.00%,155.14,-2.92%,6340498
194,195,CSCO,211.62B,18.72,12.87,2.59,3.85,5.04,9.09,20.04,12.70%,6.17%,8.20%,7.23%,1.40%,52.07,0.27%,37112242
195,196,CSGP,34.35B,91.96,55.54,4.60,15.26,4.89,6.79,92.80,25.10%,22.47%,21.90%,20.00%,17.70%,84.14,0.08%,7613417
196,197,CSL,12.26B,15.12,11.85,1.01,1.95,4.0,28.91,15.94,142.00%,10.08%,31.90%,15.00%,11.90%,239.58,-0.37%,979992
197,198,CSX,68.23B,16.31,15.96,1.99,4.5,5.53,46.45,27.67,16.00%,7.99%,22.10%,8.19%,5.40%,33.21,-1.04%,30031174
198,199,CTAS,50.07B,39.45,34.42,3.26,5.82,13.76,565.17,72.77,13.80%,11.14%,22.80%,12.11%,8.10%,491.36,-0.21%,625449
199,200,CTRA,19.00B,4.83,8.63,-,2.08,1.52,19.52,10.96,121.00%,18.54%,79.40%,-11.26%,38.70%,25.21,0.52%,21771520
200,201,CTSH,32.85B,14.52,13.99,2.70,1.69,2.62,13.24,15.57,9.00%,8.79%,4.40%,5.37%,5.60%,65.08,0.53%,5836794
201,202,CTVA,41.00B,33.59,16.35,3.31,2.31,1.59,23.69,-,-31.90%,17.77%,-13.20%,10.13%,4.40%,57.23,-0.78%,10088758
202,203,CUK,20.03B,-,-,-,1.34,2.37,4.97,-,39.00%,-,-28.00%,13.40%,-7.00%,14.22,-1.46%,2442347
203,204,CVE,32.37B,8.10,4.62,-,0.68,1.53,-,10.62,-14.60%,32.68%,9.20%,-8.36%,31.50%,16.65,-1.83%,7694540
204,205,CVS,89.10B,22.31,7.61,4.94,0.27,1.22,5.03,6.16,-47.30%,3.52%,-8.90%,4.52%,11.80%,67.72,-2.56%,18190479
205,206,CVX,297.71B,8.50,10.93,-,1.28,1.87,18.84,12.09,124.60%,4.53%,37.10%,-7.68%,11.80%,157.26,-0.64%,22851275
206,207,CX,11.11B,18.18,10.14,1.34,0.7,0.88,11.76,-,-32.50%,16.40%,-45.10%,13.60%,-43.00%,7.2,-1.37%,7170956
207,208,CZR,10.81B,-,21.89,-,0.95,2.92,11.20,28.22,48.90%,512.91%,-33.50%,27.50%,48.90%,48.84,-2.75%,3795437
208,209,D,44.20B,37.11,14.24,4.12,2.44,1.68,-,-,-66.10%,-2.19%,-20.40%,9.00%,6.40%,53.33,0.87%,9863989
209,210,DAL,27.56B,14.48,6.21,0.42,0.51,4.37,4.17,22.46,370.70%,21.10%,-16.20%,34.27%,4.20%,42.79,-0.21%,12204599
210,211,DAR,10.29B,14.49,10.66,0.34,1.48,2.59,77.63,24.57,15.40%,10.35%,52.20%,42.99%,12.30%,65.12,0.95%,2068010
211,212,DASH,27.88B,-,-,-,3.89,4.39,8.19,65.15,-164.50%,41.50%,-,56.00%,-,73.26,2.09%,3657957
212,213,DB,21.29B,3.92,4.62,0.16,0.66,0.27,0.03,-,154.10%,17.31%,45.20%,23.91%,0.60%,10.42,-1.79%,3683169
213,214,DD,32.00B,31.91,16.24,2.70,2.51,1.19,6.61,-,-4.90%,17.64%,26.40%,11.82%,2.20%,69.41,-0.43%,7874417
214,215,DDOG,31.61B,-,61.54,-,17.62,20.20,15.66,92.98,-136.90%,30.65%,103.26%,22.65%,75.40%,95.75,-2.48%,4338584
215,216,DE,119.19B,13.68,12.63,1.00,2.0,5.37,22.63,169.78,22.60%,1.22%,28.40%,13.71%,11.90%,407.63,0.27%,2118653
216,217,DECK,13.39B,26.41,19.89,1.44,3.69,7.64,13.64,29.34,19.10%,17.19%,27.30%,18.40%,13.80%,512.72,0.14%,490384
217,218,DELL,36.51B,18.86,8.15,114.33,0.38,-,4.78,22.75,-48.20%,9.86%,22.40%,0.17%,5.30%,49.67,-1.06%,9351738
218,219,DEO,95.59B,21.73,-,2.82,4.42,9.48,23.64,136.91,23.20%,-,5.30%,7.70%,5.10%,173.46,-0.25%,590539
219,220,DFS,29.78B,7.79,8.26,1.07,2.1,2.28,2.94,4.74,-13.20%,5.27%,21.10%,7.30%,5.90%,115.32,-1.65%,5916613
220,221,DG,35.90B,15.48,14.93,2.95,0.93,6.07,114.67,-,4.90%,9.33%,18.90%,5.25%,10.00%,164.32,0.39%,4779634
221,222,DGX,15.37B,20.48,15.23,-,1.6,2.57,87.82,27.49,-48.60%,4.32%,11.00%,-0.47%,6.00%,138.6,1.02%,2672989
222,223,DHI,39.36B,7.85,10.37,-,1.17,1.92,12.9,16.50,44.60%,0.84%,43.20%,-7.40%,18.90%,116.4,0.86%,6316988
223,224,DHR,179.69B,26.02,23.34,9.24,5.81,3.54,24.35,27.69,13.70%,10.22%,25.70%,2.81%,15.20%,241.8,-0.70%,6380330
224,225,DIS,169.83B,40.50,17.12,1.85,1.95,1.71,16.33,121.74,57.80%,36.14%,-21.00%,21.89%,8.50%,91.32,-1.74%,22641615
225,226,DKNG,11.47B,-,-,-,4.42,10.94,7.52,-,16.60%,55.70%,-,38.10%,63.50%,24.51,-1.29%,14098348
226,227,DKS,11.65B,11.74,9.86,1.60,0.93,4.20,7.09,34.54,-24.20%,2.05%,28.40%,7.35%,7.60%,135.1,0.02%,1463642
227,228,DLR,30.71B,93.00,76.00,8.44,6.26,1.86,233.68,-,-80.90%,40.37%,2.70%,11.02%,13.80%,105.18,-0.20%,4568562
228,229,DLTR,30.51B,22.03,18.65,1.65,1.06,3.38,34.96,63.82,24.30%,21.49%,8.30%,13.34%,5.00%,136.22,-1.60%,2591443
229,230,DOCU,10.98B,-,20.12,-,4.24,14.55,8.51,23.42,-36.30%,4.86%,-4.80%,20.00%,37.10%,53.85,-0.79%,5750262
230,231,DOV,20.57B,20.14,15.03,2.06,2.41,4.63,75.51,39.69,-4.10%,9.44%,11.00%,9.78%,4.50%,147.73,0.44%,1529268
231,232,DOW,37.83B,13.28,11.32,-,0.71,1.87,11.4,15.36,-25.10%,50.05%,39.60%,-2.06%,5.40%,53.16,-0.60%,9530598
232,233,DOX,11.63B,22.02,14.88,2.18,2.45,3.22,13.49,30.77,-16.50%,11.11%,8.40%,10.10%,3.40%,97.6,0.95%,926017
233,234,DPZ,11.50B,25.50,22.17,2.32,2.53,-,41.97,44.26,-7.50%,11.85%,16.50%,11.00%,10.20%,331.41,1.83%,2064234
234,235,DRI,20.18B,21.65,18.92,2.38,1.95,9.86,73.3,55.65,54.20%,10.29%,14.10%,9.10%,6.10%,166.01,-0.51%,1926328
235,236,DT,15.23B,139.16,43.11,12.46,13.15,9.24,27.43,45.69,105.30%,18.68%,12.60%,11.17%,23.80%,51.21,-2.18%,3588547
236,237,DTE,23.48B,20.22,17.09,2.73,1.27,2.21,204.16,-,34.60%,7.16%,-0.80%,7.40%,8.80%,114.12,0.18%,4874008
237,238,DUK,70.66B,18.09,15.42,3.15,2.44,1.50,156.68,-,-4.70%,6.03%,3.00%,5.74%,4.10%,92.18,0.53%,8690182
238,239,DVN,31.83B,5.43,7.42,-,1.66,2.93,35.88,-,118.00%,6.91%,94.00%,-2.94%,24.10%,49.8,0.40%,16246841
239,240,DXCM,50.77B,188.55,86.85,6.33,16.8,22.55,19.78,122.05,57.80%,37.43%,37.80%,29.80%,32.30%,130.1,-0.67%,4306193
240,241,E,48.22B,3.53,-,0.18,0.35,0.79,2.45,4.71,144.30%,-,33.60%,19.50%,14.60%,28.43,-0.56%,834863
241,242,EA,35.18B,44.86,16.88,8.04,4.74,4.83,12.71,31.05,4.60%,11.50%,-6.80%,5.58%,7.60%,128.66,-0.26%,3122195
242,243,EBAY,24.39B,37.68,9.87,4.75,2.48,4.49,3.57,16.37,-700.70%,8.38%,-25.90%,7.94%,-0.30%,45.06,-1.23%,8588093
243,244,EBR,18.91B,-,-,-,0.54,0.17,-,-,-,-,-,3.10%,-,8.01,-3.03%,3037527
244,245,EBR-B,18.91B,-,-,-,0.54,0.19,-,-,-,-,-34.13%,11.40%,-,8.95,-5.29%,221753
245,246,EC,21.18B,2.75,4.79,-,0.53,1.23,4.99,-,100.10%,0.00%,38.20%,-13.00%,23.60%,10.45,0.19%,1365594
246,247,ECL,51.88B,45.16,31.10,3.39,3.58,7.05,123.70,109.87,-2.50%,17.29%,-3.60%,13.31%,0.50%,182.04,-0.10%,2509734
247,248,ED,32.24B,13.25,17.76,2.16,2.01,1.57,41.81,-,21.10%,7.67%,2.60%,6.12%,5.40%,92.97,-0.05%,4677104
248,249,EDR,10.74B,-,13.67,-,1.99,3.22,14.94,23.02,140.00%,30.22%,27.00%,24.90%,11.80%,22.33,-1.11%,2333094
249,250,EFX,28.50B,48.29,25.34,3.57,5.63,6.93,122.59,98.59,-6.20%,26.81%,4.90%,13.52%,8.80%,229.77,-1.13%,1373090
250,251,EIX,26.35B,32.19,13.75,5.43,1.53,1.97,31.52,-,-20.00%,7.93%,-12.70%,5.93%,6.90%,70.18,2.01%,3756051
251,252,EL,71.27B,67.49,38.14,17.90,4.49,12.42,12.89,498.41,-16.00%,58.71%,14.40%,3.77%,8.40%,203.95,2.28%,5233445
252,253,ELS,12.67B,47.22,39.21,6.75,8.75,8.85,1162.67,153.99,7.10%,8.62%,6.10%,7.00%,9.40%,68.7,0.94%,1457025
253,254,ELV,107.08B,17.24,11.98,1.40,0.67,2.82,10.56,10.86,0.30%,12.64%,19.40%,12.32%,11.70%,443.21,-1.89%,2485995
254,255,EMR,50.31B,20.45,18.84,2.05,2.88,4.39,24.59,62.65,41.60%,10.43%,16.20%,10.00%,5.20%,87.41,-0.70%,5519605
255,256,ENB,75.39B,42.02,12.53,9.56,1.98,1.83,102.12,-,-55.60%,3.07%,32.20%,4.40%,3.70%,37.48,0.62%,3618921
256,257,ENPH,24.74B,53.69,24.67,2.85,9.46,25.61,13.91,29.73,170.30%,31.55%,86.70%,18.86%,52.10%,181.81,0.72%,4622896
257,258,ENTG,16.41B,4096.54,29.64,820.95,4.62,5.02,23.18,-,-51.30%,45.27%,6.70%,4.99%,19.60%,106.51,-2.85%,3172118
258,259,EOG,65.33B,7.09,8.66,-,2.36,2.6,13.02,24.08,65.50%,14.32%,82.00%,-1.00%,17.80%,113.41,1.53%,6109452
259,260,EPAM,13.19B,30.14,19.90,4.78,2.71,4.05,7.29,24.57,-13.10%,11.11%,21.50%,6.30%,27.20%,219.51,-3.66%,1465093
260,261,EPD,57.23B,10.43,9.81,2.13,0.99,2.14,753.07,53.89,18.60%,3.22%,13.90%,4.90%,14.80%,26.39,0.27%,3729158
261,262,EQIX,72.91B,88.18,73.32,4.78,9.69,6.02,27.59,-,38.60%,17.66%,68.00%,18.45%,10.70%,778.61,-0.13%,904142
262,263,EQNR,97.43B,3.28,-,0.57,0.69,1.64,1.86,5.46,243.00%,-,45.20%,5.80%,19.60%,30.13,-2.02%,4548741
263,264,EQR,25.14B,27.33,41.01,1.76,9.02,2.27,188.32,131.21,-42.00%,-2.63%,4.80%,15.51%,2.00%,66.72,0.56%,3799493
264,265,EQT,14.09B,3.80,8.93,0.13,1.31,1.18,6.62,6.14,223.20%,79.53%,47.00%,29.11%,19.40%,39.64,1.77%,11567296
265,266,ERIC,17.97B,11.08,9.53,-,0.68,1.50,4.39,-,-17.50%,42.50%,20.70%,-9.90%,5.70%,5.43,0.18%,9769865
266,267,ERIE,11.38B,40.08,27.85,4.01,3.9,7.63,63.28,104.24,0.30%,9.72%,7.60%,10.00%,10.90%,216.99,-0.33%,180786
267,268,ES,24.77B,17.29,15.46,2.58,1.98,1.60,688.08,-,14.20%,6.71%,5.40%,6.70%,9.50%,72.08,1.51%,4268061
268,269,ESS,15.07B,31.41,41.01,3.98,9.2,2.72,222.61,251.59,-16.40%,-7.76%,-0.90%,7.90%,3.30%,236.92,0.90%,728773
269,270,ET,39.76B,9.53,8.22,1.83,0.45,1.47,120.49,12.79,-25.90%,6.19%,32.60%,5.20%,17.30%,12.82,-0.16%,9260684
270,271,ETN,78.48B,29.84,20.54,3.14,3.67,4.37,149.77,86.81,15.10%,10.37%,-1.20%,9.51%,0.30%,191.26,-2.86%,6246828
271,272,ETR,21.61B,18.56,14.19,2.81,1.56,1.65,10.97,-,-3.10%,7.35%,-0.10%,6.60%,4.40%,102.01,-0.18%,3772342
272,273,ETSY,11.84B,-,30.24,-,4.51,-,11.39,18.40,-262.00%,29.58%,58.29%,16.00%,42.20%,94.6,-1.43%,4232949
273,274,EVRG,13.69B,17.69,14.97,6.62,2.31,1.44,482.08,-,-14.70%,8.78%,7.50%,2.67%,17.90%,59.31,-0.50%,2716179
274,275,EW,55.34B,38.26,31.85,3.92,10.06,9.34,44.12,56.16,2.40%,13.26%,12.50%,9.76%,9.40%,91.94,0.71%,6594329
275,276,EXAS,16.85B,-,-,-,7.66,5.46,24.11,-,-1.70%,33.80%,-29.00%,-,50.90%,93.42,0.03%,2269490
276,277,EXC,40.60B,18.22,16.44,1.14,2.1,1.64,77.77,-,36.50%,5.96%,-12.20%,16.00%,-10.70%,41.21,0.96%,9590593
277,278,EXPD,18.22B,15.55,22.64,-,1.21,5.82,7.75,8.78,-0.10%,-4.18%,27.20%,-,19.80%,118.83,-0.37%,3246628
278,279,EXPE,15.87B,53.99,9.10,1.82,1.31,8.82,2.67,5.53,221.10%,26.18%,-1.30%,29.71%,3.00%,105.87,-1.16%,3788663
279,280,EXR,19.69B,22.88,22.96,3.81,9.92,6.01,410.14,-,3.50%,8.36%,11.60%,6.00%,11.70%,145.28,-0.34%,1572912
280,281,F,57.81B,20.11,8.67,-,0.35,1.36,1.46,-,-111.10%,-5.89%,-17.90%,-7.90%,0.20%,14.42,-0.21%,75215766
281,282,FANG,22.94B,5.30,6.23,-,2.5,1.52,498.64,-,100.00%,13.62%,34.30%,-0.73%,51.60%,128.74,1.64%,4052750
282,283,FAST,32.11B,29.21,26.38,4.61,4.5,9.87,133.92,164.86,17.80%,7.14%,14.50%,6.33%,9.70%,56.58,0.60%,6521724
283,284,FCNCA,19.99B,1.82,7.85,-,5.11,1.02,0.50,27.01,25.10%,-79.17%,18.30%,-,25.30%,1282.99,-1.21%,182279
284,285,FCNCO,19.66B,0.35,-,-,5.04,0.02,-,-,-,-,-,-,-,20.3,-1.00%,8366
285,286,FCNCP,19.76B,0.34,-,-,5.06,0.02,-,-,-,-,-,-,-,19.74,0.41%,6075
286,287,FCX,57.45B,22.27,18.37,-,2.66,3.56,8.38,-,-17.80%,9.37%,20.60%,-8.55%,6.80%,39.89,-0.47%,16104764
287,288,FDS,16.18B,36.62,25.66,3.00,8.06,10.03,33.91,38.85,-1.10%,10.26%,9.50%,12.20%,8.60%,420.91,-0.33%,512862
288,289,FDX,59.43B,20.13,12.72,4.21,0.64,2.37,11.06,58.49,-22.10%,23.33%,5.30%,4.78%,9.20%,233.46,-1.26%,3246718
289,290,FE,22.40B,54.64,14.63,99.35,1.76,2.18,126.57,-,-68.70%,5.37%,-19.00%,0.55%,2.70%,39.07,-0.10%,6885722
290,291,FERG,31.08B,16.81,16.29,-,1.04,6.57,49.73,20.92,32.20%,-2.70%,18.20%,-5.05%,8.20%,151.07,-0.53%,2121886
291,292,FI,74.29B,31.73,14.28,2.25,4.09,2.50,25.90,21.56,96.60%,13.95%,12.00%,14.13%,25.50%,119.96,-0.32%,6416508
292,293,FICO,20.05B,53.35,34.19,2.96,14.09,-,145.48,46.30,5.80%,18.91%,28.90%,18.04%,8.10%,799.96,-0.27%,262831
293,294,FIS,32.02B,-,8.42,-,2.2,1.20,-,25.45,-10.70%,9.39%,4.26%,2.05%,10.90%,54.78,1.35%,6073957
294,295,FITB,18.22B,7.70,7.88,1.59,2.42,1.12,1.32,3.97,-10.40%,-0.21%,6.30%,4.84%,8.00%,26.54,-0.82%,11155224
295,296,FIVE,10.83B,39.89,28.07,2.06,3.43,7.64,25.58,90.96,-5.30%,21.53%,20.70%,19.32%,19.20%,190.43,-2.16%,534700
296,297,FLEX,11.93B,15.59,9.81,0.94,0.39,2.26,3.62,37.89,-11.40%,11.93%,16.50%,16.56%,3.60%,26.77,-0.30%,3750427
297,298,FLT,18.05B,19.40,12.34,1.59,5.1,6.22,14.18,17.39,24.30%,15.52%,13.70%,12.20%,8.80%,243.63,-0.34%,672390
298,299,FMC,13.24B,16.52,12.11,1.72,2.28,3.86,26.78,-,5.60%,13.83%,30.80%,9.61%,15.00%,106.77,0.82%,1604693
299,300,FMS,13.96B,20.86,8.96,20.45,0.71,1.00,-,-,31.00%,17.40%,-12.76%,1.02%,-,23.57,0.00%,1865156
300,301,FMX,36.43B,23.61,20.59,10.26,0.88,2.33,5.21,-,-16.10%,8.90%,-34.20%,2.30%,8.90%,111.19,0.66%,280850
301,302,FND,10.32B,34.46,29.18,2.54,2.37,5.90,2063.04,-,5.20%,24.63%,26.60%,13.59%,25.20%,96.26,-0.83%,885245
302,303,FNV,36.77B,31.34,35.91,4.99,22.19,3.24,22.28,47.47,-4.70%,11.39%,27.10%,6.28%,14.30%,145.74,0.57%,1308340
303,304,FOX,16.47B,14.72,13.40,1.60,1.1,1.57,-,-,-,14.60%,-,9.20%,-,31.5,-0.16%,1734483
304,305,FOXA,16.49B,15.92,10.70,1.57,1.11,1.72,3.98,10.41,-41.50%,-4.70%,-0.90%,10.15%,7.10%,33.64,-0.09%,10264521
305,306,FSLR,20.60B,489.61,14.71,86.81,7.36,3.43,9.07,-,-109.50%,77.34%,-16.80%,5.64%,-2.30%,188.99,-2.02%,3105346
306,307,FTNT,57.78B,60.00,41.92,3.11,12.23,7278.00,20.07,31.69,46.60%,18.58%,58.60%,19.32%,24.20%,72.78,-1.10%,10912404
307,308,FTS,27.32B,14.55,13.71,2.60,2.37,1.05,47.44,-,6.30%,4.20%,0.40%,5.60%,5.90%,42.87,0.47%,663239
308,309,FTV,25.45B,33.66,19.48,4.61,4.31,2.57,37.82,23.96,27.20%,9.80%,-1.90%,7.30%,0.20%,71.82,-0.21%,3688131
309,310,FWONA,30.69B,33.94,64.22,84.85,11.83,2.42,19.37,98.04,391.60%,198.37%,15.20%,0.40%,7.60%,70.32,-1.68%,280884
310,311,FWONK,30.28B,42.44,69.72,-,11.67,2.69,-,-,-77.20%,128.60%,-,-2.00%,-,78.09,-2.34%,1625131
311,312,GD,58.97B,17.78,14.69,1.63,1.48,3.12,28.94,37.47,5.50%,16.90%,4.10%,10.90%,4.90%,217.34,1.11%,1560349
312,313,GDDY,11.74B,35.95,21.39,1.92,2.85,-,13.16,12.72,54.00%,44.83%,27.60%,18.70%,12.90%,74.91,-1.41%,3275093
313,314,GE,114.79B,15.54,26.51,0.59,1.55,3.66,4.63,28.04,116.30%,95.66%,16.50%,26.50%,-5.10%,106.29,0.83%,10619041
314,315,GEHC,35.97B,21.09,18.20,-,1.92,5.35,15.46,-,-14.70%,15.23%,-,-,-,78.65,-0.57%,5384994
315,316,GEN,12.08B,8.79,7.79,0.63,3.62,5.43,16.10,27.64,52.80%,19.43%,36.40%,13.90%,5.50%,18.63,-1.17%,10172338
316,317,GFI,13.43B,18.84,-,2.22,3.13,3.17,17.46,43.35,-10.00%,-,86.40%,8.50%,9.20%,14.98,-0.93%,37900230
317,318,GFL,18.28B,-,26.88,-,2.55,1.98,250.47,75.74,70.20%,48.66%,-9.60%,-,38.40%,37.28,-0.48%,696328
318,319,GFS,34.73B,23.01,21.39,9.24,4.34,3.35,11.67,-,630.00%,35.12%,-,2.49%,-,62.46,-0.76%,2639601
319,320,GGG,14.38B,30.31,26.98,2.91,6.6,7.29,36.37,145.65,5.70%,4.83%,10.00%,10.40%,7.80%,86.12,0.84%,1752900
320,321,GIB,22.28B,21.68,13.40,2.27,2.15,4.05,23.00,20.36,11.60%,10.32%,12.10%,9.53%,3.50%,104.58,-0.56%,185572
321,322,GILD,98.54B,17.83,10.97,7.75,3.64,4.69,16.78,21.18,-26.20%,6.03%,-13.90%,2.30%,0.90%,78.86,-0.18%,13975915
322,323,GIS,47.41B,17.42,17.98,2.47,2.38,4.67,76.62,37.39,16.90%,5.75%,9.80%,7.06%,4.00%,80.71,0.00%,5344518
323,324,GL,10.35B,13.30,9.60,0.89,1.98,2.71,60.14,7.43,3.50%,8.15%,8.90%,14.89%,4.60%,108.01,-0.29%,877458
324,325,GLPI,13.10B,17.33,17.36,2.06,9.69,3.47,1927.18,-,19.30%,6.69%,9.40%,8.41%,6.20%,49.83,-0.24%,1686676
325,326,GLW,28.77B,33.73,14.84,4.11,2.1,2.54,25.10,-,20.10%,21.96%,10.00%,8.21%,7.00%,35.85,5.94%,21244427
326,327,GM,52.87B,5.87,5.83,0.37,0.33,0.76,1.87,-,-8.50%,-4.88%,3.30%,15.70%,1.50%,37.96,-0.18%,14509190
327,328,GMAB,25.20B,32.94,3.11,1.22,11.19,6.33,6.99,42.01,83.70%,35.30%,-43.72%,27.00%,-,38.77,0.05%,600709
328,329,GOLD,28.95B,273.93,14.66,40.89,2.68,1.29,6.61,-,-78.50%,23.90%,-23.60%,6.70%,5.60%,16.71,1.33%,21130784
329,330,GOOG,1571.57B,27.27,19.85,1.55,5.52,6.05,-,-,16.90%,17.30%,22.30%,17.61%,-,124.06,-1.38%,56622622
330,331,GOOGL,1592.38B,27.89,19.62,1.58,5.59,6.05,13.83,25.72,-18.80%,17.88%,23.30%,17.61%,20.60%,123.53,-1.25%,44465949
331,332,GPC,22.71B,18.49,16.47,2.08,1.01,5.79,34.88,55.43,33.30%,8.21%,12.90%,8.90%,6.30%,161.47,-0.11%,1381324
332,333,GPN,26.71B,-,8.54,-,2.93,1.2,13.34,20.20,-87.70%,14.14%,-27.30%,14.55%,17.70%,100.68,-1.25%,3751644
333,334,GRAB,13.37B,-,-,-,7.73,2.04,2.74,-,52.10%,50.00%,-,-,-,3.42,-0.58%,23693368
334,335,GRMN,20.31B,21.17,18.33,3.78,4.2,3.17,13.10,-,-10.00%,10.64%,6.10%,5.60%,9.30%,106.0,-0.14%,1380234
335,336,GS,112.94B,12.05,8.86,10.84,1.42,1.1,0.49,3.65,-49.40%,19.83%,8.70%,1.11%,9.60%,338.31,-0.42%,4481390
336,337,GSK,71.28B,12.47,8.77,2.49,1.92,4.71,8.00,417.32,50.50%,8.10%,9.60%,5.00%,-0.60%,35.15,-0.34%,5945434
337,338,GWW,37.32B,22.32,18.99,1.55,2.38,13.44,80.95,48.21,51.50%,7.60%,24.70%,14.44%,7.90%,732.43,-1.54%,419238
338,339,H,11.92B,21.33,30.15,-,1.89,3.26,11.34,22.15,291.50%,32.61%,2.90%,-,5.70%,113.17,0.40%,694206
339,340,HAL,29.51B,15.11,8.99,0.46,1.36,3.5,15.71,34.64,6.00%,16.86%,35.80%,33.10%,-0.30%,32.58,-0.40%,10388206
340,341,HBAN,15.72B,7.07,8.02,-,2.31,0.97,1.18,7.00,61.90%,-4.36%,10.80%,-2.15%,11.70%,10.92,0.28%,25608002
341,342,HBANL,15.76B,-,-,-,2.2,2.21,-,-,-,-,-,-,-,24.86,0.12%,22085
342,343,HBANP,15.76B,24.09,-,-,2.2,1.66,-,-,-,-,-,-,-,18.74,-1.11%,40466
343,344,HCA,78.65B,14.54,14.55,1.81,1.29,-,93.40,21.86,-9.50%,9.77%,23.10%,8.03%,6.70%,290.08,1.47%,2962332
344,345,HD,303.65B,18.29,18.88,8.93,1.95,834.39,240.99,58.68,7.40%,6.28%,17.70%,2.05%,9.30%,300.38,-0.54%,10795560
345,346,HDB,107.90B,26.15,18.99,1.35,6.63,4.01,5.91,-,17.60%,21.10%,20.50%,19.30%,12.90%,66.45,2.86%,2832053
346,347,HEI,20.02B,60.74,48.72,4.67,8.05,8.06,157.37,52.14,15.40%,16.21%,13.20%,13.00%,7.70%,165.89,-0.23%,278943
347,348,HEI-A,19.98B,48.55,40.16,-,8.03,6.44,-,-,15.70%,11.90%,4.34%,-,-,132.54,-0.15%,361767
348,349,HES,41.70B,20.69,15.54,2.60,3.65,5.09,19.86,33.66,274.60%,76.52%,20.30%,7.95%,15.70%,135.56,-0.18%,2568214
349,350,HIG,22.05B,12.37,7.36,0.95,0.96,1.61,145.04,5.88,-17.80%,20.83%,26.30%,13.00%,5.40%,71.88,1.15%,2607683
350,351,HLN,37.54B,27.52,-,-,2.62,2.38,42.94,-,-23.80%,-,-,-,-,8.42,0.96%,2096395
351,352,HLT,37.22B,30.93,21.11,1.07,3.98,-,41.31,24.14,210.50%,13.03%,25.10%,28.84%,1.50%,140.81,0.10%,2668234
352,353,HMC,58.33B,10.73,-,0.81,0.48,0.66,2.01,-,-0.30%,-,-7.10%,13.20%,1.90%,31.32,-2.13%,2601854
353,354,HOLX,19.95B,27.08,19.78,2.71,4.92,3.79,7.72,23.73,-28.80%,5.20%,14.20%,10.00%,9.70%,81.2,0.20%,4133676
354,355,HON,135.57B,26.35,20.11,3.38,3.77,8.01,18.72,150.30,-8.10%,10.23%,4.20%,7.80%,-2.60%,202.97,-0.37%,5002796
355,356,HPE,22.54B,22.76,8.24,4.00,0.76,1.12,8.10,47.55,-74.50%,0.90%,20.30%,5.69%,-0.30%,17.57,0.69%,24479472
356,357,HPQ,30.66B,11.76,8.73,7.30,0.55,-,-,24.83,-42.80%,5.50%,15.50%,1.61%,3.90%,31.0,-0.32%,13959223
357,358,HRL,22.56B,24.31,21.81,6.94,1.84,2.93,37.73,148.53,9.60%,8.67%,3.00%,3.50%,6.30%,41.27,-0.07%,3332910
358,359,HSBC,154.91B,6.99,-,0.33,2.69,0.82,0.12,-,19.40%,-,6.30%,21.00%,6.10%,39.18,0.33%,1701440
359,360,HST,12.17B,15.12,18.14,0.53,2.33,1.77,15.89,21.05,18.20%,-9.88%,2.70%,28.40%,-1.80%,17.05,-0.35%,9087653
360,361,HSY,53.32B,31.64,25.29,3.38,4.96,15.45,115.84,49.79,44.60%,8.22%,17.80%,9.36%,6.80%,260.72,-0.05%,1576480
361,362,HTHT,14.70B,-,25.29,-,6.68,8.27,11.55,-,-292.00%,26.90%,-16.40%,26.05%,11.00%,43.0,-2.89%,1796423
362,363,HUBB,17.20B,29.34,22.42,2.93,3.39,6.95,38.51,47.87,41.70%,4.24%,11.70%,10.00%,6.20%,320.38,-0.20%,828246
363,364,HUBS,25.82B,-,85.63,-,14.05,24.52,17.39,142.23,-41.30%,25.39%,-62.10%,39.30%,35.70%,519.32,-0.13%,720542
364,365,HUM,57.96B,18.11,13.90,1.33,0.61,3.36,4.22,6.09,-2.60%,13.14%,4.50%,13.60%,11.60%,445.65,-3.92%,5292762
365,366,HWM,19.03B,39.84,22.03,2.37,3.2,5.11,35.43,41.91,88.50%,22.91%,28.10%,16.80%,-15.30%,45.98,-0.13%,2976300
366,367,HZNP,23.16B,64.08,14.82,12.82,6.48,4.56,10.02,21.97,-2.30%,29.87%,23.20%,5.00%,28.00%,101.63,0.32%,2796558
367,368,IBKR,34.23B,18.15,13.52,0.89,6.64,2.75,10.65,42.15,15.70%,2.98%,1.00%,20.35%,17.40%,80.28,-0.82%,962595
368,369,IBM,125.67B,66.90,13.78,21.58,2.07,5.77,7.23,41.86,-60.30%,6.32%,-29.90%,3.10%,-5.20%,137.48,-0.66%,7468309
369,370,IBN,79.13B,19.56,18.44,0.92,5.35,3.19,4.63,-,32.10%,14.80%,17.50%,21.30%,9.40%,22.87,0.00%,6173247
370,371,ICE,62.92B,43.39,18.57,7.43,6.52,2.69,30.41,29.79,-64.10%,9.59%,-2.80%,5.84%,10.50%,111.68,-0.62%,3803685
371,372,ICLR,19.14B,37.86,16.11,2.77,2.45,2.21,67.97,52.78,172.30%,15.26%,3.00%,13.67%,34.50%,234.12,0.21%,551071
372,373,IDXX,39.96B,58.13,43.62,3.73,11.65,47.68,358.72,87.69,-6.70%,14.25%,19.60%,15.60%,11.30%,483.03,0.33%,706647
373,374,IEP,10.57B,-,24.51,-,0.85,2.57,2.08,-,75.60%,1040.00%,-15.50%,-,6.20%,27.94,-2.38%,3081634
374,375,IEX,15.90B,27.12,23.22,2.26,4.85,4.91,31.14,43.49,31.30%,6.45%,12.10%,12.00%,6.80%,209.75,-0.31%,872664
375,376,IFF,20.28B,-,14.34,-,1.66,1.15,34.37,-,-764.20%,19.27%,-27.30%,3.43%,29.60%,80.35,1.07%,5049504
376,377,IHG,12.08B,34.64,-,2.41,3.1,-,12.38,38.48,42.50%,-,-3.30%,14.40%,-0.90%,71.23,-0.45%,90758
377,378,ILMN,33.19B,-,64.76,-,7.46,4.86,21.86,-,-655.90%,134.61%,-46.50%,-,10.70%,205.87,-1.94%,2441990
378,379,IMO,29.25B,5.64,5.62,-,0.5,1.64,17.24,8.35,-25.30%,11.72%,38.73%,-9.95%,-,49.73,-0.66%,424380
379,380,INCY,13.96B,43.67,13.50,2.91,4.02,3.16,4.49,24.24,-64.40%,39.74%,24.50%,15.00%,17.20%,63.23,1.04%,8439018
380,381,INFY,64.97B,22.52,19.30,1.52,3.63,7.13,28.03,-,9.80%,6.50%,10.10%,14.80%,15.80%,15.83,1.34%,18245147
381,382,ING,47.91B,9.10,6.94,0.68,1.51,0.86,0.15,-,-17.40%,20.60%,-4.30%,13.30%,-8.40%,13.4,0.30%,2432514
382,383,INTC,149.41B,-,20.78,-,2.65,1.54,5.43,-,-60.00%,345.29%,-8.90%,6.03%,0.10%,36.37,1.54%,110103134
383,384,INTU,127.80B,57.50,28.71,3.55,9.08,7.27,29.94,37.58,-3.70%,11.24%,14.00%,16.22%,19.60%,455.03,-0.28%,2618104
384,385,INVH,21.01B,51.34,47.06,3.94,9.15,2.06,64.60,-,38.90%,6.56%,34.40%,13.04%,16.20%,34.4,0.17%,4749352
385,386,IOT,15.35B,-,781.08,-,21.5,16.51,21.15,-,31.50%,300.00%,-,-,-,28.9,-0.52%,8777117
386,387,IP,11.04B,7.48,12.67,0.39,0.53,1.33,-,60.33,129.50%,4.60%,17.40%,19.20%,-0.50%,31.98,0.53%,7097952
387,388,IPG,15.67B,17.40,12.83,2.60,1.44,4.34,9.34,299.60,-0.70%,6.44%,11.20%,6.70%,3.80%,40.04,-1.36%,6230899
388,389,IQV,40.22B,38.78,18.07,3.36,2.78,6.77,25.17,26.67,15.50%,14.78%,32.60%,11.55%,8.20%,216.02,-0.35%,1181617
389,390,IR,26.18B,40.91,21.82,3.85,4.22,2.8,23.39,30.68,16.20%,9.15%,57.80%,10.63%,20.00%,64.52,-0.29%,4460532
390,391,IRM,16.67B,28.67,28.52,4.41,3.22,30.35,113.86,-,23.10%,12.18%,24.20%,6.50%,5.80%,56.76,-0.70%,2379242
391,392,ISRG,115.03B,90.16,51.27,5.65,17.89,10.28,23.84,114.14,-21.60%,17.38%,5.20%,15.96%,14.70%,329.36,0.33%,3109805
392,393,IT,28.15B,30.77,32.03,6.69,5.01,59.92,31.51,28.54,8.20%,10.56%,78.00%,4.60%,10.60%,356.54,0.10%,1345885
393,394,ITUB,53.98B,9.20,7.56,0.75,1.24,1.62,0.24,2.08,10.70%,11.40%,5.00%,12.30%,5.50%,5.9,0.00%,18295547
394,395,ITW,75.00B,24.81,23.94,6.12,4.68,24.41,65.62,101.08,14.70%,7.16%,7.60%,4.05%,2.20%,247.99,0.48%,2186397
395,396,IX,22.30B,10.84,-,0.77,1.17,0.87,2.29,-,-10.80%,-,-1.10%,14.00%,-1.40%,89.33,-1.36%,109609
396,397,J,14.74B,19.30,13.89,1.90,0.95,2.32,-,75.80,59.40%,14.16%,28.80%,10.15%,18.70%,116.57,0.29%,1273237
397,398,JBHT,18.34B,20.07,18.49,2.08,1.26,4.83,348.62,164.46,29.00%,13.81%,0.50%,9.67%,15.60%,176.68,-0.14%,986858
398,399,JBL,13.88B,14.83,11.33,1.33,0.39,5.27,11.57,34.80,50.70%,9.36%,58.30%,11.15%,11.90%,105.36,0.69%,2298166
399,400,JCI,45.04B,32.54,16.11,2.08,1.73,2.83,22.81,346.48,4.40%,13.74%,25.20%,15.68%,2.10%,65.47,-0.27%,3935136
400,401,JD,62.61B,22.97,11.65,0.99,0.42,2.11,2.26,11.23,384.80%,17.50%,139.90%,23.12%,23.60%,39.85,-0.28%,11044925
401,402,JHX,11.94B,23.94,-,5.57,3.16,7.58,105.68,-,11.60%,-,27.60%,4.30%,13.00%,27.51,-0.72%,33427
402,403,JKHY,12.05B,34.23,30.73,4.69,5.95,7.75,453.05,182.04,20.00%,9.46%,11.00%,7.30%,7.00%,163.54,-1.11%,732858
403,404,JNJ,425.49B,34.36,14.92,7.91,4.42,6.04,17.29,97.37,-13.70%,3.27%,5.30%,4.34%,4.40%,164.23,0.31%,13397390
404,405,JNPR,10.43B,21.35,12.56,1.80,1.9,2.36,9.5,-,87.60%,9.95%,-1.60%,11.86%,1.10%,32.47,0.09%,6112114
405,406,JPM,418.15B,10.57,10.24,-,3.66,1.54,0.27,16.18,-21.30%,-3.97%,12.10%,-4.33%,7.70%,143.26,0.12%,13797886
406,407,K,22.60B,27.22,15.38,8.18,1.44,5.59,65.13,92.25,-35.60%,4.92%,-5.00%,3.33%,3.60%,66.29,0.53%,3914303
407,408,KB,15.27B,4.47,3.96,0.48,0.83,0.34,0.18,-,-1.70%,3.80%,5.30%,9.40%,11.80%,37.97,-0.94%,196184
408,409,KDP,44.58B,34.67,16.79,5.53,3.11,1.8,218.55,57.45,-33.20%,7.52%,-25.00%,6.27%,16.00%,32.17,1.29%,15542447
409,410,KEYS,29.50B,25.22,19.18,2.97,5.28,6.24,11.81,24.42,29.20%,5.14%,61.60%,8.51%,11.20%,164.86,-0.33%,1926856
410,411,KHC,45.25B,18.85,12.23,4.05,1.68,0.92,54.78,-,204.40%,4.42%,-9.80%,4.65%,0.30%,36.99,0.33%,12246357
411,412,KIM,12.01B,80.04,29.79,-,6.89,1.24,36.49,-,-90.00%,-26.79%,-28.90%,-,7.50%,19.45,0.36%,4544902
412,413,KKR,50.58B,-,11.90,-,5.75,2.66,5.45,-,-116.90%,35.47%,-20.80%,11.81%,11.90%,57.2,-2.41%,4647441
413,414,KLAC,64.84B,18.96,22.48,3.15,6.1,23.89,22.43,26.11,63.90%,-15.50%,30.10%,6.02%,21.50%,464.89,-1.63%,2010679
414,415,KMB,45.99B,23.57,19.54,2.56,2.27,64.64,87.77,61.08,6.80%,14.29%,-1.60%,9.19%,1.90%,137.68,1.00%,2592967
415,416,KMI,38.12B,15.08,14.24,-,2.03,1.24,91.64,38.90,43.70%,8.03%,32.40%,-6.40%,7.00%,17.04,0.18%,24016493
416,417,KMX,12.79B,26.39,23.06,1.60,0.43,2.24,40.63,14.86,-56.50%,42.80%,-3.70%,16.50%,11.60%,79.63,-1.51%,2313502
417,418,KO,264.79B,27.17,21.95,4.55,6.09,10.58,18.52,82.72,-2.60%,7.75%,14.30%,5.97%,3.50%,61.67,0.72%,26713400
418,419,KOF,18.56B,15.80,14.89,2.93,1.36,2.77,7.3,-,21.20%,15.90%,25.80%,5.40%,4.40%,88.14,-0.23%,85541
419,420,KR,32.97B,14.46,10.21,1.81,0.23,3.29,32.48,27.02,40.70%,0.24%,23.40%,8.00%,3.90%,46.17,0.50%,10573424
420,421,KVUE,49.31B,39.18,20.51,26.47,3.24,2.48,29.16,-,2.80%,2.40%,-,1.48%,-,26.25,1.94%,2332994
421,422,L,13.41B,13.29,-,0.95,0.93,0.95,22.58,4.70,-31.40%,-,7.60%,14.03%,0.50%,58.57,-0.46%,2987355
422,423,LBRDA,11.25B,11.59,9.61,0.34,11.44,1.30,77.57,-,102.40%,43.09%,-0.80%,33.78%,136.80%,76.27,-0.65%,93636
423,424,LBRDK,11.19B,11.61,7.66,-,11.38,1.31,-,-,-5.70%,33.20%,96.40%,-,-,76.6,-0.53%,974997
424,425,LCID,13.23B,-,-,-,18.9,3.27,4.44,-,48.00%,19.30%,-,-,-,6.48,-1.67%,44962025
425,426,LDOS,11.69B,17.64,11.68,2.69,0.8,2.67,30.85,25.58,-5.70%,12.02%,24.90%,6.55%,7.20%,85.89,0.76%,2760421
426,427,LECO,11.29B,24.50,20.45,2.71,2.91,10.03,56.79,43.88,74.60%,6.82%,14.20%,9.05%,7.50%,195.93,-0.08%,666014
427,428,LEGN,12.15B,-,-,-,117.63,17.74,14.27,-,2.10%,14.90%,-,-,37.70%,70.07,-1.66%,897357
428,429,LEN,38.39B,7.59,9.06,12.65,1.14,1.41,9.05,13.83,10.30%,7.25%,36.00%,0.60%,21.60%,120.02,0.18%,4573885
429,430,LEN-B,38.50B,6.57,-,-,1.14,1.22,-,-,-,-,-,-,-,105.72,1.39%,161741
430,431,LH,20.43B,21.29,12.56,-,1.38,2.00,51.86,19.10,-42.70%,10.47%,15.40%,-0.07%,7.60%,234.27,1.61%,1053862
431,432,LHX,36.64B,40.66,14.73,35.67,2.1,2.03,67.22,27.44,-39.60%,8.04%,-0.50%,1.14%,22.60%,195.57,1.13%,1772134
432,433,LI,35.80B,-,44.12,-,4.68,5.18,4.02,-,-497.60%,129.40%,-,13.87%,-,34.41,-0.15%,7234383
433,434,LII,10.96B,21.64,18.65,1.81,2.31,-,230.76,169.15,12.20%,9.58%,11.90%,11.98%,4.20%,311.04,0.74%,379364
434,435,LIN,184.30B,41.69,24.98,4.01,5.53,4.62,37.14,60.55,12.40%,9.01%,7.70%,10.41%,24.00%,375.29,-0.31%,4364364
435,436,LKQ,14.57B,13.04,12.44,0.39,1.14,2.55,42.61,26.79,12.30%,8.24%,22.30%,33.50%,5.60%,54.23,-0.53%,2631234
436,437,LLY,430.90B,71.08,36.61,2.91,15.56,36.05,117.43,3651.72,12.80%,40.08%,10.10%,24.42%,7.40%,447.71,-1.37%,4283691
437,438,LMT,116.05B,20.98,16.35,1.93,1.75,12.12,47.56,35.96,-4.80%,3.42%,10.80%,10.89%,5.70%,459.17,0.71%,1641733
438,439,LNG,35.76B,4.82,12.05,0.19,1.08,19.06,12.13,4.18,160.90%,-57.51%,160.30%,24.80%,42.90%,148.68,1.02%,1987540
439,440,LNT,13.51B,20.59,17.40,3.38,3.21,2.13,86.06,-,3.90%,6.85%,7.50%,6.10%,4.50%,53.74,-0.02%,2353284
440,441,LOW,128.29B,21.13,14.97,3.16,1.34,-,-,37.89,-15.50%,8.56%,19.80%,6.69%,7.20%,217.08,-0.85%,6855455
441,442,LPLA,16.62B,16.06,11.48,1.01,1.86,7.50,7.30,11.89,84.90%,8.16%,33.00%,15.92%,15.00%,208.98,-2.33%,918708
442,443,LRCX,83.42B,17.06,23.78,1705.79,4.42,9.83,15.54,27.19,21.80%,-22.35%,28.80%,0.01%,16.50%,612.65,-1.34%,2678036
443,444,LSCC,12.34B,62.48,36.06,4.17,17.78,23.64,110.09,57.88,88.40%,18.56%,33.30%,15.00%,11.30%,88.66,-1.10%,2997244
444,445,LSI,11.08B,30.22,26.38,6.04,10.28,3.09,337.82,-,33.00%,9.77%,25.00%,5.00%,14.40%,129.78,-0.34%,805307
445,446,LSXMA,30.69B,9.00,10.11,0.20,3.42,1.13,71.36,22.83,110.70%,0.39%,40.10%,44.12%,10.70%,30.9,0.10%,772486
446,447,LSXMK,30.28B,9.48,9.60,0.25,3.38,1.13,-,-,-14.50%,2.90%,15.54%,38.20%,-,30.91,0.39%,1140794
447,448,LULU,46.66B,51.24,27.91,3.05,5.49,14.68,49.09,78.96,-10.80%,15.07%,23.40%,16.81%,25.10%,383.02,0.10%,1802691
448,449,LUV,20.21B,34.53,9.05,0.61,0.81,1.98,1.73,-,-47.70%,41.25%,-24.70%,56.77%,2.40%,34.25,0.82%,8737060
449,450,LVS,44.83B,-,18.91,-,8.48,11.01,6.86,-,7.60%,60.82%,-20.00%,-1.75%,-20.20%,58.45,-0.36%,4881882
450,451,LW,16.72B,30.52,23.07,0.82,3.48,23.05,24.77,-,-36.30%,10.60%,-9.10%,37.10%,5.30%,114.34,-0.35%,1529063
451,452,LYB,29.85B,9.89,8.52,6.17,0.63,2.36,-,765.40,-29.50%,12.41%,3.00%,1.60%,7.90%,92.24,0.51%,4144097
452,453,LYG,37.49B,6.17,-,-,2.07,0.99,-,-,-3.40%,-,10.70%,-10.30%,2.00%,2.27,-0.87%,8564546
453,454,LYV,20.77B,135.20,64.46,-,1.15,-,2.97,-,120.90%,119.62%,23.40%,-,11.50%,90.18,-0.18%,3106510
454,455,MA,359.19B,37.61,25.83,1.85,15.74,67.36,51.55,43.76,16.80%,18.74%,18.00%,20.29%,12.20%,376.53,-0.66%,5886891
455,456,MAA,17.99B,27.28,33.29,3.90,8.68,2.91,126.30,-,19.00%,2.93%,14.00%,7.00%,5.70%,155.29,0.73%,1196027
456,457,MANH,12.02B,88.27,57.79,5.88,14.85,65.91,66.17,59.93,18.40%,15.32%,3.10%,15.00%,5.20%,191.81,-0.99%,711363
457,458,MAR,53.84B,20.65,19.33,1.30,2.43,391.91,97.19,25.31,116.90%,9.55%,6.00%,15.90%,0.30%,176.36,-0.18%,4717893
458,459,MAS,12.61B,15.61,14.74,4.56,1.49,-,24.72,21.52,124.40%,12.69%,23.30%,3.42%,7.60%,55.5,-0.93%,3486825
459,460,MBLY,32.01B,-,47.01,-,16.56,2.12,27.57,-,-8.50%,29.55%,-,17.63%,-,39.16,-1.43%,3679880
460,461,MCD,213.63B,31.52,24.24,3.78,9.12,-,57.61,150.60,-17.00%,8.97%,2.90%,8.35%,0.30%,293.7,0.37%,4885811
461,462,MCHP,46.56B,21.28,13.18,1.54,5.52,7.18,198.97,19.09,76.80%,2.72%,20.90%,13.80%,16.20%,85.49,0.14%,9202383
462,463,MCK,54.22B,16.20,13.47,1.44,0.2,-,11.59,11.34,245.10%,13.40%,53.40%,11.22%,5.80%,406.2,1.53%,1488747
463,464,MCO,63.92B,44.20,30.41,3.67,11.8,21.68,29.09,81.01,-34.70%,13.62%,3.70%,12.04%,5.40%,341.85,-1.85%,1242615
464,465,MDB,27.20B,-,181.86,-,19.9,33.65,14.29,1138.11,-5.90%,36.00%,-7.30%,-,50.50%,379.9,-1.43%,1613136
465,466,MDLZ,100.04B,25.69,21.13,2.99,3.04,3.56,52.19,109.34,-35.50%,9.36%,1.50%,8.58%,4.00%,73.57,0.15%,10878563
466,467,MDT,117.44B,29.31,16.36,16.56,3.82,2.31,10.55,191.59,44.20%,7.94%,5.20%,1.77%,1.30%,89.15,1.02%,9043743
467,468,MELI,61.45B,97.66,48.19,1.98,5.43,29.43,13.29,16.95,469.50%,39.78%,100.60%,49.40%,54.00%,1194.74,-2.37%,779212
468,469,MET,42.24B,30.31,6.07,3.22,0.61,1.34,2.29,3.64,-62.90%,17.72%,-8.70%,9.40%,2.30%,55.5,0.62%,10275175
469,470,META,722.25B,33.73,19.2,1.82,6.15,5.83,19.29,41.12,-33.60%,24.75%,8.20%,18.50%,23.50%,281.0,-0.29%,43001938
470,471,MFC,35.64B,8.68,5.37,1.17,1.7,1.15,2.51,3.07,3.90%,9.34%,30.30%,7.42%,-27.50%,18.99,-1.61%,4603642
471,472,MFG,38.60B,-,2.92,-,2.71,0.61,0.05,-,-118.00%,13.30%,-18.00%,6.60%,-0.90%,2.98,-0.67%,325976
472,473,MGA,16.24B,37.32,9.08,1.44,0.42,1.47,6.69,-,-59.30%,26.65%,-18.90%,26.00%,0.70%,56.99,0.41%,915195
473,474,MGM,15.91B,9.11,16.25,-,1.12,3.30,3.53,12.89,44.60%,19.27%,30.50%,-,4.00%,42.64,-2.47%,7900910
474,475,MKC,24.67B,37.56,32.01,5.08,3.86,5.10,69.15,449.41,-9.80%,10.08%,6.30%,7.40%,6.10%,92.65,0.73%,1712860
475,476,MKL,17.86B,64.65,15.07,6.47,1.4,1.37,4.43,7.64,-113.40%,17.13%,14.07%,10.00%,14.00%,1343.69,0.39%,53665
476,477,MKTX,10.56B,40.22,31.97,2.98,14.35,9.26,31.72,65.33,-1.80%,15.56%,9.60%,13.49%,12.80%,277.15,-1.09%,1206502
477,478,MLM,26.61B,27.58,23.08,1.44,4.23,3.69,116.01,87.51,22.20%,15.40%,13.80%,19.20%,9.20%,426.54,-0.68%,614593
478,479,MMC,89.31B,28.33,21.53,2.89,4.23,8.19,88.78,51.39,-1.40%,10.25%,10.00%,9.80%,8.10%,181.15,0.34%,2850674
479,480,MMM,57.27B,10.83,10.92,6.59,1.71,3.78,14.43,80.55,0.60%,10.82%,2.10%,1.65%,1.60%,104.54,0.70%,6192663
480,481,MMP,12.16B,12.81,11.37,4.13,3.58,7.29,1643.49,34.20,-3.40%,4.78%,1.50%,3.10%,5.00%,60.1,-0.13%,4657114
481,482,MNST,61.55B,38.89,32.69,1.51,9.48,8.26,20.14,55.69,-13.10%,16.10%,24.50%,25.68%,13.40%,58.45,-0.60%,7688721
482,483,MO,78.81B,14.16,8.49,4.13,3.16,-,20.14,60.02,138.70%,3.97%,-2.20%,3.42%,-0.40%,44.07,-0.18%,13649728
483,484,MOH,16.54B,18.93,12.01,1.24,0.51,4.86,1.98,13.50,20.40%,13.92%,29.60%,15.27%,10.00%,278.02,-2.04%,763075
484,485,MOS,11.72B,4.43,8.19,-,0.62,1.01,25.21,5.89,135.50%,-15.89%,58.70%,-,20.90%,35.82,1.53%,12257793
485,486,MPC,48.30B,3.43,8.86,-,0.28,1.87,4.22,3.39,-28.20%,-31.93%,49.30%,-,18.90%,113.29,-0.47%,10768231
486,487,MPLX,33.94B,8.72,8.86,1.15,3.03,2.88,86.36,25.46,32.10%,5.28%,29.00%,7.60%,24.60%,34.07,0.50%,4238976
487,488,MPWR,24.63B,53.61,37.48,2.14,13.19,13.76,26.84,143.69,79.10%,15.65%,27.50%,25.00%,30.70%,517.61,-0.32%,1110036
488,489,MRK,277.60B,21.33,12.85,2.61,4.8,5.93,26.73,67.02,17.40%,21.78%,25.60%,8.17%,8.10%,109.32,-0.07%,15830593
489,490,MRNA,49.55B,11.13,-,-,3.29,2.63,5.55,80.96,-29.00%,-121.80%,92.10%,-,147.90%,128.73,-0.96%,5496062
490,491,MRO,14.38B,5.77,6.15,-,1.8,1.30,80.81,4.30,338.00%,40.43%,48.30%,-8.79%,11.40%,23.5,0.90%,18394763
491,492,MRVL,53.35B,-,26.03,-,9.21,3.38,51.88,65.37,63.70%,53.06%,-17.40%,14.08%,19.70%,61.12,-1.47%,17815753
492,493,MS,148.72B,15.13,11.54,3.05,2.02,1.57,1.34,-,-23.40%,17.53%,10.50%,4.96%,8.60%,88.09,-1.08%,13141638
493,494,MSCI,39.04B,43.80,32.52,3.28,17.11,-,36.12,61.10,23.30%,14.28%,23.80%,13.36%,12.00%,477.73,-2.01%,628092
494,495,MSFT,2588.29B,37.10,31.27,3.07,12.47,13.09,24.79,68.06,19.80%,13.39%,24.30%,12.10%,15.50%,342.33,-1.66%,46393046
495,496,MSI,47.34B,35.04,22.56,3.45,5.04,200.18,46.32,54.86,10.60%,10.02%,12.40%,10.16%,7.40%,280.25,-0.72%,1302324
496,497,MT,24.04B,4.06,5.24,-,0.31,0.45,3.82,4.90,-24.60%,4.90%,17.90%,-,3.10%,28.12,-0.11%,1770252
497,498,MTB,20.70B,9.51,7.58,0.73,2.71,0.88,0.81,-,-16.40%,-2.36%,4.50%,13.03%,8.40%,123.16,-1.29%,2639862
498,499,MTCH,12.06B,40.74,17.23,1.04,3.79,-,20.85,33.28,37.10%,24.28%,-3.80%,39.06%,19.10%,42.25,-2.42%,5853503
499,500,MTD,29.43B,33.57,26.94,2.73,7.45,-,330.27,36.96,17.20%,11.92%,17.70%,12.30%,7.50%,1321.97,-1.07%,188749
500,501,MU,75.32B,48.61,112.58,-,3.27,1.56,6.96,-,50.70%,113.10%,11.90%,-,8.60%,67.66,-1.69%,32169642
501,502,MUFG,89.65B,10.58,10.50,1.41,2.37,0.68,0.08,-,2.60%,-8.30%,4.00%,7.50%,11.40%,6.93,-1.28%,1788033
502,503,NDAQ,25.65B,22.21,17.93,5.07,4.12,4.07,45.00,22.97,-3.80%,5.08%,12.40%,4.38%,9.50%,51.22,-2.01%,7413080
503,504,NDSN,13.48B,26.62,24.16,2.05,5.17,5.43,104.43,33.42,13.90%,8.47%,11.60%,13.00%,4.60%,237.11,0.22%,360292
504,505,NEE,150.46B,22.50,22.19,2.56,6.07,3.52,66.14,-,15.70%,9.48%,2.50%,8.80%,4.10%,75.59,1.65%,23040560
505,506,NEM,33.93B,-,15.55,-,2.93,1.8,9.68,-,-141.80%,15.39%,-20.00%,-,10.10%,43.83,2.65%,17156301
506,507,NET,23.32B,-,159.88,-,22.14,34.16,13.59,604.06,28.90%,25.15%,-,-,48.50%,67.63,-3.73%,4966284
507,508,NFLX,197.94B,50.84,30.14,2.39,6.2,8.81,25.29,67.47,-14.40%,28.76%,44.90%,21.32%,22.00%,431.96,-2.99%,8731801
508,509,NGG,48.18B,14.40,-,2.72,1.74,1.32,13.62,-,22.40%,-,4.70%,5.30%,7.30%,67.93,1.01%,609499
509,510,NI,11.29B,18.58,16.37,2.77,1.9,1.85,106.14,-,33.20%,6.63%,14.10%,6.70%,3.70%,27.38,0.15%,5454390
510,511,NICE,14.44B,52.28,23.39,4.36,6.49,4.59,8.57,36.71,33.70%,13.00%,17.10%,12.00%,10.40%,223.6,-2.20%,341950
511,512,NIMC,11.31B,65.70,-,-,1.9,6.82,-,-,-,-,-,-,-,101.24,0.21%,1706
512,513,NIO,16.52B,-,-,-,2.35,5.63,3.61,-,-32.30%,-,-3.80%,-,-,9.4,-3.98%,81068201
513,514,NKE,172.77B,32.77,28.54,3.83,3.41,12.07,15.99,94.51,5.50%,23.07%,8.40%,8.56%,6.30%,113.59,1.05%,14337878
514,515,NLY,10.32B,-,6.96,-,9.35,0.98,5.75,61.19,-38.60%,-1.20%,-6.50%,-4.98%,3.10%,20.59,-1.44%,10140555
515,516,NMR,12.42B,18.59,-,1.71,0.7,0.53,0.41,-,-34.30%,-,-13.60%,10.90%,4.70%,3.96,0.00%,1175594
516,517,NOC,68.77B,14.83,18.67,7.81,1.85,4.62,27.56,592.85,-27.70%,8.44%,11.90%,1.90%,7.10%,458.35,1.21%,1178360
517,518,NOK,24.07B,5.12,8.92,0.76,0.86,1.02,2.65,369.12,158.10%,11.60%,51.60%,6.72%,1.50%,4.28,0.94%,20144274
518,519,NOW,117.02B,288.22,47.73,11.46,15.36,20.54,23.81,54.68,41.00%,24.47%,34.10%,25.15%,30.40%,565.48,-1.55%,2086255
519,520,NSC,50.83B,17.25,15.59,3.15,3.92,4.01,92.09,41.09,14.50%,8.19%,14.20%,5.47%,3.90%,224.14,0.38%,1995668
520,521,NTAP,15.78B,12.84,11.93,1.62,2.48,13.72,5.14,36.19,41.50%,9.21%,10.40%,7.91%,1.50%,74.37,0.83%,3140499
521,522,NTES,63.30B,20.83,16.46,1.60,4.6,4.16,3.74,-,19.50%,7.70%,11.40%,13.03%,16.80%,98.45,0.32%,1372434
522,523,NTR,39.12B,3.57,9.66,-,0.81,0.9,20.08,6.65,157.00%,-7.59%,68.90%,-,15.80%,60.07,0.74%,2204887
523,524,NTRS,15.76B,12.71,11.15,1.42,1.91,1.45,3.27,997.43,-14.00%,5.41%,5.50%,8.92%,6.10%,74.71,-1.23%,1991273
524,525,NU,34.93B,-,27.62,-,6.31,6.79,8.36,55.85,-117.80%,70.62%,-,-,-,7.54,1.75%,22099888
525,526,NUE,37.98B,5.90,12.99,-,0.96,2.02,8.22,-,24.30%,-30.02%,52.00%,-7.50%,15.40%,151.41,0.15%,3177400
526,527,NVDA,1053.53B,221.89,41.11,10.47,40.71,42.99,68.77,223.96,-54.70%,33.53%,8.60%,21.20%,22.70%,426.92,0.09%,65402829
527,528,NVO,278.67B,40.84,28.65,14.59,10.07,30.9,68.30,-,17.80%,12.60%,9.70%,2.80%,9.60%,161.29,-0.76%,1051568
528,529,NVR,19.29B,12.59,14.90,-,1.85,5.05,6.89,10.37,53.40%,-1.45%,28.30%,-2.90%,10.80%,5990.38,0.76%,50762
529,530,NVS,228.43B,31.34,13.91,3.81,4.38,4.13,18.63,38.03,-70.20%,8.30%,0.00%,8.22%,3.60%,101.83,0.43%,2683278
530,531,NWG,29.31B,6.22,-,20.07,1.56,0.66,0.09,-,47.00%,-,39.80%,0.31%,2.80%,6.59,0.00%,1775795
531,532,NWS,11.27B,43.04,-,-,1.11,1.41,-,-,-,-,-,-,-,19.8,0.20%,1496592
532,533,NWSA,11.24B,42.73,24.28,-,1.11,1.39,6.77,39.43,89.10%,87.44%,23.10%,-2.38%,5.00%,19.57,0.31%,3908237
533,534,NXPI,50.85B,18.96,13.77,2.46,3.85,6.46,12.94,31.90,55.50%,7.79%,19.80%,7.70%,7.40%,197.85,1.07%,4512624
534,535,O,41.22B,43.08,42.57,1.90,11.84,1.39,250.43,-,63.90%,7.29%,5.20%,22.62%,22.40%,61.39,0.26%,18463207
535,536,OC,11.08B,8.85,10.75,6.70,1.14,2.33,14.63,13.99,33.10%,5.77%,31.10%,1.32%,8.90%,122.16,-0.62%,2378288
536,537,ODFL,36.01B,26.77,26.05,4.61,5.8,9.55,154.93,54.74,37.10%,15.25%,33.20%,5.81%,13.30%,325.46,-0.89%,1332931
537,538,OKE,27.34B,11.50,12.59,1.49,1.27,3.83,40.21,36.49,14.60%,-11.48%,16.80%,7.70%,13.00%,60.95,-0.26%,7630644
538,539,OKTA,12.37B,-,59.69,-,6.31,2.21,5.22,69.84,10.00%,39.14%,-31.30%,25.00%,48.60%,75.75,-0.56%,3921285
539,540,OMC,19.07B,14.29,12.18,5.29,1.33,6.17,5.70,64.70,-0.30%,5.48%,4.50%,2.70%,-1.30%,95.15,-0.47%,2585462
540,541,ON,39.30B,22.00,16.67,3.48,4.71,6.04,14.54,27.86,86.80%,11.85%,38.20%,6.33%,8.50%,90.15,-0.93%,28115614
541,542,ORAN,29.84B,14.14,-,-,0.63,0.94,2.58,-,-,-,4.60%,-6.20%,1.20%,11.28,-0.79%,2272107
542,543,ORCL,341.66B,40.89,19.98,3.57,6.84,-,38.96,68.84,-47.00%,13.38%,1.50%,11.46%,2.30%,125.46,-0.86%,19438215
543,544,ORLY,56.46B,26.56,22.12,2.37,3.81,-,942.65,22.68,7.60%,11.26%,22.60%,11.20%,9.90%,919.02,-0.91%,885195
544,545,OTEX,11.34B,37.24,8.88,2.27,2.91,2.72,8.12,21.63,28.60%,43.02%,-18.30%,16.40%,8.80%,41.49,-1.07%,773874
545,546,OTIS,36.59B,29.28,23.11,3.33,2.69,-,32.76,49.38,2.60%,10.84%,15.10%,8.80%,2.10%,88.62,0.09%,3052289
546,547,OWL,16.49B,481.25,14.21,24.06,11.11,3.32,435.13,32.75,98.00%,23.00%,-,20.00%,-,11.55,-1.45%,3237196
547,548,OXY,52.47B,6.62,10.51,-,1.47,2.57,45.04,5.22,501.30%,17.67%,49.10%,-,23.80%,58.15,-0.46%,13715211
548,549,PAG,10.80B,8.51,9.97,14.18,0.38,2.46,107.37,11.99,24.70%,-3.17%,33.90%,0.60%,5.40%,153.72,-1.80%,394729
549,550,PANW,74.57B,387.02,49.44,11.42,11.49,60.72,18.84,27.23,47.60%,16.71%,-3.90%,33.88%,25.70%,246.53,1.12%,54804402
550,551,PARA,10.87B,-,11.38,-,0.36,0.48,5.16,-,-84.50%,114.86%,-27.30%,3.97%,2.60%,16.28,-1.51%,12996149
551,552,PATH,10.52B,-,45.71,-,9.54,5.16,5.91,111.70,48.20%,15.45%,-,31.70%,-,18.1,-3.47%,14361977
552,553,PAYC,18.75B,60.15,34.67,2.53,12.72,13.87,37.08,74.66,43.60%,20.50%,18.30%,23.79%,26.00%,319.92,-1.24%,671869
553,554,PAYX,40.85B,27.39,24.75,3.30,8.3,12.05,26.24,117.96,26.60%,7.29%,11.00%,8.30%,7.90%,113.59,0.25%,3842225
554,555,PBA,17.19B,8.42,14.00,-,1.58,1.27,-,-,-43.90%,5.20%,0.37%,-14.61%,-,31.23,0.42%,763399
555,556,PBR,85.58B,2.40,4.84,-,0.64,1.08,6.15,-,76.60%,-10.00%,235.40%,-,17.70%,13.9,0.80%,15216152
556,557,PBR-A,86.01B,2.28,3.87,-,0.13,0.20,-,-,-35.20%,-6.70%,33.54%,-1.80%,-,12.37,0.49%,15659513
557,558,PCAR,41.33B,15.86,12.25,-,1.34,4.45,9.37,88.26,61.20%,-18.53%,6.20%,-10.68%,8.20%,78.63,-0.57%,3943723
558,559,PCG,42.67B,19.59,12.91,4.45,1.93,1.48,41.51,-,10.00%,11.13%,-24.70%,4.40%,4.80%,17.4,0.87%,21673674
559,560,PCGU,43.04B,1234.84,-,-,1.95,12.88,-,-,-,-,-,-,-,150.65,0.41%,50940
560,561,PCTY,10.59B,88.13,33.14,2.92,9.67,13.42,-,51.57,27.90%,12.13%,66.90%,30.20%,23.20%,184.98,-2.52%,585530
561,562,PDD,106.65B,22.24,14.76,1.12,5.26,5.94,4.84,12.89,302.60%,25.50%,119.20%,19.84%,137.10%,79.87,-1.18%,12500401
562,563,PEAK,11.36B,20.82,38.49,-,5.44,1.71,191.82,-,324.50%,-2.36%,0.00%,-6.00%,2.20%,20.67,-0.43%,7153600
563,564,PEG,31.07B,13.49,16.94,3.14,2.76,2.11,25.78,-,260.10%,7.23%,4.70%,4.30%,1.50%,62.54,0.45%,5330707
564,565,PEN,12.94B,2057.13,132.25,89.05,14.63,12.57,65.00,-,-137.90%,66.73%,-15.80%,23.10%,20.50%,337.37,-0.27%,558848
565,566,PEP,255.85B,38.68,23.43,4.96,2.91,15.04,49.16,-,15.40%,8.47%,4.90%,7.80%,6.30%,186.04,0.18%,8912369
566,567,PFE,224.40B,7.90,11.43,-,2.41,2.24,11.24,20.09,39.30%,4.69%,22.70%,-14.94%,13.80%,40.06,0.78%,60290730
567,568,PFG,17.99B,4.45,10.02,0.66,1.27,1.78,3.88,5.83,200.70%,11.84%,26.40%,6.70%,-0.50%,74.78,0.92%,3110138
568,569,PG,349.89B,26.04,23.43,4.84,4.32,7.96,46.06,99.63,5.60%,8.96%,9.50%,5.38%,4.30%,149.54,0.73%,11229476
569,570,PGR,75.13B,93.72,16.54,3.50,1.44,4.64,274.49,11.93,-79.10%,52.06%,-14.20%,26.80%,13.10%,129.99,1.27%,3352610
570,571,PH,47.99B,31.95,16.61,2.93,2.64,4.84,85.95,28.92,-24.40%,6.43%,6.80%,10.91%,5.70%,369.1,-1.32%,1037095
571,572,PHG,18.75B,-,-,-,0.95,1.33,-,-,-375.10%,-,-32.50%,26.54%,0.10%,20.41,-0.39%,972932
572,573,PHM,16.51B,6.27,8.04,0.68,0.99,1.79,12.92,-,48.30%,-2.53%,40.60%,9.20%,13.60%,73.51,-0.61%,5781284
573,574,PINS,17.07B,-,25.16,-,6.03,5.65,6.25,41.10,-128.10%,27.76%,10.10%,23.48%,42.70%,25.36,1.60%,12959099
574,575,PKG,11.93B,12.71,15.85,-,1.43,3.14,25.75,42.23,24.80%,0.59%,13.80%,-12.65%,5.60%,132.42,-0.18%,1737723
575,576,PKX,25.62B,13.96,-,1.16,0.39,0.54,1.63,-,-53.80%,-,2.90%,12.00%,6.90%,75.98,-0.61%,439110
576,577,PLD,112.40B,37.04,42.11,-,17.23,2.15,215.13,-,7.80%,1.93%,6.80%,-6.05%,17.90%,122.63,0.75%,5830935
577,578,PLTR,35.15B,-,65.20,-,17.71,12.64,12.10,101.59,33.10%,17.92%,-,73.00%,-,16.3,-1.81%,90235561
578,579,PM,147.04B,16.95,13.80,2.27,4.59,-,60.56,-,-0.20%,10.18%,3.50%,7.46%,2.00%,94.89,0.17%,9474971
579,580,PNC,51.40B,8.80,9.59,-,2.83,1.05,1.29,5.42,9.10%,-2.34%,11.80%,-4.02%,7.40%,128.47,-0.25%,3460613
580,581,PNR,10.06B,20.39,14.94,3.24,2.42,3.57,84.42,61.36,-12.10%,11.17%,24.80%,6.30%,7.70%,60.81,-0.33%,1593838
581,582,PODD,20.01B,-,134.07,-,14.63,39.35,-,-,-73.10%,44.55%,16.50%,-,23.00%,284.5,-0.92%,727495
582,583,POOL,13.96B,21.18,21.21,5.03,2.34,11.07,526.66,-,16.30%,12.13%,34.60%,4.21%,17.30%,357.95,0.12%,556376
583,584,PPG,33.26B,26.62,17.50,1.94,1.88,4.72,22.44,100.48,-27.00%,12.99%,-5.80%,13.72%,3.70%,143.08,1.28%,2673810
584,585,PPL,19.91B,27.40,15.80,1.59,2.33,1.42,43.28,-,12.80%,7.35%,-14.40%,17.21%,1.20%,26.99,-0.07%,8309809
585,586,PRU,31.67B,1000.34,6.66,-,0.50,1.02,1.82,7.35,-120.10%,8.04%,-18.60%,-4.06%,0.00%,87.03,0.31%,3973720
586,587,PSA,50.57B,12.21,23.76,0.72,11.75,8.84,72.72,-,138.10%,6.39%,28.40%,17.00%,9.40%,287.1,-0.19%,1798441
587,588,PSTG,11.55B,-,22.68,-,4.24,12.17,7.30,-,143.00%,20.58%,22.20%,30.24%,21.90%,37.74,0.37%,5880773
588,589,PSX,44.52B,3.76,8.28,-,0.26,1.49,6.39,6.55,683.90%,-14.90%,38.30%,-13.90%,10.60%,97.13,0.11%,4962188
589,590,PTC,16.99B,53.76,27.35,4.82,8.59,6.72,53.03,32.80,-34.30%,19.55%,118.50%,11.15%,10.70%,143.15,-0.31%,1514625
590,591,PUK,39.56B,39.58,-,4.40,-,2.33,8.30,69.41,-56.30%,-,-19.90%,9.00%,-,28.89,-1.06%,289563
591,592,PWR,26.97B,54.85,22.53,3.59,1.54,4.87,124.25,42.06,-0.70%,16.58%,16.30%,15.29%,12.50%,185.95,0.08%,1751534
592,593,PXD,47.52B,7.34,9.05,-,2.08,2.23,36.24,169.70,261.20%,8.99%,92.10%,-6.00%,35.70%,206.8,1.73%,4239170
593,594,PYPL,73.47B,28.12,11.75,1.78,2.62,3.78,6.90,14.53,-40.60%,14.27%,5.20%,15.76%,16.00%,66.43,0.88%,29672744
594,595,QCOM,137.70B,13.05,12.72,-,3.35,6.95,20.63,39.40,45.10%,15.96%,47.40%,-10.30%,14.70%,122.68,-0.75%,12886685
595,596,QGEN,10.62B,30.48,20.28,-,5.31,3.02,8.25,24.67,-16.80%,9.08%,86.50%,-4.01%,8.60%,46.76,0.39%,723331
596,597,QRVO,10.12B,111.18,13.96,11.12,2.84,2.62,12.51,14.79,-89.20%,63.07%,28.00%,10.00%,3.70%,102.62,0.11%,3467042
597,598,QSR,23.81B,23.39,22.40,3.20,3.58,9.18,23.05,88.19,20.80%,9.57%,8.90%,7.32%,7.30%,76.43,-0.09%,732681
598,599,RACE,55.87B,52.12,39.39,4.08,10.47,19.97,-,-,25.10%,13.70%,13.10%,12.77%,-,308.02,0.62%,294920
599,600,RBA,10.37B,58.20,20.08,4.85,5.60,1.41,18.24,-,109.60%,20.47%,32.70%,12.00%,12.30%,57.09,0.07%,12523543
600,601,RBLX,24.81B,-,-,-,10.59,101.95,11.07,-,-85.00%,5.70%,-,23.63%,-,41.8,2.88%,15243676
601,602,RCI,23.37B,16.37,-,1.48,1.98,2.84,55.88,-,7.80%,-,-1.40%,11.03%,1.40%,43.97,-0.52%,479517
602,603,RCL,24.53B,-,13.71,-,2.3,8.54,19.99,33.99,59.50%,47.44%,-25.60%,-,0.10%,95.3,-0.64%,3901028
603,604,RE,14.76B,21.30,6.04,0.73,1.16,1.51,9.17,4.04,-56.40%,30.67%,5.50%,29.00%,13.60%,352.35,2.35%,587120
604,605,REG,10.40B,27.28,28.15,-,8.4,1.73,146.31,-,32.80%,4.98%,24.50%,-0.69%,4.50%,61.14,0.49%,1101866
605,606,REGN,85.91B,21.28,18.06,7.60,6.94,3.57,9.59,34.00,-46.90%,4.30%,23.80%,2.80%,15.70%,783.05,-0.00%,993137
606,607,RELX,63.49B,31.43,-,4.43,5.81,13.51,148.71,46.13,11.70%,-,5.80%,7.10%,3.10%,34.04,1.64%,2030391
607,608,REXR,11.53B,56.73,41.01,5.67,17.04,1.49,45.47,59.41,15.40%,18.02%,13.90%,10.00%,31.40%,53.72,-0.09%,4014994
608,609,RF,17.19B,7.72,7.99,-,3.02,1.11,1.95,10.13,-8.60%,-3.53%,17.10%,-0.88%,5.10%,18.12,-1.09%,17517692
609,610,RIO,114.32B,8.86,-,-,2.06,2.18,12.79,-,-41.10%,-,8.30%,-3.30%,6.80%,67.55,-1.17%,3722183
610,611,RIVN,14.32B,-,-,-,6.44,1.09,1.27,-,67.80%,34.50%,-,-,-,14.88,-2.36%,92074575
611,612,RJF,21.23B,13.16,10.33,1.25,1.77,2.17,2.45,-,5.20%,9.93%,19.40%,10.57%,11.60%,100.09,-0.08%,2048186
612,613,RKT,18.43B,-,18.57,-,4.62,1.99,20.63,29.02,-88.00%,800.00%,-48.50%,-,7.10%,9.19,-1.50%,2835054
613,614,RMD,32.17B,37.38,29.64,3.63,8.01,8.18,141.18,210.98,63.60%,13.39%,17.10%,10.30%,11.60%,219.04,0.03%,734121
614,615,ROK,36.69B,27.81,24.24,1.85,4.39,11.49,80.36,104.15,-31.20%,8.59%,4.60%,15.00%,4.20%,315.8,-1.13%,1431118
615,616,ROKU,10.10B,-,-,-,3.22,3.89,6.2,-,-311.40%,40.40%,-41.40%,43.00%,43.60%,70.69,-1.48%,5787356
616,617,ROL,20.52B,52.68,41.76,6.42,7.43,15.74,182.4,92.26,3.30%,11.95%,14.10%,8.20%,10.00%,41.09,-1.32%,2399819
617,618,ROP,49.15B,47.43,26.10,5.16,8.84,2.99,41.6,129.93,22.00%,7.83%,4.80%,9.20%,3.10%,458.78,-0.51%,1014913
618,619,ROST,36.75B,23.94,19.92,2.37,1.95,8.46,8.32,26.82,-10.10%,10.09%,5.60%,10.10%,5.80%,107.84,-0.04%,3476998
619,620,RPM,10.95B,20.85,18.71,1.27,1.52,5.29,56.49,-,-1.90%,7.15%,22.70%,16.38%,6.20%,85.22,0.29%,957677
620,621,RPRX,19.55B,42.25,8.10,6.71,8.29,2.39,7.55,566.66,-93.50%,-4.09%,-45.50%,6.30%,7.00%,31.9,-0.93%,4651436
621,622,RRX,10.07B,28.31,11.53,2.30,1.96,1.56,8.81,27.42,51.40%,22.67%,9.10%,12.30%,9.20%,151.24,-0.49%,561306
622,623,RS,15.04B,9.17,12.08,-,0.91,2.05,18.43,10.04,36.20%,-6.28%,40.20%,-4.30%,11.90%,256.07,0.07%,809344
623,624,RSG,45.72B,30.40,24.89,3.42,3.24,4.65,345.83,42.72,16.10%,11.02%,14.30%,8.89%,6.10%,145.73,0.82%,1515007
624,625,RTO,20.38B,54.64,-,341.48,4.29,4.96,7.34,-,-18.30%,-,-20.60%,0.16%,9.00%,40.65,-0.02%,839858
625,626,RTX,143.19B,26.11,16.96,2.42,2.09,1.96,24.3,-,35.90%,14.69%,-11.80%,10.80%,2.30%,97.74,-0.27%,9029088
626,627,RVTY,14.76B,41.83,20.44,-,5.41,1.87,6.0,-,-46.80%,17.85%,11.30%,-2.72%,8.00%,119.26,1.35%,1309272
627,628,RY,131.89B,12.46,7.98,2.27,2.67,1.69,0.22,5.70,0.00%,6.40%,7.90%,5.50%,8.70%,95.45,0.23%,757883
628,629,RYAAY,20.76B,17.08,10.82,-,1.76,3.57,4.68,18.22,76.70%,28.00%,-17.10%,-,-6.30%,107.89,0.87%,406703
629,630,RYAN,11.10B,75.92,25.89,4.02,6.18,9.38,15.76,-,-17.00%,23.24%,-,18.90%,-,42.97,0.54%,747175
630,631,SAN,58.00B,5.51,-,-,0.65,0.57,0.11,-,21.20%,-,6.90%,-,5.00%,3.49,-0.29%,7201905
631,632,SAP,166.03B,76.61,20.43,3.81,4.86,3.64,15.34,32.30,-56.20%,18.50%,-10.20%,20.13%,5.60%,137.28,0.18%,983343
632,633,SBAC,25.35B,67.40,40.08,4.59,9.43,-,163.84,33.57,97.40%,20.89%,30.40%,14.68%,8.80%,230.57,-1.44%,1017989
633,634,SBUX,116.22B,33.02,24.81,2.03,3.42,-,33.68,281.82,-20.00%,19.64%,7.50%,16.30%,7.60%,101.87,0.48%,11700812
634,635,SCCO,57.33B,21.58,15.24,-,5.69,7.08,23.49,-,-22.30%,18.31%,11.70%,-,8.60%,74.44,0.38%,1610628
635,636,SCHW,101.03B,14.84,13.13,1.55,4.23,3.67,2.06,16.08,24.00%,26.71%,16.30%,9.59%,20.00%,54.4,-2.00%,19332186
636,637,SCI,10.01B,21.32,17.15,1.78,2.49,6.25,63.46,62.23,-25.20%,9.38%,11.10%,12.00%,5.80%,66.21,-0.05%,1946576
637,638,SE,35.63B,-,25.65,-,2.83,5.74,5.41,-,23.00%,47.60%,-12.10%,-,97.50%,62.08,-1.26%,4705731
638,639,SEDG,15.63B,81.17,21.36,2.40,4.6,6.62,13.73,414.68,-46.00%,17.25%,-6.10%,33.80%,38.60%,276.7,-0.27%,1054118
639,640,SGEN,37.04B,-,-,-,18.02,13.61,24.86,-,10.80%,73.70%,-30.40%,-,32.40%,198.32,0.39%,1570596
640,641,SHEL,202.00B,5.00,6.94,-,0.53,1.08,4.80,5.65,121.70%,2.00%,25.90%,-9.00%,4.60%,60.35,-0.54%,6410215
641,642,SHG,14.27B,4.11,4.37,2.57,0.81,0.35,0.08,-,15.70%,-,6.70%,1.60%,11.30%,27.33,-0.73%,96377
642,643,SHOP,84.54B,-,115.35,-,14.32,9.77,17.38,-,-219.40%,71.04%,24.32%,-,52.80%,64.71,-2.10%,13535781
643,644,SHW,64.33B,30.41,24.94,5.10,2.85,20.09,424.93,105.54,10.50%,13.99%,13.60%,5.97%,8.10%,247.89,-0.63%,2243733
644,645,SIRI,14.82B,13.68,12.47,2.13,1.65,-,279.55,13.76,-4.40%,7.85%,11.60%,6.41%,10.70%,3.94,2.87%,57935776
645,646,SJM,16.30B,28.65,15.14,4.69,2.0,1.96,156.45,178.75,-25.10%,6.86%,2.70%,6.12%,1.60%,153.1,0.14%,1064623
646,647,SLB,68.27B,17.81,12.92,0.54,2.29,3.77,27.27,53.63,81.70%,23.22%,34.00%,32.70%,-1.60%,47.78,-0.25%,14733232
647,648,SLF,29.84B,13.55,7.48,1.95,0.99,1.88,4.37,13.41,-24.60%,7.47%,7.70%,6.96%,7.00%,50.91,0.10%,414746
648,649,SMCI,12.80B,21.75,20.94,2.17,1.95,6.95,35.29,21.05,154.40%,2.59%,32.70%,10.00%,15.90%,230.77,-5.39%,3029255
649,650,SMFG,57.55B,9.85,-,1.56,2.14,0.62,0.07,-,14.50%,-,2.60%,6.30%,11.80%,8.26,-1.31%,2066410
650,651,SNA,14.52B,15.72,14.74,3.42,2.94,3.15,17.41,38.98,12.80%,4.60%,11.80%,4.60%,3.90%,273.87,-0.15%,481886
651,652,SNAP,17.07B,-,58.68,-,3.77,6.55,4.16,325.24,-184.00%,139.47%,21.40%,40.92%,41.00%,10.68,0.19%,28822677
652,653,SNN,13.83B,63.18,-,13.74,2.65,2.67,39.52,-,-57.30%,-,-22.50%,4.60%,1.80%,32.16,0.50%,2029472
653,654,SNOW,62.24B,-,196.14,-,27.46,11.29,15.78,102.61,-10.40%,56.76%,-,-,-,184.18,-3.56%,6579936
654,655,SNPS,67.92B,74.45,35.89,4.37,12.84,11.51,40.06,59.95,30.70%,13.41%,48.10%,17.02%,13.30%,441.19,-1.16%,1889110
655,656,SNY,130.24B,14.31,5.93,1.95,2.58,1.74,9.34,-,34.60%,7.90%,17.50%,7.36%,4.60%,52.04,0.48%,1142213
656,657,SO,77.16B,23.22,17.82,3.18,2.65,2.56,73.27,-,45.50%,11.83%,41.60%,7.30%,4.90%,71.76,1.41%,9344807
657,658,SONY,125.58B,18.12,14.78,3.07,1.53,2.34,9.17,-,7.60%,8.40%,14.80%,5.90%,6.20%,97.57,-2.11%,777968
658,659,SPG,36.27B,17.08,17.14,1.99,6.78,12.45,31.39,43.67,-4.70%,7.99%,0.90%,8.60%,-0.90%,112.79,1.69%,3045164
659,660,SPGI,128.31B,46.52,27.34,3.48,10.74,3.50,-,73.49,-18.50%,15.26%,9.90%,13.35%,13.00%,395.21,-1.19%,1881802
660,661,SPLK,18.30B,-,28.33,-,4.9,-,7.43,23.58,79.30%,16.96%,-4.70%,22.10%,22.80%,108.02,-2.23%,2884860
661,662,SPOT,29.43B,-,-,-,2.22,12.08,7.82,512.80,17.70%,87.00%,22.80%,-,23.50%,159.99,5.13%,3530028
662,663,SQ,40.04B,-,27.85,-,2.16,2.30,6.58,506.81,-381.80%,41.55%,-41.20%,39.62%,51.30%,66.51,0.48%,12225184
663,664,SQM,19.37B,5.34,7.73,-,1.77,3.80,6.82,-,567.20%,-16.80%,53.10%,-12.60%,37.80%,72.16,0.22%,1638035
664,665,SRE,46.75B,19.11,15.44,4.62,2.72,1.74,87.55,-,65.20%,6.14%,13.00%,4.14%,8.50%,148.2,-0.26%,2258696
665,666,SRPT,12.26B,-,38.67,-,12.56,16.14,6.51,-,-55.90%,136.10%,-56.30%,-,43.30%,130.44,-0.89%,1550736
666,667,SSNC,15.00B,25.80,11.20,3.28,2.8,2.48,34.61,19.30,-17.10%,12.35%,16.90%,7.87%,25.80%,60.12,-0.13%,2023954
667,668,STE,21.06B,205.99,22.44,20.60,4.25,3.48,101.08,99.64,-57.00%,9.89%,-19.60%,10.00%,13.60%,213.61,0.04%,1057938
668,669,STLA,54.23B,3.00,-,0.84,0.3,0.76,-,-,-,-,40.74%,3.59%,-,17.34,1.05%,4579144
669,670,STLD,17.91B,5.46,9.45,0.19,0.83,2.11,7.72,5.68,34.50%,-32.19%,51.50%,28.06%,18.50%,102.53,-3.24%,7401493
670,671,STM,45.37B,11.10,11.93,2.22,2.7,3.42,10.04,28.68,93.50%,-1.60%,38.10%,5.00%,14.10%,49.99,0.28%,5019370
671,672,STT,24.95B,10.33,8.51,1.57,4.46,1.10,0.21,8.73,0.00%,10.82%,4.20%,6.56%,7.30%,73.77,-1.18%,7079859
672,673,STX,13.70B,-,26.63,-,1.63,-,17.88,-,37.30%,1328.99%,23.30%,-7.71%,1.60%,64.3,-2.78%,4022708
673,674,STZ,45.66B,-,18.63,-,4.83,6.05,342.03,40.27,-74.00%,14.00%,-15.30%,9.76%,4.50%,246.03,-1.27%,1503044
674,675,SU,39.61B,6.68,5.03,-,0.92,1.33,46.43,12.89,136.10%,5.91%,19.50%,-5.54%,12.80%,30.14,-0.33%,4200323
675,676,SUI,16.66B,77.78,45.69,25.93,5.42,2.08,222.72,-,-40.40%,18.32%,18.40%,3.00%,24.80%,134.87,0.72%,1109954
676,677,SUZ,13.27B,3.36,7.70,0.33,0.26,0.34,-,-,-66.80%,15.00%,-,10.30%,-,10.01,0.10%,5564275
677,678,SWAV,10.85B,46.50,59.70,13.64,19.47,18.79,26.03,89.80,-31.40%,25.95%,47.60%,3.41%,209.70%,294.37,-0.60%,557938
678,679,SWK,14.01B,-,18.23,-,0.85,1.43,36.14,-,-88.70%,412.86%,-33.60%,20.22%,5.50%,90.9,-0.63%,2677182
679,680,SWKS,17.44B,15.79,11.91,1.05,3.4,3.03,16.43,20.50,-13.00%,10.00%,7.60%,15.00%,8.50%,109.26,-0.28%,3652068
680,681,SYF,14.33B,5.79,6.21,-,0.8,1.15,0.94,2.12,-16.20%,8.17%,18.60%,-3.62%,0.90%,32.9,-1.61%,8459772
681,682,SYK,112.23B,42.83,26.24,4.71,5.92,6.60,63.88,93.99,18.30%,10.50%,4.80%,9.09%,8.20%,294.35,-0.44%,2429656
682,683,SYM,27.02B,-,326.24,-,30.25,1280.50,58.42,1098.27,95.60%,147.10%,-,-,-,51.22,5.30%,1929486
683,684,SYY,37.19B,24.26,16.39,1.55,0.49,23.67,49.07,52.75,159.00%,11.98%,4.90%,15.70%,4.40%,73.39,-0.01%,4396581
684,685,T,114.60B,-,6.49,-,0.95,1.16,40.62,20.82,-139.30%,2.11%,-22.90%,-0.64%,-5.50%,16.06,0.19%,64091844
685,686,TAK,51.25B,22.29,-,278.57,1.78,1.10,12.98,-,38.40%,-,-3.20%,0.08%,17.90%,16.09,-0.37%,3243622
686,687,TAP,13.52B,-,14.48,-,1.25,1.13,41.19,19.61,-117.50%,3.20%,-16.80%,2.40%,-0.60%,66.28,-0.48%,2521434
687,688,TCOM,24.60B,30.03,17.22,-,6.97,1.44,3.65,-,346.20%,19.40%,-8.70%,-,-5.50%,36.0,0.39%,4066634
688,689,TD,111.02B,10.22,7.10,1.66,2.34,1.41,0.2,-,22.70%,3.49%,11.50%,6.15%,6.60%,61.16,0.30%,1978473
689,690,TDG,45.30B,49.04,27.91,1.95,7.68,-,13.25,-,28.80%,21.94%,9.60%,25.10%,9.20%,815.89,-1.06%,402828
690,691,TDY,19.24B,25.71,19.64,4.29,3.49,2.28,28.92,23.74,64.50%,8.16%,20.90%,5.99%,16.00%,406.43,-0.63%,371773
691,692,TEAM,46.82B,-,82.20,-,13.95,78.33,23.62,60.07,13.10%,21.45%,27.37%,23.70%,34.90%,177.8,-2.41%,2681970
692,693,TECH,12.06B,46.97,32.60,4.43,10.73,6.54,76.73,66.09,91.20%,21.01%,26.70%,10.60%,14.50%,78.49,2.45%,2738282
693,694,TECK,22.47B,8.02,6.25,-,1.85,1.08,13.12,-,32.00%,-3.81%,11.80%,-5.47%,7.80%,41.96,-3.05%,5793344
694,695,TEF,23.00B,14.51,-,0.72,0.52,0.83,2.19,4.00,-77.20%,-,-8.80%,20.20%,-5.10%,3.86,-3.26%,8259581
695,696,TEL,42.05B,20.48,18.06,1.86,2.55,3.89,46.46,34.05,10.30%,15.15%,11.70%,11.00%,6.00%,135.65,1.66%,3289220
696,697,TER,17.07B,29.23,23.77,3.23,5.66,7.07,23.0,47.40,-23.70%,67.76%,14.00%,9.05%,8.10%,111.06,0.88%,3380416
697,698,TFC,42.91B,7.10,7.45,-,2.25,0.76,0.94,5.52,-1.00%,-0.02%,10.50%,-0.29%,17.70%,31.9,-0.99%,21743230
698,699,TFII,12.04B,9.21,12.85,0.47,1.08,2.75,66.8,12.93,14.00%,18.86%,59.20%,19.39%,12.70%,106.25,0.09%,497704
699,700,TFX,11.69B,32.89,17.26,3.16,4.09,2.88,44.25,54.99,-25.00%,9.78%,6.30%,10.40%,5.40%,252.4,1.45%,443037
700,701,TGT,63.62B,22.76,13.10,-,0.58,5.31,48.16,-,-57.60%,23.45%,5.10%,-7.51%,8.50%,133.81,-2.92%,9828359
701,702,TJX,93.64B,25.05,20.66,2.12,1.86,14.59,18.63,36.19,10.00%,10.35%,8.80%,11.80%,6.80%,81.26,-0.27%,8389040
702,703,TLK,26.32B,19.50,-,1.87,-,4.17,-,-,-,-,3.96%,10.40%,-,26.71,-1.37%,191206
703,704,TM,270.25B,12.85,-,0.92,1.02,1.1,4.11,-,-12.50%,-,1.50%,13.90%,4.80%,164.35,-2.28%,420417
704,705,TME,14.29B,21.64,13.84,1.56,3.55,1.75,4.97,14.88,26.20%,7.40%,22.90%,13.91%,20.90%,8.03,-3.60%,12469524
705,706,TMO,206.40B,35.00,20.23,4.09,4.71,4.91,-,40.07,-9.30%,12.02%,23.60%,8.57%,16.50%,537.3,0.41%,3423931
706,707,TMUS,159.30B,39.19,13.61,0.60,2.01,2.39,35.09,56.17,-3.80%,34.89%,-2.40%,65.36%,14.40%,130.93,-1.38%,13010625
707,708,TOST,12.22B,-,-,-,4.05,10.34,12.86,-,44.00%,23.60%,-,-,-,21.71,-5.73%,10594518
708,709,TPL,10.47B,24.10,22.22,1.20,15.72,12.61,17.74,55.99,65.90%,25.58%,36.10%,20.03%,34.00%,1358.6,-0.26%,61981
709,710,TPR,10.07B,11.81,10.21,0.81,1.51,4.49,15.45,27.41,21.40%,9.12%,8.70%,14.55%,8.30%,43.37,-0.16%,3637112
710,711,TRGP,16.25B,18.61,11.14,0.58,0.79,6.37,76.74,16.38,22.40%,35.60%,34.60%,32.20%,18.90%,71.79,-0.17%,2758195
711,712,TRI,60.44B,55.90,34.94,3.50,9.03,4.97,35.76,122.34,-75.10%,12.41%,41.30%,15.95%,4.60%,129.79,1.10%,477517
712,713,TRMB,13.11B,28.06,18.05,2.81,3.64,3.07,12.63,31.84,-7.20%,11.80%,64.60%,10.00%,6.80%,52.67,-0.47%,1927766
713,714,TROW,25.76B,18.73,16.33,-,4.18,2.83,12.30,62.23,-48.90%,4.17%,1.40%,-8.30%,6.00%,114.18,-0.44%,2841191
714,715,TRP,41.93B,33.41,9.52,-,3.60,1.71,12.37,-,-65.50%,0.19%,-23.80%,-1.01%,2.20%,40.59,-1.53%,3513223
715,716,TRU,14.70B,56.96,17.89,5.51,3.94,3.44,33.28,-,-29.10%,18.09%,-1.40%,10.33%,13.90%,75.47,-0.80%,2190130
716,717,TRV,40.65B,15.06,10.35,1.39,1.07,1.78,52.99,7.62,-18.80%,16.49%,8.60%,10.80%,5.00%,176.75,0.44%,2317854
717,718,TS,16.65B,5.25,5.65,-,1.23,1.11,8.57,11.21,132.10%,-11.50%,42.30%,-1.60%,17.30%,28.25,-0.88%,2825215
718,719,TSCO,24.18B,22.53,18.95,2.45,1.67,12.58,127.20,306.09,12.80%,10.02%,23.80%,9.21%,14.40%,218.93,-0.80%,1558121
719,720,TSLA,811.08B,76.70,53.68,7.19,9.43,17.16,36.21,140.37,121.70%,40.33%,39.90%,10.66%,47.30%,260.54,1.81%,167208920
720,721,TSM,498.66B,16.29,16.29,0.76,6.7,5.40,9.47,-,70.40%,24.70%,24.30%,21.50%,18.30%,104.57,-0.58%,11421795
721,722,TSN,17.86B,12.06,14.21,1.61,0.33,0.92,32.88,-,6.90%,120.05%,13.20%,7.50%,6.80%,50.39,0.36%,4114947
722,723,TT,42.25B,23.97,20.2,2.17,2.59,7.11,60.97,54.72,27.00%,9.38%,8.40%,11.05%,2.40%,187.06,0.98%,2099893
723,724,TTC,10.15B,19.88,18.56,1.95,2.11,6.53,67.09,-,11.10%,10.29%,11.80%,10.20%,12.50%,97.43,-0.27%,1315737
724,725,TTD,37.77B,534.48,51.82,22.27,22.96,19.30,28.39,75.91,-61.40%,21.00%,-1.80%,24.00%,38.60%,76.43,-1.09%,2921283
725,726,TTE,146.97B,7.11,5.97,-,0.57,1.23,4.14,8.27,32.70%,-11.10%,18.70%,-11.00%,12.00%,58.04,-1.17%,1517747
726,727,TTWO,23.23B,-,17.66,-,4.34,2.58,22.9,-,-296.50%,133.97%,-44.40%,47.96%,24.40%,138.64,1.05%,2375485
727,728,TU,27.43B,25.13,15.31,3.29,1.91,2.23,41.35,-,-6.00%,19.74%,-2.60%,7.63%,6.60%,19.5,1.30%,2264683
728,729,TW,15.07B,47.26,29.1,3.57,12.49,2.94,11.9,-,35.50%,13.43%,30.90%,13.24%,18.70%,70.79,-0.59%,1337179
729,730,TWLO,12.52B,-,36.27,-,3.16,1.22,3.17,-,-25.90%,31.34%,-57.90%,-,57.20%,67.65,-0.62%,3283058
730,731,TXN,161.64B,19.83,21.86,1.98,8.29,10.52,16.93,3942.52,13.80%,8.60%,20.80%,10.00%,6.00%,176.76,-0.75%,10168802
731,732,TXT,13.40B,16.42,11.52,1.03,1.04,1.95,7.45,13.06,21.60%,12.31%,13.50%,15.90%,-1.90%,66.64,0.32%,2970835
732,733,TYL,16.54B,107.60,45.41,10.45,8.87,6.13,103.66,46.75,1.40%,14.12%,1.20%,10.30%,17.10%,393.8,-0.20%,776887
733,734,U,15.78B,-,47.82,-,10.04,4.63,9.9,-,-57.20%,149.30%,-,-,-,42.56,2.14%,32789081
734,735,UAL,17.57B,9.34,4.93,0.13,0.36,2.63,1.02,11.94,136.60%,16.54%,-19.10%,71.52%,3.50%,53.5,-0.15%,6804471
735,736,UBER,87.75B,-,46.85,-,2.59,11.64,21.06,89.00,100.20%,6093.33%,-10.40%,23.17%,32.10%,43.52,0.37%,27938167
736,737,UBS,70.87B,10.43,8.13,1.03,4.48,1.11,0.12,-,9.20%,8.61%,17.10%,10.12%,-1.90%,20.41,-0.05%,2524973
737,738,UDR,14.16B,142.36,72.37,-,9.08,3.68,11803.73,-,-47.10%,21.95%,-10.00%,-,8.80%,43.42,0.91%,3777969
738,739,UHS,10.38B,15.79,13.04,3.07,0.76,1.74,94.32,128.56,-22.70%,11.95%,4.00%,5.13%,5.20%,148.62,0.55%,1485098
739,740,UI,11.30B,28.41,20.72,1.39,5.97,-,74.08,-,-37.30%,30.82%,14.70%,20.40%,14.30%,186.3,-0.40%,150837
740,741,UL,128.12B,15.89,-,2.30,1.95,6.91,20.32,-,28.80%,-,8.90%,6.90%,2.30%,51.93,1.07%,2911364
741,742,ULTA,22.47B,18.22,16.80,1.31,2.14,11.13,35.30,22.25,33.60%,6.14%,20.20%,13.92%,11.60%,447.91,-0.72%,1864711
742,743,UMC,22.17B,8.08,10.67,-,2.52,1.87,3.84,-,53.30%,10.80%,56.30%,-8.10%,13.30%,8.75,-1.91%,9943340
743,744,UNH,433.76B,20.97,16.35,1.61,1.29,5.26,10.35,15.47,17.10%,12.56%,17.40%,13.00%,10.00%,458.49,-1.59%,7653910
744,745,UNP,125.55B,18.09,16.62,2.01,5.01,10.03,116.36,56.78,12.70%,9.00%,13.10%,9.01%,3.20%,204.67,-0.61%,4136995
745,746,UPS,153.74B,14.43,15.09,4.68,1.55,7.68,16.36,77.92,-10.50%,10.18%,20.00%,3.08%,8.50%,178.58,-0.23%,8463807
746,747,URI,28.18B,12.93,9.45,0.86,2.27,3.92,284.61,78.27,55.80%,7.83%,31.00%,15.05%,11.90%,403.09,-1.68%,1132909
747,748,USB,51.03B,8.92,7.12,2.32,2.37,1.11,0.76,4.79,-27.70%,2.58%,4.40%,3.85%,4.60%,33.45,0.48%,30107769
748,749,UTHR,10.76B,15.5,11.40,1.60,5.43,2.08,3.76,14.90,49.10%,11.13%,6.60%,9.70%,2.30%,230.26,0.29%,658765
749,750,V,463.46B,30.57,23.40,2.09,14.96,12.83,27.93,31.54,24.50%,13.77%,20.10%,14.65%,9.80%,228.91,1.21%,13291117
750,751,VALE,65.64B,4.37,6.39,-,1.48,1.63,13.06,-,-30.50%,-8.50%,36.60%,-,15.90%,14.44,-0.21%,20756653
751,752,VEEV,32.26B,55.65,36.74,4.15,14.82,8.11,8.92,40.76,12.80%,19.09%,26.50%,13.40%,25.60%,200.05,-0.63%,1509124
752,753,VICI,32.68B,22.76,12.50,3.21,10.67,1.39,131.93,116.79,-27.70%,7.07%,48.40%,7.10%,69.20%,32.34,-0.61%,7535957
753,754,VIPS,10.32B,11.13,9.31,0.84,0.7,2.27,3.77,-,45.70%,2.10%,25.90%,13.22%,7.20%,17.79,-2.95%,6414563
754,755,VIV,15.25B,17.32,13.42,0.80,1.48,1.05,14.16,-,-34.20%,39.60%,-2.20%,21.60%,2.10%,8.99,-2.07%,4340727
755,756,VLO,41.22B,3.25,8.65,-,0.24,1.69,7.47,3.42,-25.10%,-39.55%,42.50%,-,13.40%,114.21,0.16%,9936576
756,757,VMC,27.80B,44.42,26.77,2.64,3.75,3.95,199.16,83.87,-11.90%,19.34%,14.60%,16.83%,13.50%,207.31,-0.78%,1258642
757,758,VMW,61.27B,46.68,17.84,4.31,4.53,32.42,-,13.33,-28.40%,14.36%,-3.90%,10.84%,11.20%,141.36,-0.72%,3006736
758,759,VOD,25.24B,2.01,-,0.10,0.5,0.37,1.23,-,454.60%,-,21.90%,20.90%,-0.40%,9.47,-0.11%,4151841
759,760,VRSK,32.51B,48.16,34.86,4.59,13.7,498.93,140.21,58.71,76.40%,16.88%,18.90%,10.50%,3.10%,224.52,-0.02%,4246538
760,761,VRSN,23.39B,34.32,28.01,4.29,16.22,-,23.05,27.31,-10.80%,16.59%,10.70%,8.00%,4.10%,223.69,-0.45%,1050686
761,762,VRTX,89.91B,27.71,21.74,3.36,9.76,6.20,8.63,23.11,42.30%,9.96%,65.30%,8.25%,29.10%,347.89,-0.34%,2613300
762,763,VTR,18.45B,-,124.54,-,4.41,1.80,126.92,-,-193.60%,135.67%,-15.70%,-,2.90%,46.08,-0.11%,2974702
763,764,VTRS,11.92B,6.58,3.57,-,0.75,0.59,20.28,6.81,262.60%,-2.37%,2.10%,-1.10%,6.40%,10.29,3.52%,23640566
764,765,VZ,153.19B,7.10,7.76,-,1.12,1.65,68.57,73.76,-4.90%,0.28%,9.20%,-0.26%,1.70%,36.46,0.05%,36072184
765,766,WAB,18.39B,28.84,17.31,2.40,2.13,1.85,44.10,31.87,17.10%,10.95%,2.50%,12.00%,16.60%,103.64,1.37%,2174887
766,767,WAT,15.83B,23.42,19.25,3.06,5.34,26.50,32.50,37.21,5.00%,11.25%,10.60%,7.66%,5.20%,269.2,0.41%,1648333
767,768,WBA,27.63B,-,6.89,-,0.21,1.33,15.01,-,117.60%,5.94%,5.80%,1.73%,2.30%,32.67,2.03%,16013422
768,769,WBD,31.99B,-,25.45,-,0.77,0.67,12.33,14.88,-348.50%,186.20%,-40.40%,7.50%,37.50%,12.8,-2.51%,46108592
769,770,WCN,35.39B,41.58,28.72,3.52,4.74,4.89,264.30,42.21,37.10%,13.38%,22.80%,11.80%,9.30%,137.54,0.08%,934625
770,771,WDAY,58.41B,-,34.78,-,9.03,9.69,9.23,52.13,46.70%,19.81%,2.00%,30.84%,23.70%,222.4,-0.85%,3312226
771,772,WDC,13.14B,-,-,-,0.93,1.11,5.92,-,78.70%,56.90%,28.80%,-,-0.30%,40.47,-1.48%,5538206
772,773,WDS,46.58B,5.63,-,-,2.77,1.29,-,-,-,-,6.96%,-,-,24.73,2.91%,1078992
773,774,WEC,28.89B,21.41,18.62,3.89,3.02,2.48,809.17,-,8.40%,6.60%,7.20%,5.50%,4.60%,91.43,-0.16%,1965530
774,775,WELL,39.84B,335.04,75.01,5.33,6.61,1.93,69.66,179.85,14.10%,88.73%,-3.60%,62.90%,6.30%,80.41,0.32%,11636337
775,776,WES,10.43B,9.79,8.52,2.58,3.23,3.52,92.64,29.51,38.00%,15.52%,11.80%,3.80%,6.00%,27.15,0.11%,2806118
776,777,WFC,158.94B,12.04,8.71,2.12,2.51,0.99,0.42,5.32,-36.40%,2.02%,-2.70%,5.68%,-1.70%,42.18,-0.42%,36399112
777,778,WIT,26.02B,18.46,15.57,2.05,2.36,2.68,5.32,-,-7.20%,11.10%,10.80%,9.00%,10.70%,4.67,-0.64%,3247138
778,779,WLK,14.77B,7.89,9.52,-,0.98,1.42,6.12,7.70,11.30%,8.93%,26.10%,-12.46%,14.50%,114.7,-0.85%,676610
779,780,WM,66.80B,30.18,24.41,3.57,3.35,9.89,259.92,166.17,25.60%,11.71%,-1.30%,8.46%,6.30%,165.03,0.51%,2417208
780,781,WMB,37.24B,14.41,16.74,3.90,3.23,3.17,78.07,54.44,34.60%,-2.67%,41.80%,3.70%,6.40%,30.53,-0.13%,14128112
781,782,WMG,13.86B,33.20,24.04,2.97,2.38,55.43,23.06,55.44,80.90%,50.27%,30.40%,11.16%,10.60%,27.16,1.12%,2024042
782,783,WMT,424.74B,37.49,22.70,7.00,0.68,5.79,40.16,31.75,-12.40%,9.79%,5.90%,5.36%,4.10%,155.53,-1.39%,11531691
783,784,WPC,15.03B,19.79,31.54,-,9.64,1.60,101.60,-,33.50%,-25.17%,3.70%,-,11.80%,70.34,0.13%,1728071
784,785,WPM,20.22B,32.59,31.89,6.52,20.8,2.98,25.29,36.90,-11.60%,14.95%,62.50%,5.00%,4.80%,44.87,0.43%,3414523
785,786,WPP,11.84B,14.34,-,1.39,0.64,16.38,3.72,-,16.50%,-,-13.50%,10.30%,-1.80%,56.31,0.88%,345666
786,787,WRB,15.23B,15.24,10.58,1.69,1.37,2.35,12.26,7.38,102.80%,19.92%,32.40%,9.00%,7.80%,59.28,1.51%,3783795
787,788,WSO,16.21B,23.90,24.94,5.41,2.22,6.88,114.99,67.61,43.00%,2.70%,22.90%,4.42%,10.90%,366.58,-0.17%,461141
788,789,WST,26.71B,50.16,41.48,1.84,9.26,9.72,30.14,75.20,-11.60%,13.53%,20.10%,27.20%,12.50%,362.04,0.62%,1129299
789,790,WTRG,11.01B,24.34,20.48,4.51,4.76,1.98,547.70,-,6.90%,8.70%,5.00%,5.40%,23.10%,41.43,-0.50%,2128171
790,791,WTW,24.76B,22.56,13.81,1.35,2.77,2.49,-,71.15,-43.60%,18.37%,14.80%,16.77%,1.60%,235.0,1.00%,1719948
791,792,WY,22.53B,18.28,26.98,3.66,2.52,2.26,28.26,67.44,-27.10%,38.60%,24.70%,5.00%,7.20%,31.0,0.78%,15280621
792,793,WYNN,11.90B,-,24.01,-,2.82,-,3.10,-,43.90%,126.59%,-24.10%,-,-9.20%,103.73,-0.80%,2265369
793,794,XEL,35.40B,19.77,17.74,3.24,2.26,2.09,310.52,-,7.30%,7.07%,6.60%,6.10%,6.10%,63.92,-0.62%,6368672
794,795,XM,10.95B,-,58.48,-,7.14,5.70,13.57,294.23,11.30%,41.74%,-,-,38.10%,18.07,0.11%,4475947
795,796,XOM,428.11B,7.12,11.53,-,1.08,2.17,13.11,9.84,146.40%,-7.79%,32.60%,-10.74%,10.90%,105.13,-0.72%,43103014
796,797,XP,12.25B,16.93,11.90,1.23,4.41,3.35,19.08,16.68,-0.20%,20.80%,52.80%,13.76%,47.60%,22.13,1.24%,4860742
797,798,XPEV,10.01B,-,-,-,3.04,2.02,3.01,-,-80.30%,37.10%,-,-5.74%,-,11.38,-1.81%,17459063
798,799,XYL,27.13B,55.23,31.87,2.94,4.76,5.72,32.42,119.00,-16.60%,12.02%,-1.20%,18.76%,3.20%,113.44,0.09%,3473229
799,800,YPF,10.74B,4.42,4.32,-,0.9,0.63,9.87,-,-38.60%,-3.20%,87.90%,-,58.50%,14.55,8.18%,4696623
800,801,YUM,38.99B,32.51,23.42,2.31,5.62,-,111.71,68.28,-12.40%,15.52%,-1.80%,14.10%,3.10%,138.58,-0.45%,3747820
801,802,YUMC,24.70B,39.87,22.46,1.11,2.52,3.72,8.29,27.72,-54.40%,19.95%,-5.90%,36.04%,4.30%,59.4,0.44%,2503321
802,803,Z,10.87B,-,28.81,-,5.75,2.42,-,-,-23.10%,47.30%,40.01%,-,-,46.68,-3.07%,10275926
803,804,ZBH,29.74B,67.43,18.11,9.21,4.18,2.48,90.06,44.32,-34.80%,7.09%,-12.30%,7.32%,-2.30%,144.1,1.07%,2812522
804,805,ZBRA,14.63B,35.94,15.56,9.24,2.54,5.02,172.16,52.08,-43.30%,14.81%,39.70%,3.89%,9.20%,282.4,-0.76%,636690
805,806,ZG,11.21B,-,28.58,-,5.93,2.37,3.33,-,82.80%,48.52%,10.50%,-,12.70%,45.76,-2.95%,432473
806,807,ZI,11.43B,106.85,23.06,5.63,9.88,4.66,18.55,31.02,-40.00%,16.42%,51.34%,18.96%,-,26.82,-5.56%,58345498
807,808,ZM,20.81B,-,15.98,-,4.7,3.17,3.72,19.38,-92.40%,1.81%,66.00%,-0.46%,96.10%,70.06,0.17%,4728349
808,809,ZS,23.10B,-,73.06,-,15.61,37.20,11.74,75.24,-43.40%,29.09%,-48.50%,61.87%,54.10%,154.01,-2.73%,3207002
809,810,ZTO,22.85B,21.39,15.01,1.13,4.46,2.95,8.82,12.41,43.10%,20.40%,13.50%,19.00%,22.10%,27.46,-1.79%,5890676
810,811,ZTS,79.22B,38.56,28.08,3.51,9.79,17.60,37.63,95.79,5.20%,12.53%,15.50%,11.00%,8.80%,170.74,-0.40%,3285481
